ata
2026-08-10 09:16:38 - S - STEP
2026-08-10 09:16:38 - LMU01 - LoadModulesUpdates-Step
2026-08-10 09:16:38 -  - exec CUpdateClient::LoadModulesUpdates
2026-08-10 09:16:38 -  - exec CUpdateClient::ParseServerData
2026-08-10 09:16:38 -  - loadFile
2026-08-10 09:16:38 - U - RETURN
2026-08-10 09:16:38 -  - exec CUpdateClient::UnGzipArchive
2026-08-10 09:16:38 -  - TIME UnGzipArchive 0.001 sec
2026-08-10 09:16:38 -  - TIME UpdateStepModules 0.002 sec
2026-08-10 09:16:38 - UPD_SUCCESS - Updated: sign (26.400.100)<br><li>Исправлено обновление полей в шаблонных документах на подпись.
2026-08-10 09:16:38 -  - exec CUpdateClient::LoadModulesUpdates
2026-08-10 09:16:38 -  - exec CUpdateClient::CollectRequestData
2026-08-10 09:16:38 -  - LICENSE_KEY=X&lang=ru&SUPD_VER=26.500.0&VERSION=26.300.0&TYPENC=E&SUPD_STS=1&SUPD_URS=1&SUPD_DBS=MYSQL&XE=N&CLIENT_SITE=bx.local&SERVER_NAME=192.168.1.129&CHHB=bx.local%3A443&CSAB=127.0.0.1&SUID=f7vg30ov0a7vr9lgyzcmsjo8apnwonjb&CANGZIP=Y&CLIENT_PHPVER=8.2.30&stable=Y&mbfo=0&NGINX=Y&SMD=N&rerere=Y&bitm_main=26.300.0&bitm_bizprocmobile=26.0.0&bitm_bitrixcloud=25.100.0&bitm_im=26.100.200&bitm_imconnectormobile=25.100.0&bitm_mail=26.100.200&bitm_sale=26.400.0&bitm_forum=26.100.0&bitm_support=26.0.0&bitm_learning=25.0.0&bitm_listsmobile=25.200.0&bitm_catalogmobile=26.100.0&bitm_rpa=26.0.0&bitm_abtest=26.0.0&bitm_humanresources=26.100.100&bitm_conversion=25.0.0&bitm_tasksmobile=26.200.0&bitm_crmmobile=26.0.0&bitm_pull=25.400.0&bitm_ui=26.200.200&bitm_biconnector=26.100.0&bitm_immobile=26.100.100&bitm_webservice=26.0.0&bitm_tasks=25.1000.0&bitm_intranetmobile=26.600.0&bitm_currency=26.0.0&bitm_timeman=25.800.0&bitm_calendarmobile=26.300.0&bitm_seo=26.0.0&bitm_fileman=26.0.0&bitm_callmobile=26.350.0&bitm_imbot=25.1000.0&bitm_socialservices=26.400.0&bitm_highloadblock=25.100.0&bitm_wiki=26.0.0&bitm_search=25.200.0&bitm_subscribe=25.0.0&bitm_workflow=26.0.0&bitm_iblock=25.400.0&bitm_advertising=24.200.0&bitm_crm=26.100.200&bitm_form=26.0.0&bitm_transformer=25.400.0&bitm_sender=26.200.0&bitm_lists=26.100.0&bitm_clouds=26.0.0&bitm_mobileapp=25.100.0&bitm_storeassist=24.0.0&bitm_xdimport=25.0.0&bitm_intranet=26.0.100&bitm_disk=26.500.100&bitm_calendar=25.170.100&bitm_market=26.0.100&bitm_location=26.100.100&bitm_call=26.300.200&bitm_imopenlines=26.0.0&bitm_photogallery=25.100.0&bitm_extranet=26.0.100&bitm_security=25.0.0&bitm_ai=26.500.0&bitm_dav=26.100.0&bitm_messageservice=26.0.0&bitm_signmobile=26.100.0&bitm_bizproc=26.550.500&bitm_statistic=26.0.0&bitm_landing=26.200.0&bitm_catalog=26.300.0&bitm_mobile=26.200.0&bitm_vote=26.200.0&bitm_booking=26.0.0&bitm_diskmobile=26.100.0&bitm_voximplant=26.500.0&bitm_imconnector=26.200.0&bitm_documentgenerator=26.100.0&bitm_bizprocdesigner=26.100.0&bitm_recyclebin=26.0.0&bitm_socialnetwork=25.600.0&bitm_translate=26.0.0&bitm_mailmobile=26.50.0&bitm_sign=26.400.100&bitm_controller=26.0.0&bitm_perfmon=25.300.0&bitm_blog=26.500.100&bitm_ldap=26.0.0&bitm_salescenter=26.0.0&bitm_b24connector=26.0.0&bitm_report=26.100.0&bitm_rest=26.400.200&bitm_baas=26.200.200&bitm_idea=25.0.0&bitm_meeting=26.0.0&bitm_webdav=23.200.0&bitm_xmpp=21.0.0&bitm_cluster=26.0.0&bitm_note=25.0.0&bitl_en=&bitl_ru=&SUPD_OFC=Portal%3AF%3A%2CCommunications%3AF%3A%2CEnterprise%3AF%3A&SUPD_SRS=RU&SUPD_CMP=N&SALE_15=Y&LICENSE_SIGNED=%7Enew_license24_400_sign-Y
2026-08-10 09:16:38 -  - exec CUpdateClient::GetHTTPPage
2026-08-10 09:16:39 -  - TIME LoadModulesUpdates(request) 0.202 sec
2026-08-10 09:16:39 -  - exec CUpdateClient::ParseServerData
2026-08-10 09:16:39 - S - STEP
2026-08-10 09:16:39 - LMU01 - LoadModulesUpdates-Step
2026-08-10 09:16:39 -  - exec CUpdateClient::LoadModulesUpdates
2026-08-10 09:16:39 -  - exec CUpdateClient::ParseServerData
2026-08-10 09:16:39 -  - loadFile
2026-08-10 09:16:39 - U - RETURN
2026-08-10 09:16:39 -  - exec CUpdateClient::UnGzipArchive
2026-08-10 09:16:39 -  - TIME UnGzipArchive 0.045 sec
2026-08-10 09:16:39 - CSURUS1 - Run updater '/bitrix/updates/update_m1786353399/humanresources/updater26.200.0/index.php'
2026-08-10 09:16:39 - CSURUS1 - Run updater '/bitrix/updates/update_m1786353399/humanresources/updater26.200.0/index.php'
2026-08-10 09:16:39 - CRUPDCF1 - Run updater '/bitrix/updates/update_m1786353399/humanresources/updater26.200.0/index.php': CopyFiles(install/components, components)
2026-08-10 09:16:39 - CRUPDCF1 - Run updater '/bitrix/updates/update_m1786353399/humanresources/updater26.200.0/index.php': CopyFiles(install/js, js)
2026-08-10 09:16:40 -  - TIME UpdateStepModules 0.194 sec
2026-08-10 09:16:40 - UPD_SUCCESS - Updated: humanresources (26.200.0)<br><li>Добавлены MCP-инструменты для работы со структурой. <li>Добавлен REST для структуры. <li>Улучшена интеграция с бизнес-процессами, учётом рабочего времени и мобильным приложением.
2026-08-10 09:16:40 -  - exec CUpdateClient::LoadModulesUpdates
2026-08-10 09:16:40 -  - exec CUpdateClient::CollectRequestData
2026-08-10 09:16:40 -  - LICENSE_KEY=X&lang=ru&SUPD_VER=26.500.0&VERSION=26.300.0&TYPENC=E&SUPD_STS=1&SUPD_URS=1&SUPD_DBS=MYSQL&XE=N&CLIENT_SITE=bx.local&SERVER_NAME=192.168.1.129&CHHB=bx.local%3A443&CSAB=127.0.0.1&SUID=f7vg30ov0a7vr9lgyzcmsjo8apnwonjb&CANGZIP=Y&CLIENT_PHPVER=8.2.30&stable=Y&mbfo=0&NGINX=Y&SMD=N&rerere=Y&bitm_main=26.300.0&bitm_bizprocmobile=26.0.0&bitm_bitrixcloud=25.100.0&bitm_im=26.100.200&bitm_imconnectormobile=25.100.0&bitm_mail=26.100.200&bitm_sale=26.400.0&bitm_forum=26.100.0&bitm_support=26.0.0&bitm_learning=25.0.0&bitm_listsmobile=25.200.0&bitm_catalogmobile=26.100.0&bitm_rpa=26.0.0&bitm_abtest=26.0.0&bitm_humanresources=26.200.0&bitm_conversion=25.0.0&bitm_tasksmobile=26.200.0&bitm_crmmobile=26.0.0&bitm_pull=25.400.0&bitm_ui=26.200.200&bitm_biconnector=26.100.0&bitm_immobile=26.100.100&bitm_webservice=26.0.0&bitm_tasks=25.1000.0&bitm_intranetmobile=26.600.0&bitm_currency=26.0.0&bitm_timeman=25.800.0&bitm_calendarmobile=26.300.0&bitm_seo=26.0.0&bitm_fileman=26.0.0&bitm_callmobile=26.350.0&bitm_imbot=25.1000.0&bitm_socialservices=26.400.0&bitm_highloadblock=25.100.0&bitm_wiki=26.0.0&bitm_search=25.200.0&bitm_subscribe=25.0.0&bitm_workflow=26.0.0&bitm_iblock=25.400.0&bitm_advertising=24.200.0&bitm_crm=26.100.200&bitm_form=26.0.0&bitm_transformer=25.400.0&bitm_sender=26.200.0&bitm_lists=26.100.0&bitm_clouds=26.0.0&bitm_mobileapp=25.100.0&bitm_storeassist=24.0.0&bitm_xdimport=25.0.0&bitm_intranet=26.0.100&bitm_disk=26.500.100&bitm_calendar=25.170.100&bitm_market=26.0.100&bitm_location=26.100.100&bitm_call=26.300.200&bitm_imopenlines=26.0.0&bitm_photogallery=25.100.0&bitm_extranet=26.0.100&bitm_security=25.0.0&bitm_ai=26.500.0&bitm_dav=26.100.0&bitm_messageservice=26.0.0&bitm_signmobile=26.100.0&bitm_bizproc=26.550.500&bitm_statistic=26.0.0&bitm_landing=26.200.0&bitm_catalog=26.300.0&bitm_mobile=26.200.0&bitm_vote=26.200.0&bitm_booking=26.0.0&bitm_diskmobile=26.100.0&bitm_voximplant=26.500.0&bitm_imconnector=26.200.0&bitm_documentgenerator=26.100.0&bitm_bizprocdesigner=26.100.0&bitm_recyclebin=26.0.0&bitm_socialnetwork=25.600.0&bitm_translate=26.0.0&bitm_mailmobile=26.50.0&bitm_sign=26.400.100&bitm_controller=26.0.0&bitm_perfmon=25.300.0&bitm_blog=26.500.100&bitm_ldap=26.0.0&bitm_salescenter=26.0.0&bitm_b24connector=26.0.0&bitm_report=26.100.0&bitm_rest=26.400.200&bitm_baas=26.200.200&bitm_idea=25.0.0&bitm_meeting=26.0.0&bitm_webdav=23.200.0&bitm_xmpp=21.0.0&bitm_cluster=26.0.0&bitm_note=25.0.0&bitl_en=&bitl_ru=&SUPD_OFC=Portal%3AF%3A%2CCommunications%3AF%3A%2CEnterprise%3AF%3A&SUPD_SRS=RU&SUPD_CMP=N&SALE_15=Y&LICENSE_SIGNED=%7Enew_license24_400_sign-Y
2026-08-10 09:16:40 -  - exec CUpdateClient::GetHTTPPage
2026-08-10 09:16:40 -  - TIME LoadModulesUpdates(request) 0.161 sec
2026-08-10 09:16:40 -  - exec CUpdateClient::ParseServerData
2026-08-10 09:16:40 - S - STEP
2026-08-10 09:16:40 - LMU01 - LoadModulesUpdates-Step
2026-08-10 09:16:40 -  - exec CUpdateClient::LoadModulesUpdates
2026-08-10 09:16:40 -  - exec CUpdateClient::ParseServerData
2026-08-10 09:16:40 -  - loadFile
2026-08-10 09:16:41 - U - RETURN
2026-08-10 09:16:41 -  - exec CUpdateClient::UnGzipArchive
2026-08-10 09:16:41 -  - TIME UnGzipArchive 0.024 sec
2026-08-10 09:16:41 - CSURUS1 - Run updater '/bitrix/updates/update_m1786353401/humanresources/updater26.300.0/index.php'
2026-08-10 09:16:41 - CSURUS1 - Run updater '/bitrix/updates/update_m1786353401/humanresources/updater26.300.0/index.php'
2026-08-10 09:16:41 - CRUPDCF1 - Run updater '/bitrix/updates/update_m1786353401/humanresources/updater26.300.0/index.php': CopyFiles(install/activities, activities)
2026-08-10 09:16:41 - CRUPDCF1 - Run updater '/bitrix/updates/update_m1786353401/humanresources/updater26.300.0/index.php': CopyFiles(install/js, js)
2026-08-10 09:16:41 -  - TIME UpdateStepModules 0.095 sec
2026-08-10 09:16:41 - UPD_SUCCESS - Updated: humanresources (26.300.0)<br><li>Улучшена интеграция MCP-инструментов структуры с BitrixGPT <li>Улучшена интеграция с модулем AI интеграции и модулем Бизнес-процессов
2026-08-10 09:16:41 -  - exec CUpdateClient::LoadModulesUpdates
2026-08-10 09:16:41 -  - exec CUpdateClient::CollectRequestData
2026-08-10 09:16:41 -  - LICENSE_KEY=X&lang=ru&SUPD_VER=26.500.0&VERSION=26.300.0&TYPENC=E&SUPD_STS=1&SUPD_URS=1&SUPD_DBS=MYSQL&XE=N&CLIENT_SITE=bx.local&SERVER_NAME=192.168.1.129&CHHB=bx.local%3A443&CSAB=127.0.0.1&SUID=f7vg30ov0a7vr9lgyzcmsjo8apnwonjb&CANGZIP=Y&CLIENT_PHPVER=8.2.30&stable=Y&mbfo=0&NGINX=Y&SMD=N&rerere=Y&bitm_main=26.300.0&bitm_bizprocmobile=26.0.0&bitm_bitrixcloud=25.100.0&bitm_im=26.100.200&bitm_imconnectormobile=25.100.0&bitm_mail=26.100.200&bitm_sale=26.400.0&bitm_forum=26.100.0&bitm_support=26.0.0&bitm_learning=25.0.0&bitm_listsmobile=25.200.0&bitm_catalogmobile=26.100.0&bitm_rpa=26.0.0&bitm_abtest=26.0.0&bitm_humanresources=26.300.0&bitm_conversion=25.0.0&bitm_tasksmobile=26.200.0&bitm_crmmobile=26.0.0&bitm_pull=25.400.0&bitm_ui=26.200.200&bitm_biconnector=26.100.0&bitm_immobile=26.100.100&bitm_webservice=26.0.0&bitm_tasks=25.1000.0&bitm_intranetmobile=26.600.0&bitm_currency=26.0.0&bitm_timeman=25.800.0&bitm_calendarmobile=26.300.0&bitm_seo=26.0.0&bitm_fileman=26.0.0&bitm_callmobile=26.350.0&bitm_imbot=25.1000.0&bitm_socialservices=26.400.0&bitm_highloadblock=25.100.0&bitm_wiki=26.0.0&bitm_search=25.200.0&bitm_subscribe=25.0.0&bitm_workflow=26.0.0&bitm_iblock=25.400.0&bitm_advertising=24.200.0&bitm_crm=26.100.200&bitm_form=26.0.0&bitm_transformer=25.400.0&bitm_sender=26.200.0&bitm_lists=26.100.0&bitm_clouds=26.0.0&bitm_mobileapp=25.100.0&bitm_storeassist=24.0.0&bitm_xdimport=25.0.0&bitm_intranet=26.0.100&bitm_disk=26.500.100&bitm_calendar=25.170.100&bitm_market=26.0.100&bitm_location=26.100.100&bitm_call=26.300.200&bitm_imopenlines=26.0.0&bitm_photogallery=25.100.0&bitm_extranet=26.0.100&bitm_security=25.0.0&bitm_ai=26.500.0&bitm_dav=26.100.0&bitm_messageservice=26.0.0&bitm_signmobile=26.100.0&bitm_bizproc=26.550.500&bitm_statistic=26.0.0&bitm_landing=26.200.0&bitm_catalog=26.300.0&bitm_mobile=26.200.0&bitm_vote=26.200.0&bitm_booking=26.0.0&bitm_diskmobile=26.100.0&bitm_voximplant=26.500.0&bitm_imconnector=26.200.0&bitm_documentgenerator=26.100.0&bitm_bizprocdesigner=26.100.0&bitm_recyclebin=26.0.0&bitm_socialnetwork=25.600.0&bitm_translate=26.0.0&bitm_mailmobile=26.50.0&bitm_sign=26.400.100&bitm_controller=26.0.0&bitm_perfmon=25.300.0&bitm_blog=26.500.100&bitm_ldap=26.0.0&bitm_salescenter=26.0.0&bitm_b24connector=26.0.0&bitm_report=26.100.0&bitm_rest=26.400.200&bitm_baas=26.200.200&bitm_idea=25.0.0&bitm_meeting=26.0.0&bitm_webdav=23.200.0&bitm_xmpp=21.0.0&bitm_cluster=26.0.0&bitm_note=25.0.0&bitl_en=&bitl_ru=&SUPD_OFC=Portal%3AF%3A%2CCommunications%3AF%3A%2CEnterprise%3AF%3A&SUPD_SRS=RU&SUPD_CMP=N&SALE_15=Y&LICENSE_SIGNED=%7Enew_license24_400_sign-Y
2026-08-10 09:16:41 -  - exec CUpdateClient::GetHTTPPage
2026-08-10 09:16:41 -  - TIME LoadModulesUpdates(request) 0.166 sec
2026-08-10 09:16:41 -  - exec CUpdateClient::ParseServerData
2026-08-10 09:16:41 - S - STEP
2026-08-10 09:16:41 - LMU01 - LoadModulesUpdates-Step
2026-08-10 09:16:42 -  - exec CUpdateClient::LoadModulesUpdates
2026-08-10 09:16:42 -  - exec CUpdateClient::ParseServerData
2026-08-10 09:16:42 -  - loadFile
2026-08-10 09:16:42 - U - RETURN
2026-08-10 09:16:42 -  - exec CUpdateClient::UnGzipArchive
2026-08-10 09:16:42 -  - TIME UnGzipArchive 0.028 sec
2026-08-10 09:16:42 - CSURUS1 - Run updater '/bitrix/updates/update_m1786353402/humanresources/updater26.400.0/index.php'
2026-08-10 09:16:42 - CSURUS1 - Run updater '/bitrix/updates/update_m1786353402/humanresources/updater26.400.0/index.php'
2026-08-10 09:16:42 - CRUPDCF1 - Run updater '/bitrix/updates/update_m1786353402/humanresources/updater26.400.0/index.php': CopyFiles(install/activities, activities)
2026-08-10 09:16:42 - CRUPDCF1 - Run updater '/bitrix/updates/update_m1786353402/humanresources/updater26.400.0/index.php': CopyFiles(install/js, js)
2026-08-10 09:16:43 -  - TIME UpdateStepModules 0.363 sec
2026-08-10 09:16:43 - UPD_SUCCESS - Updated: humanresources (26.400.0)<br><li>Расширен публичный API для работы со структурой.
2026-08-10 09:16:43 -  - exec CUpdateClient::LoadModulesUpdates
2026-08-10 09:16:43 -  - exec CUpdateClient::CollectRequestData
2026-08-10 09:16:43 -  - LICENSE_KEY=X&lang=ru&SUPD_VER=26.500.0&VERSION=26.300.0&TYPENC=E&SUPD_STS=1&SUPD_URS=1&SUPD_DBS=MYSQL&XE=N&CLIENT_SITE=bx.local&SERVER_NAME=192.168.1.129&CHHB=bx.local%3A443&CSAB=127.0.0.1&SUID=f7vg30ov0a7vr9lgyzcmsjo8apnwonjb&CANGZIP=Y&CLIENT_PHPVER=8.2.30&stable=Y&mbfo=0&NGINX=Y&SMD=N&rerere=Y&bitm_main=26.300.0&bitm_bizprocmobile=26.0.0&bitm_bitrixcloud=25.100.0&bitm_im=26.100.200&bitm_imconnectormobile=25.100.0&bitm_mail=26.100.200&bitm_sale=26.400.0&bitm_forum=26.100.0&bitm_support=26.0.0&bitm_learning=25.0.0&bitm_listsmobile=25.200.0&bitm_catalogmobile=26.100.0&bitm_rpa=26.0.0&bitm_abtest=26.0.0&bitm_humanresources=26.400.0&bitm_conversion=25.0.0&bitm_tasksmobile=26.200.0&bitm_crmmobile=26.0.0&bitm_pull=25.400.0&bitm_ui=26.200.200&bitm_biconnector=26.100.0&bitm_immobile=26.100.100&bitm_webservice=26.0.0&bitm_tasks=25.1000.0&bitm_intranetmobile=26.600.0&bitm_currency=26.0.0&bitm_timeman=25.800.0&bitm_calendarmobile=26.300.0&bitm_seo=26.0.0&bitm_fileman=26.0.0&bitm_callmobile=26.350.0&bitm_imbot=25.1000.0&bitm_socialservices=26.400.0&bitm_highloadblock=25.100.0&bitm_wiki=26.0.0&bitm_search=25.200.0&bitm_subscribe=25.0.0&bitm_workflow=26.0.0&bitm_iblock=25.400.0&bitm_advertising=24.200.0&bitm_crm=26.100.200&bitm_form=26.0.0&bitm_transformer=25.400.0&bitm_sender=26.200.0&bitm_lists=26.100.0&bitm_clouds=26.0.0&bitm_mobileapp=25.100.0&bitm_storeassist=24.0.0&bitm_xdimport=25.0.0&bitm_intranet=26.0.100&bitm_disk=26.500.100&bitm_calendar=25.170.100&bitm_market=26.0.100&bitm_location=26.100.100&bitm_call=26.300.200&bitm_imopenlines=26.0.0&bitm_photogallery=25.100.0&bitm_extranet=26.0.100&bitm_security=25.0.0&bitm_ai=26.500.0&bitm_dav=26.100.0&bitm_messageservice=26.0.0&bitm_signmobile=26.100.0&bitm_bizproc=26.550.500&bitm_statistic=26.0.0&bitm_landing=26.200.0&bitm_catalog=26.300.0&bitm_mobile=26.200.0&bitm_vote=26.200.0&bitm_booking=26.0.0&bitm_diskmobile=26.100.0&bitm_voximplant=26.500.0&bitm_imconnector=26.200.0&bitm_documentgenerator=26.100.0&bitm_bizprocdesigner=26.100.0&bitm_recyclebin=26.0.0&bitm_socialnetwork=25.600.0&bitm_translate=26.0.0&bitm_mailmobile=26.50.0&bitm_sign=26.400.100&bitm_controller=26.0.0&bitm_perfmon=25.300.0&bitm_blog=26.500.100&bitm_ldap=26.0.0&bitm_salescenter=26.0.0&bitm_b24connector=26.0.0&bitm_report=26.100.0&bitm_rest=26.400.200&bitm_baas=26.200.200&bitm_idea=25.0.0&bitm_meeting=26.0.0&bitm_webdav=23.200.0&bitm_xmpp=21.0.0&bitm_cluster=26.0.0&bitm_note=25.0.0&bitl_en=&bitl_ru=&SUPD_OFC=Portal%3AF%3A%2CCommunications%3AF%3A%2CEnterprise%3AF%3A&SUPD_SRS=RU&SUPD_CMP=N&SALE_15=Y&LICENSE_SIGNED=%7Enew_license24_400_sign-Y
2026-08-10 09:16:43 -  - exec CUpdateClient::GetHTTPPage
2026-08-10 09:16:43 -  - TIME LoadModulesUpdates(request) 0.263 sec
2026-08-10 09:16:43 -  - exec CUpdateClient::ParseServerData
2026-08-10 09:16:43 - S - STEP
2026-08-10 09:16:43 - LMU01 - LoadModulesUpdates-Step
2026-08-10 09:16:43 -  - exec CUpdateClient::LoadModulesUpdates
2026-08-10 09:16:43 -  - exec CUpdateClient::ParseServerData
2026-08-10 09:16:43 -  - loadFile
2026-08-10 09:16:48 - U - RETURN
2026-08-10 09:16:48 -  - exec CUpdateClient::UnGzipArchive
2026-08-10 09:16:49 -  - TIME UnGzipArchive 1.716 sec
2026-08-10 09:16:50 - CSURUS1 - Run updater '/bitrix/updates/update_m1786353408/imopenlines/updater26.100.0.php'
2026-08-10 09:16:50 - CSURUS1 - Run updater '/bitrix/updates/update_m1786353408/imopenlines/updater26.200.0.php'
2026-08-10 09:16:50 - CSURUS1 - Run updater '/bitrix/updates/update_m1786353408/imopenlines/updater26.100.0.php'
2026-08-10 09:16:50 - CRUPDCF1 - Run updater '/bitrix/updates/update_m1786353408/imopenlines/updater26.100.0.php': CopyFiles(install/components, components)
2026-08-10 09:16:50 - CSURUS1 - Run updater '/bitrix/updates/update_m1786353408/imopenlines/updater26.200.0.php'
2026-08-10 09:16:50 - CRUPDCF1 - Run updater '/bitrix/updates/update_m1786353408/imopenlines/updater26.200.0.php': CopyFiles(install/js, js)
2026-08-10 09:16:50 - CRUPDCF1 - Run updater '/bitrix/updates/update_m1786353408/imopenlines/updater26.200.0.php': CopyFiles(install/components, components)
2026-08-10 09:16:51 - CSURUS1 - Run updater '/bitrix/updates/update_m1786353408/immobile/updater26.200.0.php'
2026-08-10 09:16:51 - CSURUS1 - Run updater '/bitrix/updates/update_m1786353408/immobile/updater26.300.0.php'
2026-08-10 09:16:51 - CSURUS1 - Run updater '/bitrix/updates/update_m1786353408/immobile/updater26.200.0.php'
2026-08-10 09:16:51 - CRUPDCF1 - Run updater '/bitrix/updates/update_m1786353408/immobile/updater26.200.0.php': CopyFiles(install/mobileapp, mobileapp)
2026-08-10 09:16:51 - CSURUS1 - Run updater '/bitrix/updates/update_m1786353408/immobile/updater26.300.0.php'
2026-08-10 09:16:51 - CRUPDCF1 - Run updater '/bitrix/updates/update_m1786353408/immobile/updater26.300.0.php': CopyFiles(install/components, components)
2026-08-10 09:16:51 - CRUPDCF1 - Run updater '/bitrix/updates/update_m1786353408/immobile/updater26.300.0.php': CopyFiles(install/mobileapp, mobileapp)
2026-08-10 09:16:51 - CSURUS1 - Run updater '/bitrix/updates/update_m1786353408/imbot/updater26.0.0.php'
2026-08-10 09:16:51 - CSURUS1 - Run updater '/bitrix/updates/update_m1786353408/imbot/updater26.50.0.php'
2026-08-10 09:16:51 - CSURUS1 - Run updater '/bitrix/updates/update_m1786353408/imbot/updater26.100.0.php'
2026-08-10 09:16:51 - CSURUS1 - Run updater '/bitrix/updates/update_m1786353408/imbot/updater26.0.0.php'
2026-08-10 09:16:51 - CRUPDCF1 - Run updater '/bitrix/updates/update_m1786353408/imbot/updater26.0.0.php': CopyFiles(install/activities, activities)
2026-08-10 09:16:51 - CSURUS1 - Run updater '/bitrix/updates/update_m1786353408/imbot/updater26.50.0.php'
2026-08-10 09:16:51 - CSURUS1 - Run updater '/bitrix/updates/update_m1786353408/imbot/updater26.100.0.php'
2026-08-10 09:16:51 - CRUPDCF1 - Run updater '/bitrix/updates/update_m1786353408/imbot/updater26.100.0.php': CopyFiles(install/activities, activities)
2026-08-10 09:16:51 - CSURUS1 - Run updater '/bitrix/updates/update_m1786353408/im/updater26.200.0.php'
2026-08-10 09:16:51 - CSURUS1 - Run updater '/bitrix/updates/update_m1786353408/im/updater26.250.0.php'
2026-08-10 09:16:51 - CSURUS1 - Run updater '/bitrix/updates/update_m1786353408/im/updater26.274.0.php'
2026-08-10 09:16:51 - CSURUS1 - Run updater '/bitrix/updates/update_m1786353408/im/updater26.300.0.php'
2026-08-10 09:16:51 - CSURUS1 - Run updater '/bitrix/updates/update_m1786353408/im/updater26.200.0.php'
2026-08-10 09:16:51 - CRUPDCF1 - Run updater '/bitrix/updates/update_m1786353408/im/updater26.200.0.php': CopyFiles(install/js, js)
2026-08-10 09:16:51 - CSURUS1 - Run updater '/bitrix/updates/update_m1786353408/im/updater26.250.0.php'
2026-08-10 09:16:51 - CRUPDCF1 - Run updater '/bitrix/updates/update_m1786353408/im/updater26.250.0.php': CopyFiles(install/js, js)
2026-08-10 09:16:52 - CRUPDCDF2 - Run updater '/bitrix/updates/update_m1786353408/im/updater26.250.0.php': Query(ALTER TABLE b_im_bot ADD COLUMN EVENT_MODE VARCHAR(10) NOT NULL DEFAULT 'WEBHOOK';, )
2026-08-10 09:16:52 - CRUPDCDF2 - Run updater '/bitrix/updates/update_m1786353408/im/updater26.250.0.php': Query(ALTER TABLE b_im_status ADD COLUMN EVENT_LOG CHAR(1) NOT NULL DEFAULT 'N';, )
2026-08-10 09:16:52 - CRUPDCDF2 - Run updater '/bitrix/updates/update_m1786353408/im/updater26.250.0.php': Query(
				CREATE TABLE IF NOT EXISTS b_im_event_log (
					ID BIGINT NOT NULL AUTO_INCREMENT,
					USER_ID INT NOT NULL,
					EVENT_TYPE VARCHAR(50) NOT NULL,
					EVENT_DATA LONGTEXT NOT NULL,
					DATE_CREATE DATETIME NOT NULL DEFAULT CURRENT_TIMESTAMP,
					PRIMARY KEY (ID),
					INDEX IX_B_IM_EVENT_LOG_1 (USER_ID),
					INDEX IX_B_IM_EVENT_LOG_2 (DATE_CREATE)
				);
			, )
2026-08-10 09:16:52 - CSURUS1 - Run updater '/bitrix/updates/update_m1786353408/im/updater26.274.0.php'
2026-08-10 09:16:52 - CSURUS1 - Run updater '/bitrix/updates/update_m1786353408/im/updater26.300.0.php'
2026-08-10 09:16:52 - CRUPDCF1 - Run updater '/bitrix/updates/update_m1786353408/im/updater26.300.0.php': CopyFiles(install/js, js)
2026-08-10 09:16:52 - CRUPDCF1 - Run updater '/bitrix/updates/update_m1786353408/im/updater26.300.0.php': CopyFiles(install/activities, activities)
2026-08-10 09:16:53 - CSURUS1 - Run updater '/bitrix/updates/update_m1786353408/security/updater26.0.0.php'
2026-08-10 09:16:53 - CSURUS1 - Run updater '/bitrix/updates/update_m1786353408/security/updater26.0.0.php'
2026-08-10 09:16:53 - CRUPDCF1 - Run updater '/bitrix/updates/update_m1786353408/security/updater26.0.0.php': CopyFiles(install/components, components)
2026-08-10 09:16:53 - CSURUS1 - Run updater '/bitrix/updates/update_m1786353408/intranet/updater26.100.0.php'
2026-08-10 09:16:53 - CSURUS1 - Run updater '/bitrix/updates/update_m1786353408/intranet/updater26.100.50.php'
2026-08-10 09:16:53 - CSURUS1 - Run updater '/bitrix/updates/update_m1786353408/intranet/updater26.100.100.php'
2026-08-10 09:16:53 - CSURUS1 - Run updater '/bitrix/updates/update_m1786353408/intranet/updater26.200.0.php'
2026-08-10 09:16:53 - CSURUS1 - Run updater '/bitrix/updates/update_m1786353408/intranet/updater26.100.0.php'
2026-08-10 09:16:53 - CRUPDCF1 - Run updater '/bitrix/updates/update_m1786353408/intranet/updater26.100.0.php': CopyFiles(install/components, components)
2026-08-10 09:16:53 - CRUPDCF1 - Run updater '/bitrix/updates/update_m1786353408/intranet/updater26.100.0.php': CopyFiles(install/js, js)
2026-08-10 09:16:53 - CRUPDCF1 - Run updater '/bitrix/updates/update_m1786353408/intranet/updater26.100.0.php': CopyFiles(install/routes, routes)
2026-08-10 09:16:53 - CRUPDCF1 - Run updater '/bitrix/updates/update_m1786353408/intranet/updater26.100.0.php': CopyFiles(install/wizards/bitrix/portal, wizards/bitrix/portal)
2026-08-10 09:16:53 - CRUPDCF1 - Run updater '/bitrix/updates/update_m1786353408/intranet/updater26.100.0.php': CopyFiles(install/wizards/bitrix/portal_clear, wizards/bitrix/portal_clear)
2026-08-10 09:16:53 - CRUPDCF1 - Run updater '/bitrix/updates/update_m1786353408/intranet/updater26.100.0.php': CopyFiles(install/templates/bitrix24, templates/bitrix24)
2026-08-10 09:16:53 - CRUPDCF1 - Run updater '/bitrix/updates/update_m1786353408/intranet/updater26.100.0.php': CopyFiles(install/templates/login, templates/login)
2026-08-10 09:16:53 - CSURUS1 - Run updater '/bitrix/updates/update_m1786353408/intranet/updater26.100.50.php'
2026-08-10 09:16:53 - CRUPDCF1 - Run updater '/bitrix/updates/update_m1786353408/intranet/updater26.100.50.php': CopyFiles(install/components, components)
2026-08-10 09:16:53 - CRUPDCF1 - Run updater '/bitrix/updates/update_m1786353408/intranet/updater26.100.50.php': CopyFiles(install/routes, routes)
2026-08-10 09:16:53 - CRUPDCF1 - Run updater '/bitrix/updates/update_m1786353408/intranet/updater26.100.50.php': CopyFiles(install/templates/bitrix24, templates/bitrix24)
2026-08-10 09:16:53 - CRUPDCF1 - Run updater '/bitrix/updates/update_m1786353408/intranet/updater26.100.50.php': CopyFiles(install/templates/login, templates/login)
2026-08-10 09:16:53 - CSURUS1 - Run updater '/bitrix/updates/update_m1786353408/intranet/updater26.100.100.php'
2026-08-10 09:16:53 - CRUPDCF1 - Run updater '/bitrix/updates/update_m1786353408/intranet/updater26.100.100.php': CopyFiles(install/components, components)
2026-08-10 09:16:53 - CRUPDCF1 - Run updater '/bitrix/updates/update_m1786353408/intranet/updater26.100.100.php': CopyFiles(install/routes, routes)
2026-08-10 09:16:53 - CRUPDCF1 - Run updater '/bitrix/updates/update_m1786353408/intranet/updater26.100.100.php': CopyFiles(install/templates/bitrix24, templates/bitrix24)
2026-08-10 09:16:53 - CRUPDCF1 - Run updater '/bitrix/updates/update_m1786353408/intranet/updater26.100.100.php': CopyFiles(install/templates/login, templates/login)
2026-08-10 09:16:53 - CRUPDCF1 - Run updater '/bitrix/updates/update_m1786353408/intranet/updater26.100.100.php': CopyFiles(install/templates/bitrix24, templates/bitrix24)
2026-08-10 09:16:53 - CRUPDCF1 - Run updater '/bitrix/updates/update_m1786353408/intranet/updater26.100.100.php': CopyFiles(install/templates/login, templates/login)
2026-08-10 09:16:53 - CSURUS1 - Run updater '/bitrix/updates/update_m1786353408/intranet/updater26.200.0.php'
2026-08-10 09:16:53 - CRUPDCF1 - Run updater '/bitrix/updates/update_m1786353408/intranet/updater26.200.0.php': CopyFiles(install/components, components)
2026-08-10 09:16:53 - CRUPDCF1 - Run updater '/bitrix/updates/update_m1786353408/intranet/updater26.200.0.php': CopyFiles(install/js, js)
2026-08-10 09:16:54 - CRUPDCF1 - Run updater '/bitrix/updates/update_m1786353408/intranet/updater26.200.0.php': CopyFiles(install/routes, routes)
2026-08-10 09:16:54 - CRUPDCF1 - Run updater '/bitrix/updates/update_m1786353408/intranet/updater26.200.0.php': CopyFiles(install/templates/bitrix24, templates/bitrix24)
2026-08-10 09:16:54 - CRUPDCF1 - Run updater '/bitrix/updates/update_m1786353408/intranet/updater26.200.0.php': CopyFiles(install/templates/login, templates/login)
2026-08-10 09:16:54 - CRUPDCF1 - Run updater '/bitrix/updates/update_m1786353408/intranet/updater26.200.0.php': CopyFiles(install/templates/bitrix24, templates/bitrix24)
2026-08-10 09:16:54 - CRUPDCF1 - Run updater '/bitrix/updates/update_m1786353408/intranet/updater26.200.0.php': CopyFiles(install/templates/login, templates/login)
2026-08-10 09:16:54 - CSURUS1 - Run updater '/bitrix/updates/update_m1786353408/landing/updater26.300.0.php'
2026-08-10 09:16:54 - CSURUS1 - Run updater '/bitrix/updates/update_m1786353408/landing/updater26.300.0.php'
2026-08-10 09:16:54 - CRUPDCF1 - Run updater '/bitrix/updates/update_m1786353408/landing/updater26.300.0.php': CopyFiles(install/components, components)
2026-08-10 09:16:54 - CRUPDCF1 - Run updater '/bitrix/updates/update_m1786353408/landing/updater26.300.0.php': CopyFiles(install/js, js)
2026-08-10 09:16:54 - CRUPDCF1 - Run updater '/bitrix/updates/update_m1786353408/landing/updater26.300.0.php': CopyFiles(install/blocks, blocks)
2026-08-10 09:16:54 - CRUPDCDF2 - Run updater '/bitrix/updates/update_m1786353408/landing/updater26.300.0.php': Query(
				create table if not exists b_landing_vibe
				(
					ID int not null auto_increment,
					MODULE_ID varchar(255) not null,
					EMBED_ID varchar(255) not null,
					PROVIDER_CLASS varchar(255) not null,
					SITE_ID int not null,
					STATUS char(1) not null,
					PRIMARY KEY (ID),
					INDEX IX_LANDING_VIBE_MODULE_ID_EMBED_ID (MODULE_ID, EMBED_ID),
					INDEX IX_LANDING_VIBE_SITE_ID (SITE_ID)
				);
			, )
2026-08-10 09:16:55 - CSURUS1 - Run updater '/bitrix/updates/update_m1786353408/biconnector/updater26.200.0/index.php'
2026-08-10 09:16:55 - CSURUS1 - Run updater '/bitrix/updates/update_m1786353408/biconnector/updater26.200.0/index.php'
2026-08-10 09:16:55 - CRUPDCF1 - Run updater '/bitrix/updates/update_m1786353408/biconnector/updater26.200.0/index.php': CopyFiles(install/components, components)
2026-08-10 09:16:55 - CRUPDCF1 - Run updater '/bitrix/updates/update_m1786353408/biconnector/updater26.200.0/index.php': CopyFiles(install/images, images)
2026-08-10 09:16:55 - CRUPDCF1 - Run updater '/bitrix/updates/update_m1786353408/biconnector/updater26.200.0/index.php': CopyFiles(install/js, js)
2026-08-10 09:16:55 - CRUPDCF1 - Run updater '/bitrix/updates/update_m1786353408/biconnector/updater26.200.0/index.php': CopyFiles(install/public/bitrix/tools, tools)
2026-08-10 09:16:55 - CSURUS1 - Run updater '/bitrix/updates/update_m1786353408/extranet/updater26.100.0.php'
2026-08-10 09:16:55 - CSURUS1 - Run updater '/bitrix/updates/update_m1786353408/extranet/updater26.100.0.php'
2026-08-10 09:16:55 - CRUPDCF1 - Run updater '/bitrix/updates/update_m1786353408/extranet/updater26.100.0.php': CopyFiles(install/wizards, wizards)
2026-08-10 09:16:55 - CRUPDCF1 - Run updater '/bitrix/updates/update_m1786353408/extranet/updater26.100.0.php': CopyFiles(install/routes, routes)
2026-08-10 09:16:55 - CSURUS1 - Run updater '/bitrix/updates/update_m1786353408/tasks/updater26.0.0.php'
2026-08-10 09:16:55 - CSURUS1 - Run updater '/bitrix/updates/update_m1786353408/tasks/updater26.100.0.php'
2026-08-10 09:16:55 - CSURUS1 - Run updater '/bitrix/updates/update_m1786353408/tasks/updater26.0.0.php'
2026-08-10 09:16:55 - CRUPDCDF2 - Run updater '/bitrix/updates/update_m1786353408/tasks/updater26.0.0.php': Query(CREATE TABLE IF NOT EXISTS b_tasks_template_parameter (
			ID int not null auto_increment,
			TEMPLATE_ID int not null,
			CODE int not null,
			VALUE varchar(10) default null,
			PRIMARY KEY (ID),
			UNIQUE INDEX ix_tasks_template_parameter_unique (TEMPLATE_ID, CODE, VALUE)
		), )
2026-08-10 09:16:55 - CRUPDCDF2 - Run updater '/bitrix/updates/update_m1786353408/tasks/updater26.0.0.php': Query(create table if not exists b_tasks_task_access_request (
		TASK_ID int not null,
		USER_ID int not null,
		CREATED_DATE datetime default now(),

		primary key (TASK_ID, USER_ID),
		index ix_b_tasks_task_access_request_created_date (CREATED_DATE)
		), )
2026-08-10 09:16:55 - CRUPDCF1 - Run updater '/bitrix/updates/update_m1786353408/tasks/updater26.0.0.php': CopyFiles(install/activities, activities)
2026-08-10 09:16:55 - CRUPDCF1 - Run updater '/bitrix/updates/update_m1786353408/tasks/updater26.0.0.php': CopyFiles(install/components, components)
2026-08-10 09:16:55 - CRUPDCF1 - Run updater '/bitrix/updates/update_m1786353408/tasks/updater26.0.0.php': CopyFiles(install/js, js)
2026-08-10 09:16:55 - CRUPDCF1 - Run updater '/bitrix/updates/update_m1786353408/tasks/updater26.0.0.php': CopyFiles(install/public/js, js)
2026-08-10 09:16:55 - CSURUS1 - Run updater '/bitrix/updates/update_m1786353408/tasks/updater26.100.0.php'
2026-08-10 09:16:55 - CRUPDCF1 - Run updater '/bitrix/updates/update_m1786353408/tasks/updater26.100.0.php': CopyFiles(install/components, components)
2026-08-10 09:16:55 - CRUPDCF1 - Run updater '/bitrix/updates/update_m1786353408/tasks/updater26.100.0.php': CopyFiles(install/activities, activities)
2026-08-10 09:16:56 - CRUPDCF1 - Run updater '/bitrix/updates/update_m1786353408/tasks/updater26.100.0.php': CopyFiles(install/images, images)
2026-08-10 09:16:56 - CRUPDCF1 - Run updater '/bitrix/updates/update_m1786353408/tasks/updater26.100.0.php': CopyFiles(install/js, js)
2026-08-10 09:16:56 - CRUPDCF1 - Run updater '/bitrix/updates/update_m1786353408/tasks/updater26.100.0.php': CopyFiles(install/public/js, js)
2026-08-10 09:16:57 - CSURUS1 - Run updater '/bitrix/updates/update_m1786353408/bizprocdesigner/updater26.200.0.php'
2026-08-10 09:16:57 - CSURUS1 - Run updater '/bitrix/updates/update_m1786353408/bizprocdesigner/updater26.250.0.php'
2026-08-10 09:16:57 - CSURUS1 - Run updater '/bitrix/updates/update_m1786353408/bizprocdesigner/updater26.300.0.php'
2026-08-10 09:16:57 - CSURUS1 - Run updater '/bitrix/updates/update_m1786353408/bizprocdesigner/updater26.200.0.php'
2026-08-10 09:16:57 - CRUPDCF1 - Run updater '/bitrix/updates/update_m1786353408/bizprocdesigner/updater26.200.0.php': CopyFiles(install/components, components)
2026-08-10 09:16:57 - CRUPDCF1 - Run updater '/bitrix/updates/update_m1786353408/bizprocdesigner/updater26.200.0.php': CopyFiles(install/js, js)
2026-08-10 09:16:57 - CSURUS1 - Run updater '/bitrix/updates/update_m1786353408/bizprocdesigner/updater26.250.0.php'
2026-08-10 09:16:57 - CRUPDCF1 - Run updater '/bitrix/updates/update_m1786353408/bizprocdesigner/updater26.250.0.php': CopyFiles(install/activities, activities)
2026-08-10 09:16:57 - CRUPDCF1 - Run updater '/bitrix/updates/update_m1786353408/bizprocdesigner/updater26.250.0.php': CopyFiles(install/components, components)
2026-08-10 09:16:57 - CRUPDCF1 - Run updater '/bitrix/updates/update_m1786353408/bizprocdesigner/updater26.250.0.php': CopyFiles(install/js, js)
2026-08-10 09:16:57 - CSURUS1 - Run updater '/bitrix/updates/update_m1786353408/bizprocdesigner/updater26.300.0.php'
2026-08-10 09:16:57 - CRUPDCF1 - Run updater '/bitrix/updates/update_m1786353408/bizprocdesigner/updater26.300.0.php': CopyFiles(install/components, components)
2026-08-10 09:16:57 - CRUPDCF1 - Run updater '/bitrix/updates/update_m1786353408/bizprocdesigner/updater26.300.0.php': CopyFiles(install/js, js)
2026-08-10 09:16:57 - CRUPDCF1 - Run updater '/bitrix/updates/update_m1786353408/bizprocdesigner/updater26.300.0.php': CopyFiles(install/tools, tools)
2026-08-10 09:16:57 - CSURUS1 - Run updater '/bitrix/updates/update_m1786353408/bizproc/updater26.600.0.php'
2026-08-10 09:16:57 - CSURUS1 - Run updater '/bitrix/updates/update_m1786353408/bizproc/updater26.650.0.php'
2026-08-10 09:16:57 - CSURUS1 - Run updater '/bitrix/updates/update_m1786353408/bizproc/updater26.700.0.php'
2026-08-10 09:16:57 - CSURUS1 - Run updater '/bitrix/updates/update_m1786353408/bizproc/updater26.600.0.php'
2026-08-10 09:16:58 - CRUPDCDF2 - Run updater '/bitrix/updates/update_m1786353408/bizproc/updater26.600.0.php': Query(	CREATE TABLE b_bp_debug
	(
		ID          bigint       NOT NULL auto_increment,
		USER_ID     int          NOT NULL,
		TEMPLATE_ID int          NOT NULL,
		MODULE_ID   varchar(32)  NULL,
		ENTITY      varchar(64)  NULL,
		DOCUMENT_ID varchar(128) NULL,
		ENABLED     char(1)      NOT NULL DEFAULT 'Y',
		CREATED_AT  datetime     NOT NULL DEFAULT CURRENT_TIMESTAMP,
		UPDATED_AT  datetime     NOT NULL DEFAULT CURRENT_TIMESTAMP ON UPDATE CURRENT_TIMESTAMP,
		PRIMARY KEY (ID),
		INDEX IX_BP_DEBUG_USER_ID (USER_ID),
		INDEX IX_BP_DEBUG_USER_TEMPLATE_ID (USER_ID, TEMPLATE_ID)
	), )
2026-08-10 09:16:58 - CRUPDCDF2 - Run updater '/bitrix/updates/update_m1786353408/bizproc/updater26.600.0.php': Query(	CREATE TABLE b_bp_debug_session
	(
		ID          bigint         NOT NULL auto_increment,
		DEBUG_ID    bigint         NOT NULL,
		USER_ID     int            NOT NULL,
		MODULE_ID   varchar(32)    NULL,
		ENTITY      varchar(64)    NULL,
		DOCUMENT_ID varchar(128)   NULL,
		WORKFLOW_ID varchar(32)    NULL,
		TEMPLATE_ID int            NULL,
		START_TIME  decimal(16, 6) NOT NULL,
		END_TIME    decimal(16, 6) NULL,
		METADATA    text           NULL,
		LOGS        text           NULL,
		METRICS     text           NULL,
		CREATED_AT  datetime       NOT NULL,
		UPDATED_AT  datetime       NOT NULL,
		PRIMARY KEY (ID)
	), )
2026-08-10 09:16:58 - CRUPDCDF2 - Run updater '/bitrix/updates/update_m1786353408/bizproc/updater26.600.0.php': Query(	CREATE TABLE b_bp_debug_trace
	(
		ID               bigint         NOT NULL auto_increment,
		DEBUG_SESSION_ID bigint         NOT NULL,
		`KEY`            varchar(255)   NOT NULL,
		TYPE             varchar(50)    NOT NULL,
		MESSAGE          varchar(255)   NULL,
		DATA             text           NULL,
		CONTEXT          text           NULL,
		TIMESTAMP        decimal(16, 6) NOT NULL,
		CREATED_AT       datetime       NOT NULL,
		PRIMARY KEY (ID),
		KEY IX_BP_DEBUG_SESSION_ID (DEBUG_SESSION_ID)
	), )
2026-08-10 09:16:58 - CRUPDCDF2 - Run updater '/bitrix/updates/update_m1786353408/bizproc/updater26.600.0.php': Query(CREATE TABLE b_bp_workflow_template_user_data (
					ID BIGINT NOT NULL AUTO_INCREMENT,
					TEMPLATE_ID INT NOT NULL,
					ENTITY_ID VARCHAR(50) NOT NULL,
					TYPE VARCHAR(50) NOT NULL,
					NAME VARCHAR(100) NOT NULL,
					VALUE VARCHAR(255) NOT NULL,
					PRIMARY KEY (ID),
					INDEX ix_bp_wf_tpl_ud_type_entity_name (TYPE, ENTITY_ID, NAME),
					INDEX ix_bp_wf_tpl_ud_tpl_type (TEMPLATE_ID, TYPE)
				), )
2026-08-10 09:16:58 - CRUPDCF1 - Run updater '/bitrix/updates/update_m1786353408/bizproc/updater26.600.0.php': CopyFiles(install/activities, activities)
2026-08-10 09:16:58 - CRUPDCF1 - Run updater '/bitrix/updates/update_m1786353408/bizproc/updater26.600.0.php': CopyFiles(install/components, components)
2026-08-10 09:16:58 - CRUPDCF1 - Run updater '/bitrix/updates/update_m1786353408/bizproc/updater26.600.0.php': CopyFiles(install/js, js)
2026-08-10 09:16:58 - CSURUS1 - Run updater '/bitrix/updates/update_m1786353408/bizproc/updater26.650.0.php'
2026-08-10 09:16:58 - CRUPDCF1 - Run updater '/bitrix/updates/update_m1786353408/bizproc/updater26.650.0.php': CopyFiles(install/activities, activities)
2026-08-10 09:16:58 - CRUPDCF1 - Run updater '/bitrix/updates/update_m1786353408/bizproc/updater26.650.0.php': CopyFiles(install/components, components)
2026-08-10 09:16:58 - CRUPDCF1 - Run updater '/bitrix/updates/update_m1786353408/bizproc/updater26.650.0.php': CopyFiles(install/js, js)
2026-08-10 09:16:58 - CSURUS1 - Run updater '/bitrix/updates/update_m1786353408/bizproc/updater26.700.0.php'
2026-08-10 09:16:58 - CRUPDCDF2 - Run updater '/bitrix/updates/update_m1786353408/bizproc/updater26.700.0.php': Query(CREATE TABLE b_bp_storage_record_field (
    						ID bigint NOT NULL AUTO_INCREMENT,
    						RECORD_ID bigint NOT NULL,
    						FIELD_ID int NOT NULL,
    						VALUE text NOT NULL,
    						VALUE_NUM decimal(18,4) DEFAULT NULL,
    						PRIMARY KEY (ID),
							INDEX ix_storage_record_field_record_field (RECORD_ID, FIELD_ID),
							INDEX ix_storage_record_field_value_record (FIELD_ID, VALUE(100), RECORD_ID),
							INDEX ix_storage_record_field_num_record (FIELD_ID, VALUE_NUM, RECORD_ID)
						);, )
2026-08-10 09:16:58 - CRUPDCF1 - Run updater '/bitrix/updates/update_m1786353408/bizproc/updater26.700.0.php': CopyFiles(install/activities, activities)
2026-08-10 09:16:58 - CRUPDCF1 - Run updater '/bitrix/updates/update_m1786353408/bizproc/updater26.700.0.php': CopyFiles(install/components, components)
2026-08-10 09:16:58 - CRUPDCF1 - Run updater '/bitrix/updates/update_m1786353408/bizproc/updater26.700.0.php': CopyFiles(install/js, js)
2026-08-10 09:16:58 - CSURUS1 - Run updater '/bitrix/updates/update_m1786353408/booking/updater26.100.0/index.php'
2026-08-10 09:16:58 - CSURUS1 - Run updater '/bitrix/updates/update_m1786353408/booking/updater26.200.0/index.php'
2026-08-10 09:16:58 - CSURUS1 - Run updater '/bitrix/updates/update_m1786353408/booking/updater26.300.0/index.php'
2026-08-10 09:16:58 - CSURUS1 - Run updater '/bitrix/updates/update_m1786353408/booking/updater26.100.0/index.php'
2026-08-10 09:16:58 - CRUPDCF1 - Run updater '/bitrix/updates/update_m1786353408/booking/updater26.100.0/index.php': CopyFiles(install/js, js)
2026-08-10 09:16:59 - CRUPDCF1 - Run updater '/bitrix/updates/update_m1786353408/booking/updater26.100.0/index.php': CopyFiles(install/components, components)
2026-08-10 09:16:59 - CRUPDCDF2 - Run updater '/bitrix/updates/update_m1786353408/booking/updater26.100.0/index.php': Query(CREATE TABLE IF NOT EXISTS b_booking_booking_payment (
					ID INT UNSIGNED NOT NULL AUTO_INCREMENT,
					BOOKING_ID INT UNSIGNED NOT NULL,
					PAYMENT_ID INT UNSIGNED NOT NULL,
					IS_PAID CHAR(1) NOT NULL DEFAULT 'N',
					IS_PAID_MANUALLY CHAR(1) NOT NULL DEFAULT 'N',
					PRIMARY KEY (ID)
				), )
2026-08-10 09:16:59 - CRUPDCDF2 - Run updater '/bitrix/updates/update_m1786353408/booking/updater26.100.0/index.php': Query(CREATE UNIQUE INDEX IX_BBP_PAYMENT_ID ON b_booking_booking_payment (PAYMENT_ID);, )
2026-08-10 09:16:59 - CRUPDCDF2 - Run updater '/bitrix/updates/update_m1786353408/booking/updater26.100.0/index.php': Query(DROP INDEX IX_BB_IS_DELETED ON b_booking_booking;, )
2026-08-10 09:16:59 - CRUPDCDF2 - Run updater '/bitrix/updates/update_m1786353408/booking/updater26.100.0/index.php': Query(DROP INDEX IX_BB_DATE_FROM_DATE_MAX ON b_booking_booking;, )
2026-08-10 09:16:59 - CRUPDCDF2 - Run updater '/bitrix/updates/update_m1786353408/booking/updater26.100.0/index.php': Query(DROP INDEX IX_BB_DATE_FROM ON b_booking_booking;, )
2026-08-10 09:16:59 - CRUPDCDF2 - Run updater '/bitrix/updates/update_m1786353408/booking/updater26.100.0/index.php': Query(CREATE INDEX IX_BB_IS_DELETED_DATE_FROM_DATE_MAX ON b_booking_booking (IS_DELETED, DATE_FROM, DATE_MAX), )
2026-08-10 09:16:59 - CRUPDCDF2 - Run updater '/bitrix/updates/update_m1786353408/booking/updater26.100.0/index.php': Query(CREATE INDEX IX_BB_IS_DELETED_DATE_MAX_DATE_FROM ON b_booking_booking (IS_DELETED, DATE_MAX, DATE_FROM), )
2026-08-10 09:16:59 - CRUPDCDF2 - Run updater '/bitrix/updates/update_m1786353408/booking/updater26.100.0/index.php': Query(ANALYZE TABLE b_booking_booking, )
2026-08-10 09:16:59 - CRUPDCDF2 - Run updater '/bitrix/updates/update_m1786353408/booking/updater26.100.0/index.php': Query(ALTER TABLE b_booking_booking_message MODIFY SENDER_MODULE_ID VARCHAR(255) DEFAULT NULL, )
2026-08-10 09:16:59 - CRUPDCDF2 - Run updater '/bitrix/updates/update_m1786353408/booking/updater26.100.0/index.php': Query(DROP INDEX IX_BBM_COMPLEX_1 ON b_booking_booking_message;, )
2026-08-10 09:16:59 - CRUPDCDF2 - Run updater '/bitrix/updates/update_m1786353408/booking/updater26.100.0/index.php': Query(DROP INDEX IX_BBM_MESSAGE ON b_booking_booking_message;, )
2026-08-10 09:16:59 - CRUPDCDF2 - Run updater '/bitrix/updates/update_m1786353408/booking/updater26.100.0/index.php': Query(CREATE INDEX IX_BBM_COMPLEX_1 ON b_booking_booking_message (BOOKING_ID, NOTIFICATION_TYPE, SENDER_CODE, CREATED_AT), )
2026-08-10 09:16:59 - CRUPDCDF2 - Run updater '/bitrix/updates/update_m1786353408/booking/updater26.100.0/index.php': Query(CREATE INDEX IX_BBM_MESSAGE ON b_booking_booking_message (SENDER_CODE, EXTERNAL_MESSAGE_ID), )
2026-08-10 09:16:59 - CRUPDCDF2 - Run updater '/bitrix/updates/update_m1786353408/booking/updater26.100.0/index.php': Query(ALTER TABLE b_booking_booking_message MODIFY EXTERNAL_MESSAGE_ID VARCHAR(255) NOT NULL, )
2026-08-10 09:16:59 - CRUPDCDF2 - Run updater '/bitrix/updates/update_m1786353408/booking/updater26.100.0/index.php': Query(ANALYZE TABLE b_booking_booking_message, )
2026-08-10 09:16:59 - CRUPDCDF2 - Run updater '/bitrix/updates/update_m1786353408/booking/updater26.100.0/index.php': Query(ALTER TABLE b_booking_resource_notification_settings ADD COLUMN SENDER_CODE VARCHAR(255) NOT NULL DEFAULT 'bitrix24', )
2026-08-10 09:16:59 - CRUPDCDF2 - Run updater '/bitrix/updates/update_m1786353408/booking/updater26.100.0/index.php': Query(ALTER TABLE b_booking_resource_type_notification_settings ADD COLUMN SENDER_CODE VARCHAR(255) NOT NULL DEFAULT 'bitrix24', )
2026-08-10 09:16:59 - CSURUS1 - Run updater '/bitrix/updates/update_m1786353408/booking/updater26.200.0/index.php'
2026-08-10 09:16:59 - CRUPDCDF2 - Run updater '/bitrix/updates/update_m1786353408/booking/updater26.200.0/index.php': Query(ALTER TABLE b_booking_booking ADD COLUMN `DELETION_SCENARIO` VARCHAR(20) DEFAULT NULL, ADD COLUMN `DELETED_AT` TIMESTAMP NULL DEFAULT NULL, )
2026-08-10 09:17:00 - CRUPDCDF2 - Run updater '/bitrix/updates/update_m1786353408/booking/updater26.200.0/index.php': Query(ALTER TABLE b_booking_resource_notification_settings ADD COLUMN IS_CANCELLATION_ON CHAR(1) NOT NULL DEFAULT 'Y', ADD COLUMN CANCELLATION_DELAY INT NOT NULL DEFAULT 600, )
2026-08-10 09:17:00 - CRUPDCDF2 - Run updater '/bitrix/updates/update_m1786353408/booking/updater26.200.0/index.php': Query(ALTER TABLE b_booking_resource_type_notification_settings ADD COLUMN IS_CANCELLATION_ON CHAR(1) NOT NULL DEFAULT 'Y', ADD COLUMN CANCELLATION_DELAY INT NOT NULL DEFAULT 600, )
2026-08-10 09:17:00 - CRUPDCF1 - Run updater '/bitrix/updates/update_m1786353408/booking/updater26.200.0/index.php': CopyFiles(install/js, js)
2026-08-10 09:17:00 - CRUPDCF1 - Run updater '/bitrix/updates/update_m1786353408/booking/updater26.200.0/index.php': CopyFiles(install/components, components)
2026-08-10 09:17:00 - CSURUS1 - Run updater '/bitrix/updates/update_m1786353408/booking/updater26.300.0/index.php'
2026-08-10 09:17:00 - CRUPDCDF2 - Run updater '/bitrix/updates/update_m1786353408/booking/updater26.300.0/index.php': Query(
					ALTER TABLE b_booking_booking_message
						ADD COLUMN `STATUS` VARCHAR(20) NOT NULL DEFAULT 'success',
						ADD COLUMN `RETRY_COUNT` INT UNSIGNED NOT NULL DEFAULT 0,
						ADD COLUMN `NEXT_RETRY_AT` TIMESTAMP NULL DEFAULT NULL,
						ADD COLUMN `SENT_AT` TIMESTAMP NOT NULL DEFAULT CURRENT_TIMESTAMP
				, )
2026-08-10 09:17:00 - CRUPDCDF2 - Run updater '/bitrix/updates/update_m1786353408/booking/updater26.300.0/index.php': Query(CREATE INDEX IX_BBM_RETRY ON b_booking_booking_message (`STATUS`, `NEXT_RETRY_AT`), )
2026-08-10 09:17:00 - CRUPDCDF2 - Run updater '/bitrix/updates/update_m1786353408/booking/updater26.300.0/index.php': Query(UPDATE b_booking_booking_message SET `SENT_AT` = `CREATED_AT` WHERE `CREATED_AT` IS NOT NULL, )
2026-08-10 09:17:00 - CRUPDCDF2 - Run updater '/bitrix/updates/update_m1786353408/booking/updater26.300.0/index.php': Query(DROP INDEX IX_BBM_COMPLEX_1 ON b_booking_booking_message;, )
2026-08-10 09:17:00 - CRUPDCDF2 - Run updater '/bitrix/updates/update_m1786353408/booking/updater26.300.0/index.php': Query(
					CREATE INDEX IX_BBM_COMPLEX_1
						ON b_booking_booking_message (`BOOKING_ID`, `NOTIFICATION_TYPE`, `SENT_AT`)
				, )
2026-08-10 09:17:00 - CRUPDCF1 - Run updater '/bitrix/updates/update_m1786353408/booking/updater26.300.0/index.php': CopyFiles(install/js, js)
2026-08-10 09:17:01 - CRUPDCF1 - Run updater '/bitrix/updates/update_m1786353408/booking/updater26.300.0/index.php': CopyFiles(install/components, components)
2026-08-10 09:17:01 - CRUPDCF1 - Run updater '/bitrix/updates/update_m1786353408/booking/updater26.300.0/index.php': CopyFiles(install/activities, activities)
2026-08-10 09:17:01 - CSURUS1 - Run updater '/bitrix/updates/update_m1786353408/crm/updater26.200.0.php'
2026-08-10 09:17:01 - CSURUS1 - Run updater '/bitrix/updates/update_m1786353408/crm/updater26.300.0.php'
2026-08-10 09:17:01 - CSURUS1 - Run updater '/bitrix/updates/update_m1786353408/crm/updater26.200.0.php'
2026-08-10 09:17:01 - CRUPDCDF2 - Run updater '/bitrix/updates/update_m1786353408/crm/updater26.200.0.php': Query(
				ALTER TABLE b_crm_deal ADD COLUMN PREVIOUS_STAGE_ID VARCHAR(50) DEFAULT NULL,
				ADD COLUMN MYCOMPANY_ID INT(18) UNSIGNED DEFAULT NULL,
				MODIFY COLUMN OPPORTUNITY DECIMAL(26,8) DEFAULT NULL,
				MODIFY COLUMN TAX_VALUE DECIMAL(26,8) DEFAULT NULL,
				MODIFY COLUMN OPPORTUNITY_ACCOUNT DECIMAL(26,8) DEFAULT NULL,
				MODIFY COLUMN TAX_VALUE_ACCOUNT DECIMAL(26,8) DEFAULT NULL,
				MODIFY COLUMN EXCH_RATE DECIMAL(26,8) DEFAULT 1,
				MODIFY COLUMN STAGE_SEMANTIC_ID VARCHAR(3) NOT NULL DEFAULT 'P',
				ADD INDEX IX_DEAL_36 (BEGINDATE, STAGE_SEMANTIC_ID)
			, )
2026-08-10 09:17:02 - CRUPDCDF2 - Run updater '/bitrix/updates/update_m1786353408/crm/updater26.200.0.php': Query(
			CREATE TABLE IF NOT EXISTS b_crm_act_mail_body_bind (
				ID INT NOT NULL AUTO_INCREMENT,
				BODY_ID INT NOT NULL,
				OWNER_TYPE_ID INT NOT NULL,
				OWNER_ID INT NOT NULL,
				PRIMARY KEY (ID),
				KEY IX_B_CRM_ACT_MAIL_BODY_BIND_1 (BODY_ID),
				KEY IX_B_CRM_ACT_MAIL_BODY_BIND_2 (OWNER_ID, OWNER_TYPE_ID)
			);
		, )
2026-08-10 09:17:02 - CRUPDCF1 - Run updater '/bitrix/updates/update_m1786353408/crm/updater26.200.0.php': CopyFiles(install/components, components)
2026-08-10 09:17:02 - CRUPDCF1 - Run updater '/bitrix/updates/update_m1786353408/crm/updater26.200.0.php': CopyFiles(install/js, js)
2026-08-10 09:17:02 - CRUPDCF1 - Run updater '/bitrix/updates/update_m1786353408/crm/updater26.200.0.php': CopyFiles(install/activities, activities)
2026-08-10 09:17:02 - CRUPDCF1 - Run updater '/bitrix/updates/update_m1786353408/crm/updater26.200.0.php': CopyFiles(install/gadgets, gadgets)
2026-08-10 09:17:02 - CRUPDCF1 - Run updater '/bitrix/updates/update_m1786353408/crm/updater26.200.0.php': CopyFiles(install/images, images)
2026-08-10 09:17:02 - CRUPDCF1 - Run updater '/bitrix/updates/update_m1786353408/crm/updater26.200.0.php': CopyFiles(install/themes, themes)
2026-08-10 09:17:02 - CSURUS1 - Run updater '/bitrix/updates/update_m1786353408/crm/updater26.300.0.php'
2026-08-10 09:17:02 - CRUPDCDF2 - Run updater '/bitrix/updates/update_m1786353408/crm/updater26.300.0.php': Query(ALTER TABLE b_crm_deal MODIFY COLUMN EXCH_RATE DECIMAL(26,8) DEFAULT 1, )
2026-08-10 09:17:02 - CRUPDCDF2 - Run updater '/bitrix/updates/update_m1786353408/crm/updater26.300.0.php': Query(ALTER TABLE b_crm_repeat_sale_segment ADD COLUMN MINIMUM_DAYS_AFTER_LAST_CLOSED_ENTITY INT NOT NULL DEFAULT 0, )
2026-08-10 09:17:02 - CRUPDCF1 - Run updater '/bitrix/updates/update_m1786353408/crm/updater26.300.0.php': CopyFiles(install/components, components)
2026-08-10 09:17:03 - CRUPDCF1 - Run updater '/bitrix/updates/update_m1786353408/crm/updater26.300.0.php': CopyFiles(install/js, js)
2026-08-10 09:17:03 - CRUPDCF1 - Run updater '/bitrix/updates/update_m1786353408/crm/updater26.300.0.php': CopyFiles(install/activities, activities)
2026-08-10 09:17:03 - CRUPDCF1 - Run updater '/bitrix/updates/update_m1786353408/crm/updater26.300.0.php': CopyFiles(install/gadgets, gadgets)
2026-08-10 09:17:03 - CRUPDCF1 - Run updater '/bitrix/updates/update_m1786353408/crm/updater26.300.0.php': CopyFiles(install/images, images)
2026-08-10 09:17:03 - CRUPDCF1 - Run updater '/bitrix/updates/update_m1786353408/crm/updater26.300.0.php': CopyFiles(install/themes, themes)
2026-08-10 09:17:04 - CSURUS1 - Run updater '/bitrix/updates/update_m1786353408/ui/updater26.250.0.php'
2026-08-10 09:17:04 - CSURUS1 - Run updater '/bitrix/updates/update_m1786353408/ui/updater26.300.0.php'
2026-08-10 09:17:04 - CSURUS1 - Run updater '/bitrix/updates/update_m1786353408/ui/updater26.400.0.php'
2026-08-10 09:17:04 - CSURUS1 - Run updater '/bitrix/updates/update_m1786353408/ui/updater26.250.0.php'
2026-08-10 09:17:04 - CRUPDCF1 - Run updater '/bitrix/updates/update_m1786353408/ui/updater26.250.0.php': CopyFiles(install/components, components)
2026-08-10 09:17:04 - CRUPDCF1 - Run updater '/bitrix/updates/update_m1786353408/ui/updater26.250.0.php': CopyFiles(install/js, js)
2026-08-10 09:17:05 - CSURUS1 - Run updater '/bitrix/updates/update_m1786353408/ui/updater26.300.0.php'
2026-08-10 09:17:05 - CRUPDCF1 - Run updater '/bitrix/updates/update_m1786353408/ui/updater26.300.0.php': CopyFiles(install/components, components)
2026-08-10 09:17:05 - CRUPDCF1 - Run updater '/bitrix/updates/update_m1786353408/ui/updater26.300.0.php': CopyFiles(install/js, js)
2026-08-10 09:17:07 - CSURUS1 - Run updater '/bitrix/updates/update_m1786353408/ui/updater26.400.0.php'
2026-08-10 09:17:07 - CRUPDCF1 - Run updater '/bitrix/updates/update_m1786353408/ui/updater26.400.0.php': CopyFiles(install/components, components)
2026-08-10 09:17:07 - CRUPDCF1 - Run updater '/bitrix/updates/update_m1786353408/ui/updater26.400.0.php': CopyFiles(install/js, js)
2026-08-10 09:17:11 - CSURUS1 - Run updater '/bitrix/updates/update_m1786353408/main/updater26.400.0.php'
2026-08-10 09:17:11 - CSURUS1 - Run updater '/bitrix/updates/update_m1786353408/main/updater26.400.0.php'
2026-08-10 09:17:11 - CRUPDCF1 - Run updater '/bitrix/updates/update_m1786353408/main/updater26.400.0.php': CopyFiles(install/components, components)
2026-08-10 09:17:12 - CRUPDCF1 - Run updater '/bitrix/updates/update_m1786353408/main/updater26.400.0.php': CopyFiles(install/js, js)
2026-08-10 09:17:13 -  - TIME UpdateStepModules 22.833 sec
2026-08-10 09:17:13 - UPD_SUCCESS - Updated: main (26.400.0)<br><li>Разработчикам: библиотека core переписана на TypeScript. <li>Разработчикам: файлы и папки в lib переименованы согласно PSR-4. Внимание! Убедитесь, что классы/namespaces ядра используются в правильном регистре. 
2026-08-10 09:17:13 - UPD_SUCCESS - Updated: ui (26.250.0)<br><li>Улучшена работа дизайнера бизнес-процессов.
2026-08-10 09:17:13 - UPD_SUCCESS - Updated: bizprocdesigner (26.200.0)<br><li>Обновлён дизайн нод в конструкторе бизнес-процессов для улучшения визуального восприятия. <li>Экран настройки правил и превью адаптирован под настройку связей между нодами. <li>Добавлен разделитель и выровнено содержимое подложки для улучшения компоновки интерфейса. <li>Возвращены названия ключей фраз в пользовательском интерфейсе для корректного отображения. <li>Исправлена ошибка, при которой рамка выделенной группы нод перекрывала статус ноды. 
2026-08-10 09:17:13 - UPD_SUCCESS - Updated: bizproc (26.600.0)<br><li>Оптимизирована работа пауз в очередях бизнес-процессов — убрано добавление лишней таблицы из текущего обновления. <li>Исправлена ошибка, при которой не отображались комментарии бизнес-процесса после его выполнения под участником процесса. <li>Исправлено условие в фильтре по полям «не содержится во множественной переменной» — теперь проверяются все значения переменной. <li>Улучшена производительность при удалении записей комментариев. <li>Исправлено мигание верхней панели при скроллинге настроек ноды «Мастер настройки данных». <li>Исправлена проблема, при которой не отображались значения списочной константы в ноде «Мастер настройки данных». <li>Устранены ошибки в консоли при ручном редактировании поля «Время запуска» в ноде «Запуск по расписанию». <li>Исправлена верстка поля «Время запуска» в ноде «Запуск по расписанию». <li>Исправлена проблема, при которой колесо выбора времени не открывалось в мастере настройки данных. <li>Исправлено поведение, при котором запускались только два бизнес-процесса при создании элемента из CRM-формы. <li>Устранена ошибка при работе с бизнес-процессами. <li>Обновлён дизайн нод редактора бизнес-процессов. <li>Адаптирован интерфейс настройки правил и превью под настройку связей в редакторе бизнес-процессов. <li>Исправлена ошибка, при которой не отображались аватарки некоторых сотрудников в списке АИ-агентов. <li>Добавлена возможность установки агента запуска по расписанию. <li>Исправлена корректировка запуска бизнес-процессов с учётом часового пояса. <li>Устранена ошибка при работе с бизнес-процессами. <li>Исправлена ошибка в обработке данных бизнес-процессов. <li>Добавлена подсказка при наведении курсора на длинное название шаблона АИ-агента. <li>Исправлено поведение триггера «Запуск по расписанию» — теперь он корректно отрабатывает при выборе диапазона времени в течение первого часа. <li>Устранена ошибка удаления шаблона при отсутствии активности в \"Синк\". <li>Переведена нода записи хранилища на рендер настроек по карте. <li>Добавлена нода «Блок условий» для разработки. <li>Устранена ошибка при удалении агента бизнес-процесса. <li>Исправлена проверка существования агента при запуске бизнес-процессов. <li>Исправлено поведение агента — теперь он не создаётся, если следующий запуск отсутствует. <li>Исправлена ошибка при сохранении типа события запуска. <li>Исправлена ошибка при интеграции с CRM. <li>Исправлено поведение бизнес-процесса — теперь он не зависает и не выполняется повторно, если уже запущен. <li>Добавлен список созданных хранилищ в меню редактора бизнес-процессов. 
2026-08-10 09:17:13 - UPD_SUCCESS - Updated: ui (26.300.0)<br><li>Реализован автоскролл при выделении группы блоков в редакторе диаграмм (ui.block-diagram). <li>Исправлена генерация гиперссылки при упоминании пользователя в описании задачи — теперь включается идентификатор пользователя. <li>Новые иконки в ui.icon-set. <li>Добавлена опция required в ui.system.input. 
2026-08-10 09:17:13 - UPD_SUCCESS - Updated: ui (26.400.0)<br><li>Новое расширение ui.a11y для улучшения доступности интерфейса. 
2026-08-10 09:17:13 - UPD_SUCCESS - Updated: booking (26.100.0)<br><li>Добавлена возможность работы с услугами ресурсов из CRM-форм. <li>Добавлена синхронизация списка услуг и ресурсов в описания событий при синхронизации с внешними календарями. <li>Исправлена ошибка невозможности повторного заполнения CRM-формы, когда в форме присутствует поле выбора ресурса.
2026-08-10 09:17:13 - UPD_SUCCESS - Updated: crm (26.200.0)<br><li>Добавлена возможность скрывать или показывать поля с реквизитами в полях «Контакт» и «Компания». <li>Добавлена возможность настраивать значение по умолчанию в пользовательских полях типа «Привязка к сотруднику». <li>Добавлена возможность импортировать элементы в коммерческих предложениях, новой версии счетов и смарт-процессах. 
2026-08-10 09:17:13 - UPD_SUCCESS - Updated: booking (26.200.0)<br><li>Добавлены MCP-инструменты для работы с онлайн-записью. <li>Исправлена ошибка, из-за которой при смене языка в настройках CRM-формы не менялся язык в некоторых пользовательских интерфейсах онлайн-записи. <li>Добавлено автоматическое подтверждение записи при переносе бронирования на сетке в соответствии с настройками оповещений о подтверждени. <li>Исправлена ошибка, когда невозможно было создать услугу на новом портале без предварительного входа в раздел CRM. 
2026-08-10 09:17:13 - UPD_SUCCESS - Updated: crm (26.300.0)<br><li>Улучшен интерфейс AI-сценариев для обработки звонков и чатов открытых линий. <li>Добавлено поле «Реквизиты вашей компании» в сделках. <li>Добавлена возможность создать элемент смарт-процесса по шаблону вручную. <li>Добавлен датасет с датами коммуникаций с клиентами. 
2026-08-10 09:17:13 - UPD_SUCCESS - Updated: booking (26.300.0)<br><li>Добавлена иконка, показывающая источник бронирования — CRM-форма или интеграция с Яндексом. <li>Теперь при клике на запись бронирования открывается суперменю с быстрым доступом к действиям. <li>Улучшения связанные с производительностью модуля.
2026-08-10 09:17:13 - UPD_SUCCESS - Updated: bizproc (26.650.0)<br><li>Добавлена универсальная нода агента.
2026-08-10 09:17:13 - UPD_SUCCESS - Updated: bizproc (26.700.0)<br><li>Добавлен новый АИ-агент планирования дня на основе запуска по расписанию. <li>Доработана работа АИ-агента планирования дня: улучшено получение чат-бота и запущенных шаблонов. <li>Для редактора бизнес-процессов добавлена системная функция «Сотрудник, запустивший АИ-агента». <li>Добавлена универсальная нода АИ-агента. <li>Исправлена ссылка в уведомлении о зависшем бизнес-процессе. <li>Исправлена проблема, при которой после автоматической остановки запущенных бизнес-процессов не завершались задания. <li>Улучшена работа хранилища: исправлены запись пользователей, вывод даты создания, сохранение и отображения полей. <li>Запуск бизнес-процессов теперь поддерживает множественные типы документов. <li>Добавлена нода «Отправить СМС». <li>Исправлены ошибки при сравнении значений итератора, обработке параметров REST-активностей и дублировании имён. <li>Улучшена производительность агента архивации заданий бизнес-процессов. <li>Добавлена фильтрация по проекту в ноде получения информации о задачах.
2026-08-10 09:17:13 - UPD_SUCCESS - Updated: bizprocdesigner (26.250.0)<br><li>Доработки по отображению универсальной ноды агента.
2026-08-10 09:17:13 - UPD_SUCCESS - Updated: bizprocdesigner (26.300.0)<br><li>Убрано автоматическое открытие настроек и выделение ноды при её добавлении. <li>Исправлена ошибка копирования группы нод — рамка больше не обрезает схему. <li>Исправлено расположение иконки календаря в ноде «Пауза». <li>Исправлено открытие панели настроек при переключении триггеров. 
2026-08-10 09:17:13 - UPD_SUCCESS - Updated: tasks (26.0.0)<br><li>Добавлена возможность создания результата из сообщения любым участником задачи. <li>Добавлены системные сообщения для работы с проектами в задачах. <li>Добавлены настройки крайнего срока в шаблонах задач. <li>Добавлена возможность настройки требования результата в шаблонах задач. <li>Добавлена возможность выключить звук задачи из списка чатов задач. <li>В автоматически создаваемых задачах системное сообщение о создании задачи теперь отправляется от лица постановщика. <li>Улучшена производительность. <li>Разработчикам: добавлены методы API rest 3.0 для работы с результатами задач. <li>Добавлены новые предустановленные столбцы в канбане \"Мой план\". 
2026-08-10 09:17:13 - UPD_SUCCESS - Updated: im (26.200.0)<br><li>Убран выбор роли для BitrixGPT при создании чата. <li>Файл аватарки больше не удаляется, если он используется в других чатах или обновлен через специальный метод. <li>Увеличен лимит ботов с 5 до 100 в рамках одного REST-приложения. <li>Исправлена ошибка с исчезновением паков со стикерами. <li>Добавлена возможность смены модели BitrixGPT для коробочных версий продукта. <li>Добавлена возможность упоминать BitrixGPT в любых чатах для коробочных версий продукта. <li>Добавлена возможность транскрибации аудио- и видеосообщений для коробочных версий продукта. <li>Добавлено распознавание эмоций в транскрипции для коробочных версий продукта. <li>Добавлен режим размышления BitrixGPT для коробочных версий продукта. <li>Добавлена функциональность автозадач после транскрибации для коробочных версий продукта. 
2026-08-10 09:17:13 - UPD_SUCCESS - Updated: immobile (26.200.0)<br><li>Добавлена возможность форматировать выделенный текст в поле ввода текста сообщения. <li>Ускорена работа списка чатов в разделе \"Линии\". 
2026-08-10 09:17:13 - UPD_SUCCESS - Updated: imbot (26.0.0)<br><li>В действие бизнес-процесса добавлена возможность информирования об использовании АИ. 
2026-08-10 09:17:13 - UPD_SUCCESS - Updated: tasks (26.100.0)<br><li>Добавлена возможность скрывать завершенные задачи в разделе подзадач, связанных задач и задач ганта в карточке задач. <li>Добавлена возможность отображать подзадачи подзадач в списке в карточке задач. <li>Улучшен пользовательский опыт работы с описанием в карточке задач. <li>Визуальные улучшения отображения списков связанных задач в карточке задач. <li>Визуальные улучшения отображения крайнего срока в списке и канбане задач. <li>Переработано верхнее меню карточки задачи. <li>Обновлено меню выбора шаблона при создании задачи по шаблону. <li>Добавлен список просмотревших задачу в карточке задачи. <li>Исправлена ошибка открытия изображений из раздела \"Предыдущие комментарии\". <li>Исправлена ошибка при добавлении записи учета времени наблюдателем. <li>Исправлена ошибка дублирования сообщения о завершении задачи в скраме. 
2026-08-10 09:17:13 - UPD_SUCCESS - Updated: intranet (26.100.0)<br><li>Улучшена производительность модуля.
2026-08-10 09:17:13 - UPD_SUCCESS - Updated: extranet (26.100.0)<br><li>Улучшена совместимость с модулем \"Интранет\".
2026-08-10 09:17:13 - UPD_SUCCESS - Updated: intranet (26.100.50)<br><li>Обновлены настройки BI Конструктора. 
2026-08-10 09:17:13 - UPD_SUCCESS - Updated: biconnector (26.200.0)<br><li>Добавлено ограничение на использование BI Конструктора при несоответствии адреса портала адресу, указанному в BI Конструкторе. <li>Добавлено удаление связанных с отчётом графиков и датасетов при удалении отчёта, установленного через Маркетплейс. <li>Добавлено ограничение на удаление отчётов BI Конструктора, установленных через Маркетплейс, если их графики или датасеты используются в других отчётах. <li>Раздел \"Датасеты\" в BI Конструкторе переименован в раздел \"Таблицы\". <li>Добавлена возможность загрузки данных в BI Конструктор через подключение к внешним MySQL и PostgreSQL базам данных. <li>Изменена логика выгрузки данных в BI Конструкторе: теперь язык выбирается на основе настройки \"Язык отчётов\". <li>Добавлена возможность указывать часовой пояс для аналитики, чтобы данные в отчётах отображались в едином времени. 
2026-08-10 09:17:13 - UPD_SUCCESS - Updated: intranet (26.100.100)<br><li>Технические улучшения в функционале \"главная страница\".
2026-08-10 09:17:13 - UPD_SUCCESS - Updated: landing (26.300.0)<br><li>Технические улучшения в функционале \"главная страница\".
2026-08-10 09:17:13 - UPD_SUCCESS - Updated: intranet (26.200.0)<br><li>Добавлена возможность включить новую двухфакторную аутентификацию.
2026-08-10 09:17:13 - UPD_SUCCESS - Updated: security (26.0.0)<br><li>Разработчикам: добавлен управляемый кеш в OTP. 
2026-08-10 09:17:13 - UPD_SUCCESS - Updated: im (26.250.0)<br><li>Добавлена поддержка Бот-платформы 2.0, все методы прошлой объявлены устаревшими. 
2026-08-10 09:17:13 - UPD_SUCCESS - Updated: imbot (26.50.0)<br><li>Добавлена поддержка Бот-платформы 2.0, все методы прошлой объявлены устаревшими. 
2026-08-10 09:17:13 - UPD_SUCCESS - Updated: im (26.274.0)<br><li>Исправлена ошибка отображения дочерних чатов. 
2026-08-10 09:17:13 - UPD_SUCCESS - Updated: im (26.300.0)<br><li>Добавлена поддержка отображения файлов в системных сообщениях. <li>Исправлена ошибка приглашения пользователя в коллабу. <li>Исправлена ошибка, при которой файлы отправленные при плохом соединении без сжатия отправлялись со сжатием. <li>Исправлена ошибка, при которой в чате задач не отображалась кнопка панели приложений. 
2026-08-10 09:17:13 - UPD_SUCCESS - Updated: imbot (26.100.0)<br><li>Улучшена совместимость с будущими версиями чата. 
2026-08-10 09:17:13 - UPD_SUCCESS - Updated: immobile (26.300.0)<br><li>Добавлена возможность переходить к письму, лиду, счёту, компании, контакту, сделке, группе, встрече и задаче, привязанным к чату через сайдбар. <li>Ускорено открытие чата комментариев. <li>Исправлена ошибка, из-за которой могли некорректно отображаться цитаты в сообщении. 
2026-08-10 09:17:13 - UPD_SUCCESS - Updated: imopenlines (26.100.0)<br><li>Улучшена производительность.
2026-08-10 09:17:13 - UPD_SUCCESS - Updated: imopenlines (26.200.0)<br><li>Улучшена производительность.
2026-08-10 09:17:13 -  - exec CUpdateClient::LoadModulesUpdates
2026-08-10 09:17:13 -  - exec CUpdateClient::CollectRequestData
2026-08-10 09:17:13 -  - LICENSE_KEY=X&lang=ru&SUPD_VER=26.500.0&VERSION=26.400.0&TYPENC=E&SUPD_STS=1&SUPD_URS=1&SUPD_DBS=MYSQL&XE=N&CLIENT_SITE=bx.local&SERVER_NAME=192.168.1.129&CHHB=bx.local%3A443&CSAB=127.0.0.1&SUID=f7vg30ov0a7vr9lgyzcmsjo8apnwonjb&CANGZIP=Y&CLIENT_PHPVER=8.2.30&stable=Y&mbfo=0&NGINX=Y&SMD=N&rerere=Y&bitm_main=26.400.0&bitm_bizprocmobile=26.0.0&bitm_bitrixcloud=25.100.0&bitm_im=26.300.0&bitm_imconnectormobile=25.100.0&bitm_mail=26.100.200&bitm_sale=26.400.0&bitm_forum=26.100.0&bitm_support=26.0.0&bitm_learning=25.0.0&bitm_listsmobile=25.200.0&bitm_catalogmobile=26.100.0&bitm_rpa=26.0.0&bitm_abtest=26.0.0&bitm_humanresources=26.400.0&bitm_conversion=25.0.0&bitm_tasksmobile=26.200.0&bitm_crmmobile=26.0.0&bitm_pull=25.400.0&bitm_ui=26.400.0&bitm_biconnector=26.200.0&bitm_immobile=26.300.0&bitm_webservice=26.0.0&bitm_tasks=26.100.0&bitm_intranetmobile=26.600.0&bitm_currency=26.0.0&bitm_timeman=25.800.0&bitm_calendarmobile=26.300.0&bitm_seo=26.0.0&bitm_fileman=26.0.0&bitm_callmobile=26.350.0&bitm_imbot=26.100.0&bitm_socialservices=26.400.0&bitm_highloadblock=25.100.0&bitm_wiki=26.0.0&bitm_search=25.200.0&bitm_subscribe=25.0.0&bitm_workflow=26.0.0&bitm_iblock=25.400.0&bitm_advertising=24.200.0&bitm_crm=26.300.0&bitm_form=26.0.0&bitm_transformer=25.400.0&bitm_sender=26.200.0&bitm_lists=26.100.0&bitm_clouds=26.0.0&bitm_mobileapp=25.100.0&bitm_storeassist=24.0.0&bitm_xdimport=25.0.0&bitm_intranet=26.200.0&bitm_disk=26.500.100&bitm_calendar=25.170.100&bitm_market=26.0.100&bitm_location=26.100.100&bitm_call=26.300.200&bitm_imopenlines=26.200.0&bitm_photogallery=25.100.0&bitm_extranet=26.100.0&bitm_security=26.0.0&bitm_ai=26.500.0&bitm_dav=26.100.0&bitm_messageservice=26.0.0&bitm_signmobile=26.100.0&bitm_bizproc=26.700.0&bitm_statistic=26.0.0&bitm_landing=26.300.0&bitm_catalog=26.300.0&bitm_mobile=26.200.0&bitm_vote=26.200.0&bitm_booking=26.300.0&bitm_diskmobile=26.100.0&bitm_voximplant=26.500.0&bitm_imconnector=26.200.0&bitm_documentgenerator=26.100.0&bitm_bizprocdesigner=26.300.0&bitm_recyclebin=26.0.0&bitm_socialnetwork=25.600.0&bitm_translate=26.0.0&bitm_mailmobile=26.50.0&bitm_sign=26.400.100&bitm_controller=26.0.0&bitm_perfmon=25.300.0&bitm_blog=26.500.100&bitm_ldap=26.0.0&bitm_salescenter=26.0.0&bitm_b24connector=26.0.0&bitm_report=26.100.0&bitm_rest=26.400.200&bitm_baas=26.200.200&bitm_idea=25.0.0&bitm_meeting=26.0.0&bitm_webdav=23.200.0&bitm_xmpp=21.0.0&bitm_cluster=26.0.0&bitm_note=25.0.0&bitl_en=&bitl_ru=&SUPD_OFC=Portal%3AF%3A%2CCommunications%3AF%3A%2CEnterprise%3AF%3A&SUPD_SRS=RU&SUPD_CMP=N&SALE_15=Y&LICENSE_SIGNED=%7Enew_license24_400_sign-Y
2026-08-10 09:17:13 -  - exec CUpdateClient::GetHTTPPage
2026-08-10 09:17:13 -  - TIME LoadModulesUpdates(request) 0.178 sec
2026-08-10 09:17:13 -  - exec CUpdateClient::ParseServerData
2026-08-10 09:17:13 - S - STEP
2026-08-10 09:17:13 - LMU01 - LoadModulesUpdates-Step
2026-08-10 09:17:13 -  - exec CUpdateClient::LoadModulesUpdates
2026-08-10 09:17:13 -  - exec CUpdateClient::ParseServerData
2026-08-10 09:17:13 -  - loadFile
2026-08-10 09:17:14 - U - RETURN
2026-08-10 09:17:14 -  - exec CUpdateClient::UnGzipArchive
2026-08-10 09:17:14 -  - TIME UnGzipArchive 0.016 sec
2026-08-10 09:17:14 - CSURUS1 - Run updater '/bitrix/updates/update_m1786353434/main/updater26.400.100.php'
2026-08-10 09:17:14 - CSURUS1 - Run updater '/bitrix/updates/update_m1786353434/main/updater26.400.100.php'
2026-08-10 09:17:14 - CRUPDCF1 - Run updater '/bitrix/updates/update_m1786353434/main/updater26.400.100.php': CopyFiles(install/js, js)
2026-08-10 09:17:14 -  - TIME UpdateStepModules 0.019 sec
2026-08-10 09:17:14 - UPD_SUCCESS - Updated: main (26.400.100)<br><li>Исправлены ошибки в библиотеке main.core. 
2026-08-10 09:17:14 -  - exec CUpdateClient::LoadModulesUpdates
2026-08-10 09:17:14 -  - exec CUpdateClient::CollectRequestData
2026-08-10 09:17:14 -  - LICENSE_KEY=X&lang=ru&SUPD_VER=26.500.0&VERSION=26.400.100&TYPENC=E&SUPD_STS=1&SUPD_URS=1&SUPD_DBS=MYSQL&XE=N&CLIENT_SITE=bx.local&SERVER_NAME=192.168.1.129&CHHB=bx.local%3A443&CSAB=127.0.0.1&SUID=f7vg30ov0a7vr9lgyzcmsjo8apnwonjb&CANGZIP=Y&CLIENT_PHPVER=8.2.30&stable=Y&mbfo=0&NGINX=Y&SMD=N&rerere=Y&bitm_main=26.400.100&bitm_bizprocmobile=26.0.0&bitm_bitrixcloud=25.100.0&bitm_im=26.300.0&bitm_imconnectormobile=25.100.0&bitm_mail=26.100.200&bitm_sale=26.400.0&bitm_forum=26.100.0&bitm_support=26.0.0&bitm_learning=25.0.0&bitm_listsmobile=25.200.0&bitm_catalogmobile=26.100.0&bitm_rpa=26.0.0&bitm_abtest=26.0.0&bitm_humanresources=26.400.0&bitm_conversion=25.0.0&bitm_tasksmobile=26.200.0&bitm_crmmobile=26.0.0&bitm_pull=25.400.0&bitm_ui=26.400.0&bitm_biconnector=26.200.0&bitm_immobile=26.300.0&bitm_webservice=26.0.0&bitm_tasks=26.100.0&bitm_intranetmobile=26.600.0&bitm_currency=26.0.0&bitm_timeman=25.800.0&bitm_calendarmobile=26.300.0&bitm_seo=26.0.0&bitm_fileman=26.0.0&bitm_callmobile=26.350.0&bitm_imbot=26.100.0&bitm_socialservices=26.400.0&bitm_highloadblock=25.100.0&bitm_wiki=26.0.0&bitm_search=25.200.0&bitm_subscribe=25.0.0&bitm_workflow=26.0.0&bitm_iblock=25.400.0&bitm_advertising=24.200.0&bitm_crm=26.300.0&bitm_form=26.0.0&bitm_transformer=25.400.0&bitm_sender=26.200.0&bitm_lists=26.100.0&bitm_clouds=26.0.0&bitm_mobileapp=25.100.0&bitm_storeassist=24.0.0&bitm_xdimport=25.0.0&bitm_intranet=26.200.0&bitm_disk=26.500.100&bitm_calendar=25.170.100&bitm_market=26.0.100&bitm_location=26.100.100&bitm_call=26.300.200&bitm_imopenlines=26.200.0&bitm_photogallery=25.100.0&bitm_extranet=26.100.0&bitm_security=26.0.0&bitm_ai=26.500.0&bitm_dav=26.100.0&bitm_messageservice=26.0.0&bitm_signmobile=26.100.0&bitm_bizproc=26.700.0&bitm_statistic=26.0.0&bitm_landing=26.300.0&bitm_catalog=26.300.0&bitm_mobile=26.200.0&bitm_vote=26.200.0&bitm_booking=26.300.0&bitm_diskmobile=26.100.0&bitm_voximplant=26.500.0&bitm_imconnector=26.200.0&bitm_documentgenerator=26.100.0&bitm_bizprocdesigner=26.300.0&bitm_recyclebin=26.0.0&bitm_socialnetwork=25.600.0&bitm_translate=26.0.0&bitm_mailmobile=26.50.0&bitm_sign=26.400.100&bitm_controller=26.0.0&bitm_perfmon=25.300.0&bitm_blog=26.500.100&bitm_ldap=26.0.0&bitm_salescenter=26.0.0&bitm_b24connector=26.0.0&bitm_report=26.100.0&bitm_rest=26.400.200&bitm_baas=26.200.200&bitm_idea=25.0.0&bitm_meeting=26.0.0&bitm_webdav=23.200.0&bitm_xmpp=21.0.0&bitm_cluster=26.0.0&bitm_note=25.0.0&bitl_en=&bitl_ru=&SUPD_OFC=Portal%3AF%3A%2CCommunications%3AF%3A%2CEnterprise%3AF%3A&SUPD_SRS=RU&SUPD_CMP=N&SALE_15=Y&LICENSE_SIGNED=%7Enew_license24_400_sign-Y
2026-08-10 09:17:14 -  - exec CUpdateClient::GetHTTPPage
2026-08-10 09:17:14 -  - TIME LoadModulesUpdates(request) 0.157 sec
2026-08-10 09:17:14 -  - exec CUpdateClient::ParseServerData
2026-08-10 09:17:14 - S - STEP
2026-08-10 09:17:14 - LMU01 - LoadModulesUpdates-Step
2026-08-10 09:17:15 -  - exec CUpdateClient::LoadModulesUpdates
2026-08-10 09:17:15 -  - exec CUpdateClient::ParseServerData
2026-08-10 09:17:15 -  - loadFile
2026-08-10 09:17:15 - U - RETURN
2026-08-10 09:17:15 -  - exec CUpdateClient::UnGzipArchive
2026-08-10 09:17:15 -  - TIME UnGzipArchive 0.035 sec
2026-08-10 09:17:15 - CSURUS1 - Run updater '/bitrix/updates/update_m1786353435/main/updater26.500.0.php'
2026-08-10 09:17:15 - CSURUS1 - Run updater '/bitrix/updates/update_m1786353435/main/updater26.500.0.php'
2026-08-10 09:17:15 -  - TIME UpdateStepModules 0.117 sec
2026-08-10 09:17:15 - UPD_SUCCESS - Updated: main (26.500.0)<br><li>Расширен API системы обновлений. 
2026-08-10 09:17:15 -  - exec CUpdateClient::LoadModulesUpdates
2026-08-10 09:17:15 -  - exec CUpdateClient::CollectRequestData
2026-08-10 09:17:15 -  - LICENSE_KEY=X&lang=ru&SUPD_VER=26.500.0&VERSION=26.500.0&TYPENC=E&SUPD_STS=1&SUPD_URS=1&SUPD_DBS=MYSQL&XE=N&CLIENT_SITE=bx.local&SERVER_NAME=192.168.1.129&CHHB=bx.local%3A443&CSAB=127.0.0.1&SUID=f7vg30ov0a7vr9lgyzcmsjo8apnwonjb&CANGZIP=Y&CLIENT_PHPVER=8.2.30&stable=Y&mbfo=0&NGINX=Y&SMD=N&rerere=Y&bitm_main=26.500.0&bitm_bizprocmobile=26.0.0&bitm_bitrixcloud=25.100.0&bitm_im=26.300.0&bitm_imconnectormobile=25.100.0&bitm_mail=26.100.200&bitm_sale=26.400.0&bitm_forum=26.100.0&bitm_support=26.0.0&bitm_learning=25.0.0&bitm_listsmobile=25.200.0&bitm_catalogmobile=26.100.0&bitm_rpa=26.0.0&bitm_abtest=26.0.0&bitm_humanresources=26.400.0&bitm_conversion=25.0.0&bitm_tasksmobile=26.200.0&bitm_crmmobile=26.0.0&bitm_pull=25.400.0&bitm_ui=26.400.0&bitm_biconnector=26.200.0&bitm_immobile=26.300.0&bitm_webservice=26.0.0&bitm_tasks=26.100.0&bitm_intranetmobile=26.600.0&bitm_currency=26.0.0&bitm_timeman=25.800.0&bitm_calendarmobile=26.300.0&bitm_seo=26.0.0&bitm_fileman=26.0.0&bitm_callmobile=26.350.0&bitm_imbot=26.100.0&bitm_socialservices=26.400.0&bitm_highloadblock=25.100.0&bitm_wiki=26.0.0&bitm_search=25.200.0&bitm_subscribe=25.0.0&bitm_workflow=26.0.0&bitm_iblock=25.400.0&bitm_advertising=24.200.0&bitm_crm=26.300.0&bitm_form=26.0.0&bitm_transformer=25.400.0&bitm_sender=26.200.0&bitm_lists=26.100.0&bitm_clouds=26.0.0&bitm_mobileapp=25.100.0&bitm_storeassist=24.0.0&bitm_xdimport=25.0.0&bitm_intranet=26.200.0&bitm_disk=26.500.100&bitm_calendar=25.170.100&bitm_market=26.0.100&bitm_location=26.100.100&bitm_call=26.300.200&bitm_imopenlines=26.200.0&bitm_photogallery=25.100.0&bitm_extranet=26.100.0&bitm_security=26.0.0&bitm_ai=26.500.0&bitm_dav=26.100.0&bitm_messageservice=26.0.0&bitm_signmobile=26.100.0&bitm_bizproc=26.700.0&bitm_statistic=26.0.0&bitm_landing=26.300.0&bitm_catalog=26.300.0&bitm_mobile=26.200.0&bitm_vote=26.200.0&bitm_booking=26.300.0&bitm_diskmobile=26.100.0&bitm_voximplant=26.500.0&bitm_imconnector=26.200.0&bitm_documentgenerator=26.100.0&bitm_bizprocdesigner=26.300.0&bitm_recyclebin=26.0.0&bitm_socialnetwork=25.600.0&bitm_translate=26.0.0&bitm_mailmobile=26.50.0&bitm_sign=26.400.100&bitm_controller=26.0.0&bitm_perfmon=25.300.0&bitm_blog=26.500.100&bitm_ldap=26.0.0&bitm_salescenter=26.0.0&bitm_b24connector=26.0.0&bitm_report=26.100.0&bitm_rest=26.400.200&bitm_baas=26.200.200&bitm_idea=25.0.0&bitm_meeting=26.0.0&bitm_webdav=23.200.0&bitm_xmpp=21.0.0&bitm_cluster=26.0.0&bitm_note=25.0.0&bitl_en=&bitl_ru=&SUPD_OFC=Portal%3AF%3A%2CCommunications%3AF%3A%2CEnterprise%3AF%3A&SUPD_SRS=RU&SUPD_CMP=N&SALE_15=Y&LICENSE_SIGNED=%7Enew_license24_400_sign-Y
2026-08-10 09:17:15 -  - exec CUpdateClient::GetHTTPPage
2026-08-10 09:17:16 -  - TIME LoadModulesUpdates(request) 0.163 sec
2026-08-10 09:17:16 -  - exec CUpdateClient::ParseServerData
2026-08-10 09:17:16 - S - STEP
2026-08-10 09:17:16 - LMU01 - LoadModulesUpdates-Step
2026-08-10 09:17:16 -  - exec CUpdateClient::LoadModulesUpdates
2026-08-10 09:17:16 -  - exec CUpdateClient::ParseServerData
2026-08-10 09:17:16 -  - loadFile
2026-08-10 09:17:17 - U - RETURN
2026-08-10 09:17:17 -  - exec CUpdateClient::UnGzipArchive
2026-08-10 09:17:17 -  - TIME UnGzipArchive 0.142 sec
2026-08-10 09:17:17 - CSURUS1 - Run updater '/bitrix/updates/update_m1786353437/main/updater26.600.0.php'
2026-08-10 09:17:17 - CSURUS1 - Run updater '/bitrix/updates/update_m1786353437/main/updater26.600.0.php'
2026-08-10 09:17:17 - CRUPDCF1 - Run updater '/bitrix/updates/update_m1786353437/main/updater26.600.0.php': CopyFiles(install/admin, admin)
2026-08-10 09:17:17 - CRUPDCF1 - Run updater '/bitrix/updates/update_m1786353437/main/updater26.600.0.php': CopyFiles(install/bitrix, )
2026-08-10 09:17:17 - CRUPDCF1 - Run updater '/bitrix/updates/update_m1786353437/main/updater26.600.0.php': CopyFiles(install/components, components)
2026-08-10 09:17:17 - CRUPDCF1 - Run updater '/bitrix/updates/update_m1786353437/main/updater26.600.0.php': CopyFiles(install/gadgets, gadgets)
2026-08-10 09:17:17 - CRUPDCF1 - Run updater '/bitrix/updates/update_m1786353437/main/updater26.600.0.php': CopyFiles(install/js, js)
2026-08-10 09:17:17 - CRUPDCF1 - Run updater '/bitrix/updates/update_m1786353437/main/updater26.600.0.php': CopyFiles(install/panel, panel)
2026-08-10 09:17:17 - CRUPDCF1 - Run updater '/bitrix/updates/update_m1786353437/main/updater26.600.0.php': CopyFiles(install/services, services)
2026-08-10 09:17:17 - CRUPDCF1 - Run updater '/bitrix/updates/update_m1786353437/main/updater26.600.0.php': CopyFiles(install/themes, themes)
2026-08-10 09:17:17 - CRUPDCF1 - Run updater '/bitrix/updates/update_m1786353437/main/updater26.600.0.php': CopyFiles(install/tools, tools)
2026-08-10 09:17:17 - CRUPDCDF2 - Run updater '/bitrix/updates/update_m1786353437/main/updater26.600.0.php': Query(ALTER TABLE b_user_device DROP INDEX ix_user_device_user_cookable_appwd, )
2026-08-10 09:17:17 - CRUPDCDF2 - Run updater '/bitrix/updates/update_m1786353437/main/updater26.600.0.php': Query(CREATE INDEX ix_b_user_device_user_id_cookable ON b_user_device (USER_ID, COOKABLE), )
2026-08-10 09:17:17 - CRUPDCDF2 - Run updater '/bitrix/updates/update_m1786353437/main/updater26.600.0.php': Query(CREATE INDEX ix_b_user_device_user_id_app_password_id ON b_user_device (USER_ID, APP_PASSWORD_ID), )
2026-08-10 09:17:17 -  - TIME UpdateStepModules 0.716 sec
2026-08-10 09:17:17 - UPD_SUCCESS - Updated: main (26.600.0)<br><li>Исправлены ошибки интерфейса. <li>В списке устройств пользователя администратор теперь может удалить устройство (вместе со входами). <li>Изменен алгоритм определения нового устройства - теперь приоритет имеет признак аутентификации с паролем приложения. 
2026-08-10 09:17:18 -  - exec CUpdateClient::LoadModulesUpdates
2026-08-10 09:17:18 -  - exec CUpdateClient::CollectRequestData
2026-08-10 09:17:18 -  - LICENSE_KEY=X&lang=ru&SUPD_VER=26.500.0&VERSION=26.600.0&TYPENC=E&SUPD_STS=1&SUPD_URS=1&SUPD_DBS=MYSQL&XE=N&CLIENT_SITE=bx.local&SERVER_NAME=192.168.1.129&CHHB=bx.local%3A443&CSAB=127.0.0.1&SUID=f7vg30ov0a7vr9lgyzcmsjo8apnwonjb&CANGZIP=Y&CLIENT_PHPVER=8.2.30&stable=Y&mbfo=0&NGINX=Y&SMD=N&rerere=Y&bitm_main=26.600.0&bitm_bizprocmobile=26.0.0&bitm_bitrixcloud=25.100.0&bitm_im=26.300.0&bitm_imconnectormobile=25.100.0&bitm_mail=26.100.200&bitm_sale=26.400.0&bitm_forum=26.100.0&bitm_support=26.0.0&bitm_learning=25.0.0&bitm_listsmobile=25.200.0&bitm_catalogmobile=26.100.0&bitm_rpa=26.0.0&bitm_abtest=26.0.0&bitm_humanresources=26.400.0&bitm_conversion=25.0.0&bitm_tasksmobile=26.200.0&bitm_crmmobile=26.0.0&bitm_pull=25.400.0&bitm_ui=26.400.0&bitm_biconnector=26.200.0&bitm_immobile=26.300.0&bitm_webservice=26.0.0&bitm_tasks=26.100.0&bitm_intranetmobile=26.600.0&bitm_currency=26.0.0&bitm_timeman=25.800.0&bitm_calendarmobile=26.300.0&bitm_seo=26.0.0&bitm_fileman=26.0.0&bitm_callmobile=26.350.0&bitm_imbot=26.100.0&bitm_socialservices=26.400.0&bitm_highloadblock=25.100.0&bitm_wiki=26.0.0&bitm_search=25.200.0&bitm_subscribe=25.0.0&bitm_workflow=26.0.0&bitm_iblock=25.400.0&bitm_advertising=24.200.0&bitm_crm=26.300.0&bitm_form=26.0.0&bitm_transformer=25.400.0&bitm_sender=26.200.0&bitm_lists=26.100.0&bitm_clouds=26.0.0&bitm_mobileapp=25.100.0&bitm_storeassist=24.0.0&bitm_xdimport=25.0.0&bitm_intranet=26.200.0&bitm_disk=26.500.100&bitm_calendar=25.170.100&bitm_market=26.0.100&bitm_location=26.100.100&bitm_call=26.300.200&bitm_imopenlines=26.200.0&bitm_photogallery=25.100.0&bitm_extranet=26.100.0&bitm_security=26.0.0&bitm_ai=26.500.0&bitm_dav=26.100.0&bitm_messageservice=26.0.0&bitm_signmobile=26.100.0&bitm_bizproc=26.700.0&bitm_statistic=26.0.0&bitm_landing=26.300.0&bitm_catalog=26.300.0&bitm_mobile=26.200.0&bitm_vote=26.200.0&bitm_booking=26.300.0&bitm_diskmobile=26.100.0&bitm_voximplant=26.500.0&bitm_imconnector=26.200.0&bitm_documentgenerator=26.100.0&bitm_bizprocdesigner=26.300.0&bitm_recyclebin=26.0.0&bitm_socialnetwork=25.600.0&bitm_translate=26.0.0&bitm_mailmobile=26.50.0&bitm_sign=26.400.100&bitm_controller=26.0.0&bitm_perfmon=25.300.0&bitm_blog=26.500.100&bitm_ldap=26.0.0&bitm_salescenter=26.0.0&bitm_b24connector=26.0.0&bitm_report=26.100.0&bitm_rest=26.400.200&bitm_baas=26.200.200&bitm_idea=25.0.0&bitm_meeting=26.0.0&bitm_webdav=23.200.0&bitm_xmpp=21.0.0&bitm_cluster=26.0.0&bitm_note=25.0.0&bitl_en=&bitl_ru=&SUPD_OFC=Portal%3AF%3A%2CCommunications%3AF%3A%2CEnterprise%3AF%3A&SUPD_SRS=RU&SUPD_CMP=N&SALE_15=Y&LICENSE_SIGNED=%7Enew_license24_400_sign-Y
2026-08-10 09:17:18 -  - exec CUpdateClient::GetHTTPPage
2026-08-10 09:17:18 -  - TIME LoadModulesUpdates(request) 0.156 sec
2026-08-10 09:17:18 -  - exec CUpdateClient::ParseServerData
2026-08-10 09:17:18 - S - STEP
2026-08-10 09:17:18 - LMU01 - LoadModulesUpdates-Step
2026-08-10 09:17:18 -  - exec CUpdateClient::LoadModulesUpdates
2026-08-10 09:17:18 -  - exec CUpdateClient::ParseServerData
2026-08-10 09:17:18 -  - loadFile
2026-08-10 09:17:19 - U - RETURN
2026-08-10 09:17:19 -  - exec CUpdateClient::UnGzipArchive
2026-08-10 09:17:19 -  - TIME UnGzipArchive 0.025 sec
2026-08-10 09:17:19 - CSURUS1 - Run updater '/bitrix/updates/update_m1786353439/main/updater26.650.0.php'
2026-08-10 09:17:19 - CSURUS1 - Run updater '/bitrix/updates/update_m1786353439/main/updater26.650.0.php'
2026-08-10 09:17:19 - CRUPDCF1 - Run updater '/bitrix/updates/update_m1786353439/main/updater26.650.0.php': CopyFiles(install/js, js)
2026-08-10 09:17:19 -  - TIME UpdateStepModules 0.041 sec
2026-08-10 09:17:19 - UPD_SUCCESS - Updated: main (26.650.0)<br><li>Разработчикам: добавлен метод \\CUserCounter::clearLiveFeedCodes() для массовой очистки счётчиков ленты. 
2026-08-10 09:17:19 -  - exec CUpdateClient::LoadModulesUpdates
2026-08-10 09:17:19 -  - exec CUpdateClient::CollectRequestData
2026-08-10 09:17:19 -  - LICENSE_KEY=X&lang=ru&SUPD_VER=26.500.0&VERSION=26.650.0&TYPENC=E&SUPD_STS=1&SUPD_URS=1&SUPD_DBS=MYSQL&XE=N&CLIENT_SITE=bx.local&SERVER_NAME=192.168.1.129&CHHB=bx.local%3A443&CSAB=127.0.0.1&SUID=f7vg30ov0a7vr9lgyzcmsjo8apnwonjb&CANGZIP=Y&CLIENT_PHPVER=8.2.30&stable=Y&mbfo=0&NGINX=Y&SMD=N&rerere=Y&bitm_main=26.650.0&bitm_bizprocmobile=26.0.0&bitm_bitrixcloud=25.100.0&bitm_im=26.300.0&bitm_imconnectormobile=25.100.0&bitm_mail=26.100.200&bitm_sale=26.400.0&bitm_forum=26.100.0&bitm_support=26.0.0&bitm_learning=25.0.0&bitm_listsmobile=25.200.0&bitm_catalogmobile=26.100.0&bitm_rpa=26.0.0&bitm_abtest=26.0.0&bitm_humanresources=26.400.0&bitm_conversion=25.0.0&bitm_tasksmobile=26.200.0&bitm_crmmobile=26.0.0&bitm_pull=25.400.0&bitm_ui=26.400.0&bitm_biconnector=26.200.0&bitm_immobile=26.300.0&bitm_webservice=26.0.0&bitm_tasks=26.100.0&bitm_intranetmobile=26.600.0&bitm_currency=26.0.0&bitm_timeman=25.800.0&bitm_calendarmobile=26.300.0&bitm_seo=26.0.0&bitm_fileman=26.0.0&bitm_callmobile=26.350.0&bitm_imbot=26.100.0&bitm_socialservices=26.400.0&bitm_highloadblock=25.100.0&bitm_wiki=26.0.0&bitm_search=25.200.0&bitm_subscribe=25.0.0&bitm_workflow=26.0.0&bitm_iblock=25.400.0&bitm_advertising=24.200.0&bitm_crm=26.300.0&bitm_form=26.0.0&bitm_transformer=25.400.0&bitm_sender=26.200.0&bitm_lists=26.100.0&bitm_clouds=26.0.0&bitm_mobileapp=25.100.0&bitm_storeassist=24.0.0&bitm_xdimport=25.0.0&bitm_intranet=26.200.0&bitm_disk=26.500.100&bitm_calendar=25.170.100&bitm_market=26.0.100&bitm_location=26.100.100&bitm_call=26.300.200&bitm_imopenlines=26.200.0&bitm_photogallery=25.100.0&bitm_extranet=26.100.0&bitm_security=26.0.0&bitm_ai=26.500.0&bitm_dav=26.100.0&bitm_messageservice=26.0.0&bitm_signmobile=26.100.0&bitm_bizproc=26.700.0&bitm_statistic=26.0.0&bitm_landing=26.300.0&bitm_catalog=26.300.0&bitm_mobile=26.200.0&bitm_vote=26.200.0&bitm_booking=26.300.0&bitm_diskmobile=26.100.0&bitm_voximplant=26.500.0&bitm_imconnector=26.200.0&bitm_documentgenerator=26.100.0&bitm_bizprocdesigner=26.300.0&bitm_recyclebin=26.0.0&bitm_socialnetwork=25.600.0&bitm_translate=26.0.0&bitm_mailmobile=26.50.0&bitm_sign=26.400.100&bitm_controller=26.0.0&bitm_perfmon=25.300.0&bitm_blog=26.500.100&bitm_ldap=26.0.0&bitm_salescenter=26.0.0&bitm_b24connector=26.0.0&bitm_report=26.100.0&bitm_rest=26.400.200&bitm_baas=26.200.200&bitm_idea=25.0.0&bitm_meeting=26.0.0&bitm_webdav=23.200.0&bitm_xmpp=21.0.0&bitm_cluster=26.0.0&bitm_note=25.0.0&bitl_en=&bitl_ru=&SUPD_OFC=Portal%3AF%3A%2CCommunications%3AF%3A%2CEnterprise%3AF%3A&SUPD_SRS=RU&SUPD_CMP=N&SALE_15=Y&LICENSE_SIGNED=%7Enew_license24_400_sign-Y
2026-08-10 09:17:19 -  - exec CUpdateClient::GetHTTPPage
2026-08-10 09:17:19 -  - TIME LoadModulesUpdates(request) 0.148 sec
2026-08-10 09:17:19 -  - exec CUpdateClient::ParseServerData
2026-08-10 09:17:19 - S - STEP
2026-08-10 09:17:19 - LMU01 - LoadModulesUpdates-Step
2026-08-10 09:17:19 -  - exec CUpdateClient::LoadModulesUpdates
2026-08-10 09:17:19 -  - exec CUpdateClient::ParseServerData
2026-08-10 09:17:19 -  - loadFile
2026-08-10 09:17:20 - U - RETURN
2026-08-10 09:17:20 -  - exec CUpdateClient::UnGzipArchive
2026-08-10 09:17:20 -  - TIME UnGzipArchive 0.001 sec
2026-08-10 09:17:20 -  - TIME UpdateStepModules 0.002 sec
2026-08-10 09:17:20 - UPD_SUCCESS - Updated: main (26.650.100)<br><li>Исправлена ошибка при загрузке файлов в модуле support. 
2026-08-10 09:17:20 -  - exec CUpdateClient::LoadModulesUpdates
2026-08-10 09:17:20 -  - exec CUpdateClient::CollectRequestData
2026-08-10 09:17:20 -  - LICENSE_KEY=X&lang=ru&SUPD_VER=26.500.0&VERSION=26.650.100&TYPENC=E&SUPD_STS=1&SUPD_URS=1&SUPD_DBS=MYSQL&XE=N&CLIENT_SITE=bx.local&SERVER_NAME=192.168.1.129&CHHB=bx.local%3A443&CSAB=127.0.0.1&SUID=f7vg30ov0a7vr9lgyzcmsjo8apnwonjb&CANGZIP=Y&CLIENT_PHPVER=8.2.30&stable=Y&mbfo=0&NGINX=Y&SMD=N&rerere=Y&bitm_main=26.650.100&bitm_bizprocmobile=26.0.0&bitm_bitrixcloud=25.100.0&bitm_im=26.300.0&bitm_imconnectormobile=25.100.0&bitm_mail=26.100.200&bitm_sale=26.400.0&bitm_forum=26.100.0&bitm_support=26.0.0&bitm_learning=25.0.0&bitm_listsmobile=25.200.0&bitm_catalogmobile=26.100.0&bitm_rpa=26.0.0&bitm_abtest=26.0.0&bitm_humanresources=26.400.0&bitm_conversion=25.0.0&bitm_tasksmobile=26.200.0&bitm_crmmobile=26.0.0&bitm_pull=25.400.0&bitm_ui=26.400.0&bitm_biconnector=26.200.0&bitm_immobile=26.300.0&bitm_webservice=26.0.0&bitm_tasks=26.100.0&bitm_intranetmobile=26.600.0&bitm_currency=26.0.0&bitm_timeman=25.800.0&bitm_calendarmobile=26.300.0&bitm_seo=26.0.0&bitm_fileman=26.0.0&bitm_callmobile=26.350.0&bitm_imbot=26.100.0&bitm_socialservices=26.400.0&bitm_highloadblock=25.100.0&bitm_wiki=26.0.0&bitm_search=25.200.0&bitm_subscribe=25.0.0&bitm_workflow=26.0.0&bitm_iblock=25.400.0&bitm_advertising=24.200.0&bitm_crm=26.300.0&bitm_form=26.0.0&bitm_transformer=25.400.0&bitm_sender=26.200.0&bitm_lists=26.100.0&bitm_clouds=26.0.0&bitm_mobileapp=25.100.0&bitm_storeassist=24.0.0&bitm_xdimport=25.0.0&bitm_intranet=26.200.0&bitm_disk=26.500.100&bitm_calendar=25.170.100&bitm_market=26.0.100&bitm_location=26.100.100&bitm_call=26.300.200&bitm_imopenlines=26.200.0&bitm_photogallery=25.100.0&bitm_extranet=26.100.0&bitm_security=26.0.0&bitm_ai=26.500.0&bitm_dav=26.100.0&bitm_messageservice=26.0.0&bitm_signmobile=26.100.0&bitm_bizproc=26.700.0&bitm_statistic=26.0.0&bitm_landing=26.300.0&bitm_catalog=26.300.0&bitm_mobile=26.200.0&bitm_vote=26.200.0&bitm_booking=26.300.0&bitm_diskmobile=26.100.0&bitm_voximplant=26.500.0&bitm_imconnector=26.200.0&bitm_documentgenerator=26.100.0&bitm_bizprocdesigner=26.300.0&bitm_recyclebin=26.0.0&bitm_socialnetwork=25.600.0&bitm_translate=26.0.0&bitm_mailmobile=26.50.0&bitm_sign=26.400.100&bitm_controller=26.0.0&bitm_perfmon=25.300.0&bitm_blog=26.500.100&bitm_ldap=26.0.0&bitm_salescenter=26.0.0&bitm_b24connector=26.0.0&bitm_report=26.100.0&bitm_rest=26.400.200&bitm_baas=26.200.200&bitm_idea=25.0.0&bitm_meeting=26.0.0&bitm_webdav=23.200.0&bitm_xmpp=21.0.0&bitm_cluster=26.0.0&bitm_note=25.0.0&bitl_en=&bitl_ru=&SUPD_OFC=Portal%3AF%3A%2CCommunications%3AF%3A%2CEnterprise%3AF%3A&SUPD_SRS=RU&SUPD_CMP=N&SALE_15=Y&LICENSE_SIGNED=%7Enew_license24_400_sign-Y
2026-08-10 09:17:20 -  - exec CUpdateClient::GetHTTPPage
2026-08-10 09:17:20 -  - TIME LoadModulesUpdates(request) 0.159 sec
2026-08-10 09:17:20 -  - exec CUpdateClient::ParseServerData
2026-08-10 09:17:20 - S - STEP
2026-08-10 09:17:20 - LMU01 - LoadModulesUpdates-Step
2026-08-10 09:17:20 -  - exec CUpdateClient::LoadModulesUpdates
2026-08-10 09:17:20 -  - exec CUpdateClient::ParseServerData
2026-08-10 09:17:20 -  - loadFile
2026-08-10 09:17:21 - U - RETURN
2026-08-10 09:17:21 -  - exec CUpdateClient::UnGzipArchive
2026-08-10 09:17:21 -  - TIME UnGzipArchive 0.031 sec
2026-08-10 09:17:21 - CSURUS1 - Run updater '/bitrix/updates/update_m1786353441/intranet/updater26.300.0.php'
2026-08-10 09:17:21 - CSURUS1 - Run updater '/bitrix/updates/update_m1786353441/intranet/updater26.300.0.php'
2026-08-10 09:17:21 - CRUPDCF1 - Run updater '/bitrix/updates/update_m1786353441/intranet/updater26.300.0.php': CopyFiles(install/components, components)
2026-08-10 09:17:21 - CRUPDCF1 - Run updater '/bitrix/updates/update_m1786353441/intranet/updater26.300.0.php': CopyFiles(install/wizards/bitrix/portal, wizards/bitrix/portal)
2026-08-10 09:17:21 - CRUPDCF1 - Run updater '/bitrix/updates/update_m1786353441/intranet/updater26.300.0.php': CopyFiles(install/templates/bitrix24, templates/bitrix24)
2026-08-10 09:17:21 -  - TIME UpdateStepModules 0.071 sec
2026-08-10 09:17:21 - UPD_SUCCESS - Updated: intranet (26.300.0)<br><li>Добавлено корректное переключение сервиса для работы с документами в публичных настройках портала.
2026-08-10 09:17:21 -  - exec CUpdateClient::LoadModulesUpdates
2026-08-10 09:17:21 -  - exec CUpdateClient::CollectRequestData
2026-08-10 09:17:21 -  - LICENSE_KEY=X&lang=ru&SUPD_VER=26.500.0&VERSION=26.650.100&TYPENC=E&SUPD_STS=1&SUPD_URS=1&SUPD_DBS=MYSQL&XE=N&CLIENT_SITE=bx.local&SERVER_NAME=192.168.1.129&CHHB=bx.local%3A443&CSAB=127.0.0.1&SUID=f7vg30ov0a7vr9lgyzcmsjo8apnwonjb&CANGZIP=Y&CLIENT_PHPVER=8.2.30&stable=Y&mbfo=0&NGINX=Y&SMD=N&rerere=Y&bitm_main=26.650.100&bitm_bizprocmobile=26.0.0&bitm_bitrixcloud=25.100.0&bitm_im=26.300.0&bitm_imconnectormobile=25.100.0&bitm_mail=26.100.200&bitm_sale=26.400.0&bitm_forum=26.100.0&bitm_support=26.0.0&bitm_learning=25.0.0&bitm_listsmobile=25.200.0&bitm_catalogmobile=26.100.0&bitm_rpa=26.0.0&bitm_abtest=26.0.0&bitm_humanresources=26.400.0&bitm_conversion=25.0.0&bitm_tasksmobile=26.200.0&bitm_crmmobile=26.0.0&bitm_pull=25.400.0&bitm_ui=26.400.0&bitm_biconnector=26.200.0&bitm_immobile=26.300.0&bitm_webservice=26.0.0&bitm_tasks=26.100.0&bitm_intranetmobile=26.600.0&bitm_currency=26.0.0&bitm_timeman=25.800.0&bitm_calendarmobile=26.300.0&bitm_seo=26.0.0&bitm_fileman=26.0.0&bitm_callmobile=26.350.0&bitm_imbot=26.100.0&bitm_socialservices=26.400.0&bitm_highloadblock=25.100.0&bitm_wiki=26.0.0&bitm_search=25.200.0&bitm_subscribe=25.0.0&bitm_workflow=26.0.0&bitm_iblock=25.400.0&bitm_advertising=24.200.0&bitm_crm=26.300.0&bitm_form=26.0.0&bitm_transformer=25.400.0&bitm_sender=26.200.0&bitm_lists=26.100.0&bitm_clouds=26.0.0&bitm_mobileapp=25.100.0&bitm_storeassist=24.0.0&bitm_xdimport=25.0.0&bitm_intranet=26.300.0&bitm_disk=26.500.100&bitm_calendar=25.170.100&bitm_market=26.0.100&bitm_location=26.100.100&bitm_call=26.300.200&bitm_imopenlines=26.200.0&bitm_photogallery=25.100.0&bitm_extranet=26.100.0&bitm_security=26.0.0&bitm_ai=26.500.0&bitm_dav=26.100.0&bitm_messageservice=26.0.0&bitm_signmobile=26.100.0&bitm_bizproc=26.700.0&bitm_statistic=26.0.0&bitm_landing=26.300.0&bitm_catalog=26.300.0&bitm_mobile=26.200.0&bitm_vote=26.200.0&bitm_booking=26.300.0&bitm_diskmobile=26.100.0&bitm_voximplant=26.500.0&bitm_imconnector=26.200.0&bitm_documentgenerator=26.100.0&bitm_bizprocdesigner=26.300.0&bitm_recyclebin=26.0.0&bitm_socialnetwork=25.600.0&bitm_translate=26.0.0&bitm_mailmobile=26.50.0&bitm_sign=26.400.100&bitm_controller=26.0.0&bitm_perfmon=25.300.0&bitm_blog=26.500.100&bitm_ldap=26.0.0&bitm_salescenter=26.0.0&bitm_b24connector=26.0.0&bitm_report=26.100.0&bitm_rest=26.400.200&bitm_baas=26.200.200&bitm_idea=25.0.0&bitm_meeting=26.0.0&bitm_webdav=23.200.0&bitm_xmpp=21.0.0&bitm_cluster=26.0.0&bitm_note=25.0.0&bitl_en=&bitl_ru=&SUPD_OFC=Portal%3AF%3A%2CCommunications%3AF%3A%2CEnterprise%3AF%3A&SUPD_SRS=RU&SUPD_CMP=N&SALE_15=Y&LICENSE_SIGNED=%7Enew_license24_400_sign-Y
2026-08-10 09:17:21 -  - exec CUpdateClient::GetHTTPPage
2026-08-10 09:17:21 -  - TIME LoadModulesUpdates(request) 0.155 sec
2026-08-10 09:17:21 -  - exec CUpdateClient::ParseServerData
2026-08-10 09:17:21 - S - STEP
2026-08-10 09:17:21 - LMU01 - LoadModulesUpdates-Step
2026-08-10 09:17:22 -  - exec CUpdateClient::LoadModulesUpdates
2026-08-10 09:17:22 -  - exec CUpdateClient::ParseServerData
2026-08-10 09:17:22 -  - loadFile
2026-08-10 09:17:22 - U - RETURN
2026-08-10 09:17:22 -  - exec CUpdateClient::UnGzipArchive
2026-08-10 09:17:22 -  - TIME UnGzipArchive 0.023 sec
2026-08-10 09:17:22 - CSURUS1 - Run updater '/bitrix/updates/update_m1786353442/crm/updater26.300.100.php'
2026-08-10 09:17:22 - CSURUS1 - Run updater '/bitrix/updates/update_m1786353442/crm/updater26.300.100.php'
2026-08-10 09:17:22 - CRUPDCF1 - Run updater '/bitrix/updates/update_m1786353442/crm/updater26.300.100.php': CopyFiles(install/components, components)
2026-08-10 09:17:22 - CRUPDCF1 - Run updater '/bitrix/updates/update_m1786353442/crm/updater26.300.100.php': CopyFiles(install/js, js)
2026-08-10 09:17:22 - CRUPDCF1 - Run updater '/bitrix/updates/update_m1786353442/crm/updater26.300.100.php': CopyFiles(install/activities, activities)
2026-08-10 09:17:22 - CRUPDCF1 - Run updater '/bitrix/updates/update_m1786353442/crm/updater26.300.100.php': CopyFiles(install/gadgets, gadgets)
2026-08-10 09:17:22 - CRUPDCF1 - Run updater '/bitrix/updates/update_m1786353442/crm/updater26.300.100.php': CopyFiles(install/images, images)
2026-08-10 09:17:22 - CRUPDCF1 - Run updater '/bitrix/updates/update_m1786353442/crm/updater26.300.100.php': CopyFiles(install/themes, themes)
2026-08-10 09:17:22 -  - TIME UpdateStepModules 0.096 sec
2026-08-10 09:17:22 - UPD_SUCCESS - Updated: crm (26.300.100)<br><li>Добавлено новое право доступа для раздела «История». 
2026-08-10 09:17:22 -  - exec CUpdateClient::LoadModulesUpdates
2026-08-10 09:17:22 -  - exec CUpdateClient::CollectRequestData
2026-08-10 09:17:22 -  - LICENSE_KEY=X&lang=ru&SUPD_VER=26.500.0&VERSION=26.650.100&TYPENC=E&SUPD_STS=1&SUPD_URS=1&SUPD_DBS=MYSQL&XE=N&CLIENT_SITE=bx.local&SERVER_NAME=192.168.1.129&CHHB=bx.local%3A443&CSAB=127.0.0.1&SUID=f7vg30ov0a7vr9lgyzcmsjo8apnwonjb&CANGZIP=Y&CLIENT_PHPVER=8.2.30&stable=Y&mbfo=0&NGINX=Y&SMD=N&rerere=Y&bitm_main=26.650.100&bitm_bizprocmobile=26.0.0&bitm_bitrixcloud=25.100.0&bitm_im=26.300.0&bitm_imconnectormobile=25.100.0&bitm_mail=26.100.200&bitm_sale=26.400.0&bitm_forum=26.100.0&bitm_support=26.0.0&bitm_learning=25.0.0&bitm_listsmobile=25.200.0&bitm_catalogmobile=26.100.0&bitm_rpa=26.0.0&bitm_abtest=26.0.0&bitm_humanresources=26.400.0&bitm_conversion=25.0.0&bitm_tasksmobile=26.200.0&bitm_crmmobile=26.0.0&bitm_pull=25.400.0&bitm_ui=26.400.0&bitm_biconnector=26.200.0&bitm_immobile=26.300.0&bitm_webservice=26.0.0&bitm_tasks=26.100.0&bitm_intranetmobile=26.600.0&bitm_currency=26.0.0&bitm_timeman=25.800.0&bitm_calendarmobile=26.300.0&bitm_seo=26.0.0&bitm_fileman=26.0.0&bitm_callmobile=26.350.0&bitm_imbot=26.100.0&bitm_socialservices=26.400.0&bitm_highloadblock=25.100.0&bitm_wiki=26.0.0&bitm_search=25.200.0&bitm_subscribe=25.0.0&bitm_workflow=26.0.0&bitm_iblock=25.400.0&bitm_advertising=24.200.0&bitm_crm=26.300.100&bitm_form=26.0.0&bitm_transformer=25.400.0&bitm_sender=26.200.0&bitm_lists=26.100.0&bitm_clouds=26.0.0&bitm_mobileapp=25.100.0&bitm_storeassist=24.0.0&bitm_xdimport=25.0.0&bitm_intranet=26.300.0&bitm_disk=26.500.100&bitm_calendar=25.170.100&bitm_market=26.0.100&bitm_location=26.100.100&bitm_call=26.300.200&bitm_imopenlines=26.200.0&bitm_photogallery=25.100.0&bitm_extranet=26.100.0&bitm_security=26.0.0&bitm_ai=26.500.0&bitm_dav=26.100.0&bitm_messageservice=26.0.0&bitm_signmobile=26.100.0&bitm_bizproc=26.700.0&bitm_statistic=26.0.0&bitm_landing=26.300.0&bitm_catalog=26.300.0&bitm_mobile=26.200.0&bitm_vote=26.200.0&bitm_booking=26.300.0&bitm_diskmobile=26.100.0&bitm_voximplant=26.500.0&bitm_imconnector=26.200.0&bitm_documentgenerator=26.100.0&bitm_bizprocdesigner=26.300.0&bitm_recyclebin=26.0.0&bitm_socialnetwork=25.600.0&bitm_translate=26.0.0&bitm_mailmobile=26.50.0&bitm_sign=26.400.100&bitm_controller=26.0.0&bitm_perfmon=25.300.0&bitm_blog=26.500.100&bitm_ldap=26.0.0&bitm_salescenter=26.0.0&bitm_b24connector=26.0.0&bitm_report=26.100.0&bitm_rest=26.400.200&bitm_baas=26.200.200&bitm_idea=25.0.0&bitm_meeting=26.0.0&bitm_webdav=23.200.0&bitm_xmpp=21.0.0&bitm_cluster=26.0.0&bitm_note=25.0.0&bitl_en=&bitl_ru=&SUPD_OFC=Portal%3AF%3A%2CCommunications%3AF%3A%2CEnterprise%3AF%3A&SUPD_SRS=RU&SUPD_CMP=N&SALE_15=Y&LICENSE_SIGNED=%7Enew_license24_400_sign-Y
2026-08-10 09:17:22 -  - exec CUpdateClient::GetHTTPPage
2026-08-10 09:17:22 -  - TIME LoadModulesUpdates(request) 0.15 sec
2026-08-10 09:17:22 -  - exec CUpdateClient::ParseServerData
2026-08-10 09:17:22 - S - STEP
2026-08-10 09:17:22 - LMU01 - LoadModulesUpdates-Step
2026-08-10 09:17:23 -  - exec CUpdateClient::LoadModulesUpdates
2026-08-10 09:17:23 -  - exec CUpdateClient::ParseServerData
2026-08-10 09:17:23 -  - loadFile
2026-08-10 09:17:24 - U - RETURN
2026-08-10 09:17:24 -  - exec CUpdateClient::UnGzipArchive
2026-08-10 09:17:24 -  - TIME UnGzipArchive 0.326 sec
2026-08-10 09:17:24 - CSURUS1 - Run updater '/bitrix/updates/update_m1786353444/crm/updater26.400.0.php'
2026-08-10 09:17:24 - CSURUS1 - Run updater '/bitrix/updates/update_m1786353444/crm/updater26.400.0.php'
2026-08-10 09:17:24 - CRUPDCF1 - Run updater '/bitrix/updates/update_m1786353444/crm/updater26.400.0.php': CopyFiles(install/components, components)
2026-08-10 09:17:24 - CRUPDCF1 - Run updater '/bitrix/updates/update_m1786353444/crm/updater26.400.0.php': CopyFiles(install/js, js)
2026-08-10 09:17:25 - CRUPDCF1 - Run updater '/bitrix/updates/update_m1786353444/crm/updater26.400.0.php': CopyFiles(install/activities, activities)
2026-08-10 09:17:25 - CRUPDCF1 - Run updater '/bitrix/updates/update_m1786353444/crm/updater26.400.0.php': CopyFiles(install/gadgets, gadgets)
2026-08-10 09:17:25 - CRUPDCF1 - Run updater '/bitrix/updates/update_m1786353444/crm/updater26.400.0.php': CopyFiles(install/images, images)
2026-08-10 09:17:25 - CRUPDCF1 - Run updater '/bitrix/updates/update_m1786353444/crm/updater26.400.0.php': CopyFiles(install/themes, themes)
2026-08-10 09:17:26 -  - TIME UpdateStepModules 1.661 sec
2026-08-10 09:17:26 - UPD_SUCCESS - Updated: crm (26.400.0)<br><li>Добавлена возможность копировать таймлайн при копировании сделки через робота. 
2026-08-10 09:17:26 -  - exec CUpdateClient::LoadModulesUpdates
2026-08-10 09:17:26 -  - exec CUpdateClient::CollectRequestData
2026-08-10 09:17:26 -  - LICENSE_KEY=X&lang=ru&SUPD_VER=26.500.0&VERSION=26.650.100&TYPENC=E&SUPD_STS=1&SUPD_URS=1&SUPD_DBS=MYSQL&XE=N&CLIENT_SITE=bx.local&SERVER_NAME=192.168.1.129&CHHB=bx.local%3A443&CSAB=127.0.0.1&SUID=f7vg30ov0a7vr9lgyzcmsjo8apnwonjb&CANGZIP=Y&CLIENT_PHPVER=8.2.30&stable=Y&mbfo=0&NGINX=Y&SMD=N&rerere=Y&bitm_main=26.650.100&bitm_bizprocmobile=26.0.0&bitm_bitrixcloud=25.100.0&bitm_im=26.300.0&bitm_imconnectormobile=25.100.0&bitm_mail=26.100.200&bitm_sale=26.400.0&bitm_forum=26.100.0&bitm_support=26.0.0&bitm_learning=25.0.0&bitm_listsmobile=25.200.0&bitm_catalogmobile=26.100.0&bitm_rpa=26.0.0&bitm_abtest=26.0.0&bitm_humanresources=26.400.0&bitm_conversion=25.0.0&bitm_tasksmobile=26.200.0&bitm_crmmobile=26.0.0&bitm_pull=25.400.0&bitm_ui=26.400.0&bitm_biconnector=26.200.0&bitm_immobile=26.300.0&bitm_webservice=26.0.0&bitm_tasks=26.100.0&bitm_intranetmobile=26.600.0&bitm_currency=26.0.0&bitm_timeman=25.800.0&bitm_calendarmobile=26.300.0&bitm_seo=26.0.0&bitm_fileman=26.0.0&bitm_callmobile=26.350.0&bitm_imbot=26.100.0&bitm_socialservices=26.400.0&bitm_highloadblock=25.100.0&bitm_wiki=26.0.0&bitm_search=25.200.0&bitm_subscribe=25.0.0&bitm_workflow=26.0.0&bitm_iblock=25.400.0&bitm_advertising=24.200.0&bitm_crm=26.400.0&bitm_form=26.0.0&bitm_transformer=25.400.0&bitm_sender=26.200.0&bitm_lists=26.100.0&bitm_clouds=26.0.0&bitm_mobileapp=25.100.0&bitm_storeassist=24.0.0&bitm_xdimport=25.0.0&bitm_intranet=26.300.0&bitm_disk=26.500.100&bitm_calendar=25.170.100&bitm_market=26.0.100&bitm_location=26.100.100&bitm_call=26.300.200&bitm_imopenlines=26.200.0&bitm_photogallery=25.100.0&bitm_extranet=26.100.0&bitm_security=26.0.0&bitm_ai=26.500.0&bitm_dav=26.100.0&bitm_messageservice=26.0.0&bitm_signmobile=26.100.0&bitm_bizproc=26.700.0&bitm_statistic=26.0.0&bitm_landing=26.300.0&bitm_catalog=26.300.0&bitm_mobile=26.200.0&bitm_vote=26.200.0&bitm_booking=26.300.0&bitm_diskmobile=26.100.0&bitm_voximplant=26.500.0&bitm_imconnector=26.200.0&bitm_documentgenerator=26.100.0&bitm_bizprocdesigner=26.300.0&bitm_recyclebin=26.0.0&bitm_socialnetwork=25.600.0&bitm_translate=26.0.0&bitm_mailmobile=26.50.0&bitm_sign=26.400.100&bitm_controller=26.0.0&bitm_perfmon=25.300.0&bitm_blog=26.500.100&bitm_ldap=26.0.0&bitm_salescenter=26.0.0&bitm_b24connector=26.0.0&bitm_report=26.100.0&bitm_rest=26.400.200&bitm_baas=26.200.200&bitm_idea=25.0.0&bitm_meeting=26.0.0&bitm_webdav=23.200.0&bitm_xmpp=21.0.0&bitm_cluster=26.0.0&bitm_note=25.0.0&bitl_en=&bitl_ru=&SUPD_OFC=Portal%3AF%3A%2CCommunications%3AF%3A%2CEnterprise%3AF%3A&SUPD_SRS=RU&SUPD_CMP=N&SALE_15=Y&LICENSE_SIGNED=%7Enew_license24_400_sign-Y
2026-08-10 09:17:26 -  - exec CUpdateClient::GetHTTPPage
2026-08-10 09:17:26 -  - TIME LoadModulesUpdates(request) 0.151 sec
2026-08-10 09:17:26 -  - exec CUpdateClient::ParseServerData
2026-08-10 09:17:26 - S - STEP
2026-08-10 09:17:26 - LMU01 - LoadModulesUpdates-Step
2026-08-10 09:17:26 -  - exec CUpdateClient::LoadModulesUpdates
2026-08-10 09:17:26 -  - exec CUpdateClient::ParseServerData
2026-08-10 09:17:26 -  - loadFile
2026-08-10 09:17:27 - U - RETURN
2026-08-10 09:17:27 -  - exec CUpdateClient::UnGzipArchive
2026-08-10 09:17:27 -  - TIME UnGzipArchive 0.021 sec
2026-08-10 09:17:27 - CSURUS1 - Run updater '/bitrix/updates/update_m1786353447/im/updater26.300.100.php'
2026-08-10 09:17:27 - CSURUS1 - Run updater '/bitrix/updates/update_m1786353447/im/updater26.300.100.php'
2026-08-10 09:17:27 - CRUPDCF1 - Run updater '/bitrix/updates/update_m1786353447/im/updater26.300.100.php': CopyFiles(install/js, js)
2026-08-10 09:17:27 -  - TIME UpdateStepModules 0.048 sec
2026-08-10 09:17:27 - UPD_SUCCESS - Updated: im (26.300.100)<br><li>Исправлена ошибка отображения дочерних чатов. 
2026-08-10 09:17:27 -  - exec CUpdateClient::LoadModulesUpdates
2026-08-10 09:17:27 -  - exec CUpdateClient::CollectRequestData
2026-08-10 09:17:27 -  - LICENSE_KEY=X&lang=ru&SUPD_VER=26.500.0&VERSION=26.650.100&TYPENC=E&SUPD_STS=1&SUPD_URS=1&SUPD_DBS=MYSQL&XE=N&CLIENT_SITE=bx.local&SERVER_NAME=192.168.1.129&CHHB=bx.local%3A443&CSAB=127.0.0.1&SUID=f7vg30ov0a7vr9lgyzcmsjo8apnwonjb&CANGZIP=Y&CLIENT_PHPVER=8.2.30&stable=Y&mbfo=0&NGINX=Y&SMD=N&rerere=Y&bitm_main=26.650.100&bitm_bizprocmobile=26.0.0&bitm_bitrixcloud=25.100.0&bitm_im=26.300.100&bitm_imconnectormobile=25.100.0&bitm_mail=26.100.200&bitm_sale=26.400.0&bitm_forum=26.100.0&bitm_support=26.0.0&bitm_learning=25.0.0&bitm_listsmobile=25.200.0&bitm_catalogmobile=26.100.0&bitm_rpa=26.0.0&bitm_abtest=26.0.0&bitm_humanresources=26.400.0&bitm_conversion=25.0.0&bitm_tasksmobile=26.200.0&bitm_crmmobile=26.0.0&bitm_pull=25.400.0&bitm_ui=26.400.0&bitm_biconnector=26.200.0&bitm_immobile=26.300.0&bitm_webservice=26.0.0&bitm_tasks=26.100.0&bitm_intranetmobile=26.600.0&bitm_currency=26.0.0&bitm_timeman=25.800.0&bitm_calendarmobile=26.300.0&bitm_seo=26.0.0&bitm_fileman=26.0.0&bitm_callmobile=26.350.0&bitm_imbot=26.100.0&bitm_socialservices=26.400.0&bitm_highloadblock=25.100.0&bitm_wiki=26.0.0&bitm_search=25.200.0&bitm_subscribe=25.0.0&bitm_workflow=26.0.0&bitm_iblock=25.400.0&bitm_advertising=24.200.0&bitm_crm=26.400.0&bitm_form=26.0.0&bitm_transformer=25.400.0&bitm_sender=26.200.0&bitm_lists=26.100.0&bitm_clouds=26.0.0&bitm_mobileapp=25.100.0&bitm_storeassist=24.0.0&bitm_xdimport=25.0.0&bitm_intranet=26.300.0&bitm_disk=26.500.100&bitm_calendar=25.170.100&bitm_market=26.0.100&bitm_location=26.100.100&bitm_call=26.300.200&bitm_imopenlines=26.200.0&bitm_photogallery=25.100.0&bitm_extranet=26.100.0&bitm_security=26.0.0&bitm_ai=26.500.0&bitm_dav=26.100.0&bitm_messageservice=26.0.0&bitm_signmobile=26.100.0&bitm_bizproc=26.700.0&bitm_statistic=26.0.0&bitm_landing=26.300.0&bitm_catalog=26.300.0&bitm_mobile=26.200.0&bitm_vote=26.200.0&bitm_booking=26.300.0&bitm_diskmobile=26.100.0&bitm_voximplant=26.500.0&bitm_imconnector=26.200.0&bitm_documentgenerator=26.100.0&bitm_bizprocdesigner=26.300.0&bitm_recyclebin=26.0.0&bitm_socialnetwork=25.600.0&bitm_translate=26.0.0&bitm_mailmobile=26.50.0&bitm_sign=26.400.100&bitm_controller=26.0.0&bitm_perfmon=25.300.0&bitm_blog=26.500.100&bitm_ldap=26.0.0&bitm_salescenter=26.0.0&bitm_b24connector=26.0.0&bitm_report=26.100.0&bitm_rest=26.400.200&bitm_baas=26.200.200&bitm_idea=25.0.0&bitm_meeting=26.0.0&bitm_webdav=23.200.0&bitm_xmpp=21.0.0&bitm_cluster=26.0.0&bitm_note=25.0.0&bitl_en=&bitl_ru=&SUPD_OFC=Portal%3AF%3A%2CCommunications%3AF%3A%2CEnterprise%3AF%3A&SUPD_SRS=RU&SUPD_CMP=N&SALE_15=Y&LICENSE_SIGNED=%7Enew_license24_400_sign-Y
2026-08-10 09:17:27 -  - exec CUpdateClient::GetHTTPPage
2026-08-10 09:17:27 -  - TIME LoadModulesUpdates(request) 0.181 sec
2026-08-10 09:17:27 -  - exec CUpdateClient::ParseServerData
2026-08-10 09:17:27 - S - STEP
2026-08-10 09:17:27 - LMU01 - LoadModulesUpdates-Step
2026-08-10 09:17:28 -  - exec CUpdateClient::LoadModulesUpdates
2026-08-10 09:17:28 -  - exec CUpdateClient::ParseServerData
2026-08-10 09:17:28 -  - loadFile
2026-08-10 09:17:28 - U - RETURN
2026-08-10 09:17:28 -  - exec CUpdateClient::UnGzipArchive
2026-08-10 09:17:28 -  - TIME UnGzipArchive 0.001 sec
2026-08-10 09:17:28 - CSURUS1 - Run updater '/bitrix/updates/update_m1786353448/mobile/updater26.250.0.php'
2026-08-10 09:17:28 - CSURUS1 - Run updater '/bitrix/updates/update_m1786353448/mobile/updater26.250.0.php'
2026-08-10 09:17:28 - CRUPDCF1 - Run updater '/bitrix/updates/update_m1786353448/mobile/updater26.250.0.php': CopyFiles(install/components, components)
2026-08-10 09:17:28 -  - TIME UpdateStepModules 0.003 sec
2026-08-10 09:17:28 - UPD_SUCCESS - Updated: mobile (26.250.0)<br><li>Улучшена совместимость с модулем \"Интранет\".
2026-08-10 09:17:28 -  - exec CUpdateClient::LoadModulesUpdates
2026-08-10 09:17:28 -  - exec CUpdateClient::CollectRequestData
2026-08-10 09:17:28 -  - LICENSE_KEY=X&lang=ru&SUPD_VER=26.500.0&VERSION=26.650.100&TYPENC=E&SUPD_STS=1&SUPD_URS=1&SUPD_DBS=MYSQL&XE=N&CLIENT_SITE=bx.local&SERVER_NAME=192.168.1.129&CHHB=bx.local%3A443&CSAB=127.0.0.1&SUID=f7vg30ov0a7vr9lgyzcmsjo8apnwonjb&CANGZIP=Y&CLIENT_PHPVER=8.2.30&stable=Y&mbfo=0&NGINX=Y&SMD=N&rerere=Y&bitm_main=26.650.100&bitm_bizprocmobile=26.0.0&bitm_bitrixcloud=25.100.0&bitm_im=26.300.100&bitm_imconnectormobile=25.100.0&bitm_mail=26.100.200&bitm_sale=26.400.0&bitm_forum=26.100.0&bitm_support=26.0.0&bitm_learning=25.0.0&bitm_listsmobile=25.200.0&bitm_catalogmobile=26.100.0&bitm_rpa=26.0.0&bitm_abtest=26.0.0&bitm_humanresources=26.400.0&bitm_conversion=25.0.0&bitm_tasksmobile=26.200.0&bitm_crmmobile=26.0.0&bitm_pull=25.400.0&bitm_ui=26.400.0&bitm_biconnector=26.200.0&bitm_immobile=26.300.0&bitm_webservice=26.0.0&bitm_tasks=26.100.0&bitm_intranetmobile=26.600.0&bitm_currency=26.0.0&bitm_timeman=25.800.0&bitm_calendarmobile=26.300.0&bitm_seo=26.0.0&bitm_fileman=26.0.0&bitm_callmobile=26.350.0&bitm_imbot=26.100.0&bitm_socialservices=26.400.0&bitm_highloadblock=25.100.0&bitm_wiki=26.0.0&bitm_search=25.200.0&bitm_subscribe=25.0.0&bitm_workflow=26.0.0&bitm_iblock=25.400.0&bitm_advertising=24.200.0&bitm_crm=26.400.0&bitm_form=26.0.0&bitm_transformer=25.400.0&bitm_sender=26.200.0&bitm_lists=26.100.0&bitm_clouds=26.0.0&bitm_mobileapp=25.100.0&bitm_storeassist=24.0.0&bitm_xdimport=25.0.0&bitm_intranet=26.300.0&bitm_disk=26.500.100&bitm_calendar=25.170.100&bitm_market=26.0.100&bitm_location=26.100.100&bitm_call=26.300.200&bitm_imopenlines=26.200.0&bitm_photogallery=25.100.0&bitm_extranet=26.100.0&bitm_security=26.0.0&bitm_ai=26.500.0&bitm_dav=26.100.0&bitm_messageservice=26.0.0&bitm_signmobile=26.100.0&bitm_bizproc=26.700.0&bitm_statistic=26.0.0&bitm_landing=26.300.0&bitm_catalog=26.300.0&bitm_mobile=26.250.0&bitm_vote=26.200.0&bitm_booking=26.300.0&bitm_diskmobile=26.100.0&bitm_voximplant=26.500.0&bitm_imconnector=26.200.0&bitm_documentgenerator=26.100.0&bitm_bizprocdesigner=26.300.0&bitm_recyclebin=26.0.0&bitm_socialnetwork=25.600.0&bitm_translate=26.0.0&bitm_mailmobile=26.50.0&bitm_sign=26.400.100&bitm_controller=26.0.0&bitm_perfmon=25.300.0&bitm_blog=26.500.100&bitm_ldap=26.0.0&bitm_salescenter=26.0.0&bitm_b24connector=26.0.0&bitm_report=26.100.0&bitm_rest=26.400.200&bitm_baas=26.200.200&bitm_idea=25.0.0&bitm_meeting=26.0.0&bitm_webdav=23.200.0&bitm_xmpp=21.0.0&bitm_cluster=26.0.0&bitm_note=25.0.0&bitl_en=&bitl_ru=&SUPD_OFC=Portal%3AF%3A%2CCommunications%3AF%3A%2CEnterprise%3AF%3A&SUPD_SRS=RU&SUPD_CMP=N&SALE_15=Y&LICENSE_SIGNED=%7Enew_license24_400_sign-Y
2026-08-10 09:17:28 -  - exec CUpdateClient::GetHTTPPage
2026-08-10 09:17:28 -  - TIME LoadModulesUpdates(request) 0.169 sec
2026-08-10 09:17:28 -  - exec CUpdateClient::ParseServerData
2026-08-10 09:17:28 - S - STEP
2026-08-10 09:17:28 - LMU01 - LoadModulesUpdates-Step
2026-08-10 09:17:29 -  - exec CUpdateClient::LoadModulesUpdates
2026-08-10 09:17:29 -  - exec CUpdateClient::ParseServerData
2026-08-10 09:17:29 -  - loadFile
2026-08-10 09:17:29 - U - RETURN
2026-08-10 09:17:29 -  - exec CUpdateClient::UnGzipArchive
2026-08-10 09:17:29 -  - TIME UnGzipArchive 0.001 sec
2026-08-10 09:17:29 -  - TIME UpdateStepModules 0.002 sec
2026-08-10 09:17:29 - UPD_SUCCESS - Updated: mobile (26.250.100)<br><li>Исправлена ошибка кодирования параметров глубинной ссылки для QR-кода авторизации.
2026-08-10 09:17:29 -  - exec CUpdateClient::LoadModulesUpdates
2026-08-10 09:17:29 -  - exec CUpdateClient::CollectRequestData
2026-08-10 09:17:29 -  - LICENSE_KEY=X&lang=ru&SUPD_VER=26.500.0&VERSION=26.650.100&TYPENC=E&SUPD_STS=1&SUPD_URS=1&SUPD_DBS=MYSQL&XE=N&CLIENT_SITE=bx.local&SERVER_NAME=192.168.1.129&CHHB=bx.local%3A443&CSAB=127.0.0.1&SUID=f7vg30ov0a7vr9lgyzcmsjo8apnwonjb&CANGZIP=Y&CLIENT_PHPVER=8.2.30&stable=Y&mbfo=0&NGINX=Y&SMD=N&rerere=Y&bitm_main=26.650.100&bitm_bizprocmobile=26.0.0&bitm_bitrixcloud=25.100.0&bitm_im=26.300.100&bitm_imconnectormobile=25.100.0&bitm_mail=26.100.200&bitm_sale=26.400.0&bitm_forum=26.100.0&bitm_support=26.0.0&bitm_learning=25.0.0&bitm_listsmobile=25.200.0&bitm_catalogmobile=26.100.0&bitm_rpa=26.0.0&bitm_abtest=26.0.0&bitm_humanresources=26.400.0&bitm_conversion=25.0.0&bitm_tasksmobile=26.200.0&bitm_crmmobile=26.0.0&bitm_pull=25.400.0&bitm_ui=26.400.0&bitm_biconnector=26.200.0&bitm_immobile=26.300.0&bitm_webservice=26.0.0&bitm_tasks=26.100.0&bitm_intranetmobile=26.600.0&bitm_currency=26.0.0&bitm_timeman=25.800.0&bitm_calendarmobile=26.300.0&bitm_seo=26.0.0&bitm_fileman=26.0.0&bitm_callmobile=26.350.0&bitm_imbot=26.100.0&bitm_socialservices=26.400.0&bitm_highloadblock=25.100.0&bitm_wiki=26.0.0&bitm_search=25.200.0&bitm_subscribe=25.0.0&bitm_workflow=26.0.0&bitm_iblock=25.400.0&bitm_advertising=24.200.0&bitm_crm=26.400.0&bitm_form=26.0.0&bitm_transformer=25.400.0&bitm_sender=26.200.0&bitm_lists=26.100.0&bitm_clouds=26.0.0&bitm_mobileapp=25.100.0&bitm_storeassist=24.0.0&bitm_xdimport=25.0.0&bitm_intranet=26.300.0&bitm_disk=26.500.100&bitm_calendar=25.170.100&bitm_market=26.0.100&bitm_location=26.100.100&bitm_call=26.300.200&bitm_imopenlines=26.200.0&bitm_photogallery=25.100.0&bitm_extranet=26.100.0&bitm_security=26.0.0&bitm_ai=26.500.0&bitm_dav=26.100.0&bitm_messageservice=26.0.0&bitm_signmobile=26.100.0&bitm_bizproc=26.700.0&bitm_statistic=26.0.0&bitm_landing=26.300.0&bitm_catalog=26.300.0&bitm_mobile=26.250.100&bitm_vote=26.200.0&bitm_booking=26.300.0&bitm_diskmobile=26.100.0&bitm_voximplant=26.500.0&bitm_imconnector=26.200.0&bitm_documentgenerator=26.100.0&bitm_bizprocdesigner=26.300.0&bitm_recyclebin=26.0.0&bitm_socialnetwork=25.600.0&bitm_translate=26.0.0&bitm_mailmobile=26.50.0&bitm_sign=26.400.100&bitm_controller=26.0.0&bitm_perfmon=25.300.0&bitm_blog=26.500.100&bitm_ldap=26.0.0&bitm_salescenter=26.0.0&bitm_b24connector=26.0.0&bitm_report=26.100.0&bitm_rest=26.400.200&bitm_baas=26.200.200&bitm_idea=25.0.0&bitm_meeting=26.0.0&bitm_webdav=23.200.0&bitm_xmpp=21.0.0&bitm_cluster=26.0.0&bitm_note=25.0.0&bitl_en=&bitl_ru=&SUPD_OFC=Portal%3AF%3A%2CCommunications%3AF%3A%2CEnterprise%3AF%3A&SUPD_SRS=RU&SUPD_CMP=N&SALE_15=Y&LICENSE_SIGNED=%7Enew_license24_400_sign-Y
2026-08-10 09:17:29 -  - exec CUpdateClient::GetHTTPPage
2026-08-10 09:17:29 -  - TIME LoadModulesUpdates(request) 0.168 sec
2026-08-10 09:17:29 -  - exec CUpdateClient::ParseServerData
2026-08-10 09:17:29 - S - STEP
2026-08-10 09:17:29 - LMU01 - LoadModulesUpdates-Step
2026-08-10 09:17:30 -  - exec CUpdateClient::LoadModulesUpdates
2026-08-10 09:17:30 -  - exec CUpdateClient::ParseServerData
2026-08-10 09:17:30 -  - loadFile
2026-08-10 09:17:30 - U - RETURN
2026-08-10 09:17:30 -  - exec CUpdateClient::UnGzipArchive
2026-08-10 09:17:30 -  - TIME UnGzipArchive 0.021 sec
2026-08-10 09:17:30 - CSURUS1 - Run updater '/bitrix/updates/update_m1786353450/mobile/updater26.300.0.php'
2026-08-10 09:17:30 - CSURUS1 - Run updater '/bitrix/updates/update_m1786353450/mobile/updater26.300.0.php'
2026-08-10 09:17:30 - CRUPDCF1 - Run updater '/bitrix/updates/update_m1786353450/mobile/updater26.300.0.php': CopyFiles(install/components, components)
2026-08-10 09:17:30 - CRUPDCF1 - Run updater '/bitrix/updates/update_m1786353450/mobile/updater26.300.0.php': CopyFiles(install/images, images)
2026-08-10 09:17:30 - CRUPDCF1 - Run updater '/bitrix/updates/update_m1786353450/mobile/updater26.300.0.php': CopyFiles(install/js, js)
2026-08-10 09:17:30 - CRUPDCF1 - Run updater '/bitrix/updates/update_m1786353450/mobile/updater26.300.0.php': CopyFiles(install/mobileapp, mobileapp)
2026-08-10 09:17:30 - CRUPDCF1 - Run updater '/bitrix/updates/update_m1786353450/mobile/updater26.300.0.php': CopyFiles(install/templates, templates)
2026-08-10 09:17:30 -  - TIME UpdateStepModules 0.136 sec
2026-08-10 09:17:30 - UPD_SUCCESS - Updated: mobile (26.300.0)<br><li>Исправлены ошибки и улучшена стабильность работы приложения. <li>Добавлена страница настроек безопасности в главном меню.
2026-08-10 09:17:30 -  - exec CUpdateClient::LoadModulesUpdates
2026-08-10 09:17:30 -  - exec CUpdateClient::CollectRequestData
2026-08-10 09:17:30 -  - LICENSE_KEY=X&lang=ru&SUPD_VER=26.500.0&VERSION=26.650.100&TYPENC=E&SUPD_STS=1&SUPD_URS=1&SUPD_DBS=MYSQL&XE=N&CLIENT_SITE=bx.local&SERVER_NAME=192.168.1.129&CHHB=bx.local%3A443&CSAB=127.0.0.1&SUID=f7vg30ov0a7vr9lgyzcmsjo8apnwonjb&CANGZIP=Y&CLIENT_PHPVER=8.2.30&stable=Y&mbfo=0&NGINX=Y&SMD=N&rerere=Y&bitm_main=26.650.100&bitm_bizprocmobile=26.0.0&bitm_bitrixcloud=25.100.0&bitm_im=26.300.100&bitm_imconnectormobile=25.100.0&bitm_mail=26.100.200&bitm_sale=26.400.0&bitm_forum=26.100.0&bitm_support=26.0.0&bitm_learning=25.0.0&bitm_listsmobile=25.200.0&bitm_catalogmobile=26.100.0&bitm_rpa=26.0.0&bitm_abtest=26.0.0&bitm_humanresources=26.400.0&bitm_conversion=25.0.0&bitm_tasksmobile=26.200.0&bitm_crmmobile=26.0.0&bitm_pull=25.400.0&bitm_ui=26.400.0&bitm_biconnector=26.200.0&bitm_immobile=26.300.0&bitm_webservice=26.0.0&bitm_tasks=26.100.0&bitm_intranetmobile=26.600.0&bitm_currency=26.0.0&bitm_timeman=25.800.0&bitm_calendarmobile=26.300.0&bitm_seo=26.0.0&bitm_fileman=26.0.0&bitm_callmobile=26.350.0&bitm_imbot=26.100.0&bitm_socialservices=26.400.0&bitm_highloadblock=25.100.0&bitm_wiki=26.0.0&bitm_search=25.200.0&bitm_subscribe=25.0.0&bitm_workflow=26.0.0&bitm_iblock=25.400.0&bitm_advertising=24.200.0&bitm_crm=26.400.0&bitm_form=26.0.0&bitm_transformer=25.400.0&bitm_sender=26.200.0&bitm_lists=26.100.0&bitm_clouds=26.0.0&bitm_mobileapp=25.100.0&bitm_storeassist=24.0.0&bitm_xdimport=25.0.0&bitm_intranet=26.300.0&bitm_disk=26.500.100&bitm_calendar=25.170.100&bitm_market=26.0.100&bitm_location=26.100.100&bitm_call=26.300.200&bitm_imopenlines=26.200.0&bitm_photogallery=25.100.0&bitm_extranet=26.100.0&bitm_security=26.0.0&bitm_ai=26.500.0&bitm_dav=26.100.0&bitm_messageservice=26.0.0&bitm_signmobile=26.100.0&bitm_bizproc=26.700.0&bitm_statistic=26.0.0&bitm_landing=26.300.0&bitm_catalog=26.300.0&bitm_mobile=26.300.0&bitm_vote=26.200.0&bitm_booking=26.300.0&bitm_diskmobile=26.100.0&bitm_voximplant=26.500.0&bitm_imconnector=26.200.0&bitm_documentgenerator=26.100.0&bitm_bizprocdesigner=26.300.0&bitm_recyclebin=26.0.0&bitm_socialnetwork=25.600.0&bitm_translate=26.0.0&bitm_mailmobile=26.50.0&bitm_sign=26.400.100&bitm_controller=26.0.0&bitm_perfmon=25.300.0&bitm_blog=26.500.100&bitm_ldap=26.0.0&bitm_salescenter=26.0.0&bitm_b24connector=26.0.0&bitm_report=26.100.0&bitm_rest=26.400.200&bitm_baas=26.200.200&bitm_idea=25.0.0&bitm_meeting=26.0.0&bitm_webdav=23.200.0&bitm_xmpp=21.0.0&bitm_cluster=26.0.0&bitm_note=25.0.0&bitl_en=&bitl_ru=&SUPD_OFC=Portal%3AF%3A%2CCommunications%3AF%3A%2CEnterprise%3AF%3A&SUPD_SRS=RU&SUPD_CMP=N&SALE_15=Y&LICENSE_SIGNED=%7Enew_license24_400_sign-Y
2026-08-10 09:17:30 -  - exec CUpdateClient::GetHTTPPage
2026-08-10 09:17:30 -  - TIME LoadModulesUpdates(request) 0.154 sec
2026-08-10 09:17:30 -  - exec CUpdateClient::ParseServerData
2026-08-10 09:17:31 - S - STEP
2026-08-10 09:17:31 - LMU01 - LoadModulesUpdates-Step
2026-08-10 09:17:31 -  - exec CUpdateClient::LoadModulesUpdates
2026-08-10 09:17:31 -  - exec CUpdateClient::ParseServerData
2026-08-10 09:17:31 -  - loadFile
2026-08-10 09:17:31 - U - RETURN
2026-08-10 09:17:31 -  - exec CUpdateClient::UnGzipArchive
2026-08-10 09:17:31 -  - TIME UnGzipArchive 0.002 sec
2026-08-10 09:17:31 -  - TIME UpdateStepModules 0.003 sec
2026-08-10 09:17:31 - UPD_SUCCESS - Updated: imopenlines (26.200.100)<br><li>Разработчикам: добавлена поддержка параметра CLIENT_ID в REST-методах imopenlines.bot.session.transfer и imopenlines.bot.session.finish для возможности вызова через webhook.
2026-08-10 09:17:31 -  - exec CUpdateClient::LoadModulesUpdates
2026-08-10 09:17:31 -  - exec CUpdateClient::CollectRequestData
2026-08-10 09:17:31 -  - LICENSE_KEY=X&lang=ru&SUPD_VER=26.500.0&VERSION=26.650.100&TYPENC=E&SUPD_STS=1&SUPD_URS=1&SUPD_DBS=MYSQL&XE=N&CLIENT_SITE=bx.local&SERVER_NAME=192.168.1.129&CHHB=bx.local%3A443&CSAB=127.0.0.1&SUID=f7vg30ov0a7vr9lgyzcmsjo8apnwonjb&CANGZIP=Y&CLIENT_PHPVER=8.2.30&stable=Y&mbfo=0&NGINX=Y&SMD=N&rerere=Y&bitm_main=26.650.100&bitm_bizprocmobile=26.0.0&bitm_bitrixcloud=25.100.0&bitm_im=26.300.100&bitm_imconnectormobile=25.100.0&bitm_mail=26.100.200&bitm_sale=26.400.0&bitm_forum=26.100.0&bitm_support=26.0.0&bitm_learning=25.0.0&bitm_listsmobile=25.200.0&bitm_catalogmobile=26.100.0&bitm_rpa=26.0.0&bitm_abtest=26.0.0&bitm_humanresources=26.400.0&bitm_conversion=25.0.0&bitm_tasksmobile=26.200.0&bitm_crmmobile=26.0.0&bitm_pull=25.400.0&bitm_ui=26.400.0&bitm_biconnector=26.200.0&bitm_immobile=26.300.0&bitm_webservice=26.0.0&bitm_tasks=26.100.0&bitm_intranetmobile=26.600.0&bitm_currency=26.0.0&bitm_timeman=25.800.0&bitm_calendarmobile=26.300.0&bitm_seo=26.0.0&bitm_fileman=26.0.0&bitm_callmobile=26.350.0&bitm_imbot=26.100.0&bitm_socialservices=26.400.0&bitm_highloadblock=25.100.0&bitm_wiki=26.0.0&bitm_search=25.200.0&bitm_subscribe=25.0.0&bitm_workflow=26.0.0&bitm_iblock=25.400.0&bitm_advertising=24.200.0&bitm_crm=26.400.0&bitm_form=26.0.0&bitm_transformer=25.400.0&bitm_sender=26.200.0&bitm_lists=26.100.0&bitm_clouds=26.0.0&bitm_mobileapp=25.100.0&bitm_storeassist=24.0.0&bitm_xdimport=25.0.0&bitm_intranet=26.300.0&bitm_disk=26.500.100&bitm_calendar=25.170.100&bitm_market=26.0.100&bitm_location=26.100.100&bitm_call=26.300.200&bitm_imopenlines=26.200.100&bitm_photogallery=25.100.0&bitm_extranet=26.100.0&bitm_security=26.0.0&bitm_ai=26.500.0&bitm_dav=26.100.0&bitm_messageservice=26.0.0&bitm_signmobile=26.100.0&bitm_bizproc=26.700.0&bitm_statistic=26.0.0&bitm_landing=26.300.0&bitm_catalog=26.300.0&bitm_mobile=26.300.0&bitm_vote=26.200.0&bitm_booking=26.300.0&bitm_diskmobile=26.100.0&bitm_voximplant=26.500.0&bitm_imconnector=26.200.0&bitm_documentgenerator=26.100.0&bitm_bizprocdesigner=26.300.0&bitm_recyclebin=26.0.0&bitm_socialnetwork=25.600.0&bitm_translate=26.0.0&bitm_mailmobile=26.50.0&bitm_sign=26.400.100&bitm_controller=26.0.0&bitm_perfmon=25.300.0&bitm_blog=26.500.100&bitm_ldap=26.0.0&bitm_salescenter=26.0.0&bitm_b24connector=26.0.0&bitm_report=26.100.0&bitm_rest=26.400.200&bitm_baas=26.200.200&bitm_idea=25.0.0&bitm_meeting=26.0.0&bitm_webdav=23.200.0&bitm_xmpp=21.0.0&bitm_cluster=26.0.0&bitm_note=25.0.0&bitl_en=&bitl_ru=&SUPD_OFC=Portal%3AF%3A%2CCommunications%3AF%3A%2CEnterprise%3AF%3A&SUPD_SRS=RU&SUPD_CMP=N&SALE_15=Y&LICENSE_SIGNED=%7Enew_license24_400_sign-Y
2026-08-10 09:17:31 -  - exec CUpdateClient::GetHTTPPage
2026-08-10 09:17:31 -  - TIME LoadModulesUpdates(request) 0.151 sec
2026-08-10 09:17:31 -  - exec CUpdateClient::ParseServerData
2026-08-10 09:17:31 - S - STEP
2026-08-10 09:17:31 - LMU01 - LoadModulesUpdates-Step
2026-08-10 09:17:32 -  - exec CUpdateClient::LoadModulesUpdates
2026-08-10 09:17:32 -  - exec CUpdateClient::ParseServerData
2026-08-10 09:17:32 -  - loadFile
2026-08-10 09:17:32 - U - RETURN
2026-08-10 09:17:32 -  - exec CUpdateClient::UnGzipArchive
2026-08-10 09:17:32 -  - TIME UnGzipArchive 0.004 sec
2026-08-10 09:17:32 - CSURUS1 - Run updater '/bitrix/updates/update_m1786353452/imconnector/updater26.200.100.php'
2026-08-10 09:17:32 - CSURUS1 - Run updater '/bitrix/updates/update_m1786353452/imconnector/updater26.200.100.php'
2026-08-10 09:17:32 - CRUPDCF1 - Run updater '/bitrix/updates/update_m1786353452/imconnector/updater26.200.100.php': CopyFiles(install/components, components)
2026-08-10 09:17:32 - CRUPDCF1 - Process module 'imconnector': copyInstallFiles(install/components, components)
2026-08-10 09:17:32 -  - TIME UpdateStepModules 0.018 sec
2026-08-10 09:17:32 - UPD_SUCCESS - Updated: imconnector (26.200.100)<br><li>Незначительные изменения. 
2026-08-10 09:17:32 -  - exec CUpdateClient::LoadModulesUpdates
2026-08-10 09:17:32 -  - exec CUpdateClient::CollectRequestData
2026-08-10 09:17:32 -  - LICENSE_KEY=X&lang=ru&SUPD_VER=26.500.0&VERSION=26.650.100&TYPENC=E&SUPD_STS=1&SUPD_URS=1&SUPD_DBS=MYSQL&XE=N&CLIENT_SITE=bx.local&SERVER_NAME=192.168.1.129&CHHB=bx.local%3A443&CSAB=127.0.0.1&SUID=f7vg30ov0a7vr9lgyzcmsjo8apnwonjb&CANGZIP=Y&CLIENT_PHPVER=8.2.30&stable=Y&mbfo=0&NGINX=Y&SMD=N&rerere=Y&bitm_main=26.650.100&bitm_bizprocmobile=26.0.0&bitm_bitrixcloud=25.100.0&bitm_im=26.300.100&bitm_imconnectormobile=25.100.0&bitm_mail=26.100.200&bitm_sale=26.400.0&bitm_forum=26.100.0&bitm_support=26.0.0&bitm_learning=25.0.0&bitm_listsmobile=25.200.0&bitm_catalogmobile=26.100.0&bitm_rpa=26.0.0&bitm_abtest=26.0.0&bitm_humanresources=26.400.0&bitm_conversion=25.0.0&bitm_tasksmobile=26.200.0&bitm_crmmobile=26.0.0&bitm_pull=25.400.0&bitm_ui=26.400.0&bitm_biconnector=26.200.0&bitm_immobile=26.300.0&bitm_webservice=26.0.0&bitm_tasks=26.100.0&bitm_intranetmobile=26.600.0&bitm_currency=26.0.0&bitm_timeman=25.800.0&bitm_calendarmobile=26.300.0&bitm_seo=26.0.0&bitm_fileman=26.0.0&bitm_callmobile=26.350.0&bitm_imbot=26.100.0&bitm_socialservices=26.400.0&bitm_highloadblock=25.100.0&bitm_wiki=26.0.0&bitm_search=25.200.0&bitm_subscribe=25.0.0&bitm_workflow=26.0.0&bitm_iblock=25.400.0&bitm_advertising=24.200.0&bitm_crm=26.400.0&bitm_form=26.0.0&bitm_transformer=25.400.0&bitm_sender=26.200.0&bitm_lists=26.100.0&bitm_clouds=26.0.0&bitm_mobileapp=25.100.0&bitm_storeassist=24.0.0&bitm_xdimport=25.0.0&bitm_intranet=26.300.0&bitm_disk=26.500.100&bitm_calendar=25.170.100&bitm_market=26.0.100&bitm_location=26.100.100&bitm_call=26.300.200&bitm_imopenlines=26.200.100&bitm_photogallery=25.100.0&bitm_extranet=26.100.0&bitm_security=26.0.0&bitm_ai=26.500.0&bitm_dav=26.100.0&bitm_messageservice=26.0.0&bitm_signmobile=26.100.0&bitm_bizproc=26.700.0&bitm_statistic=26.0.0&bitm_landing=26.300.0&bitm_catalog=26.300.0&bitm_mobile=26.300.0&bitm_vote=26.200.0&bitm_booking=26.300.0&bitm_diskmobile=26.100.0&bitm_voximplant=26.500.0&bitm_imconnector=26.200.100&bitm_documentgenerator=26.100.0&bitm_bizprocdesigner=26.300.0&bitm_recyclebin=26.0.0&bitm_socialnetwork=25.600.0&bitm_translate=26.0.0&bitm_mailmobile=26.50.0&bitm_sign=26.400.100&bitm_controller=26.0.0&bitm_perfmon=25.300.0&bitm_blog=26.500.100&bitm_ldap=26.0.0&bitm_salescenter=26.0.0&bitm_b24connector=26.0.0&bitm_report=26.100.0&bitm_rest=26.400.200&bitm_baas=26.200.200&bitm_idea=25.0.0&bitm_meeting=26.0.0&bitm_webdav=23.200.0&bitm_xmpp=21.0.0&bitm_cluster=26.0.0&bitm_note=25.0.0&bitl_en=&bitl_ru=&SUPD_OFC=Portal%3AF%3A%2CCommunications%3AF%3A%2CEnterprise%3AF%3A&SUPD_SRS=RU&SUPD_CMP=N&SALE_15=Y&LICENSE_SIGNED=%7Enew_license24_400_sign-Y
2026-08-10 09:17:32 -  - exec CUpdateClient::GetHTTPPage
2026-08-10 09:17:32 -  - TIME LoadModulesUpdates(request) 0.155 sec
2026-08-10 09:17:32 -  - exec CUpdateClient::ParseServerData
2026-08-10 09:17:32 - S - STEP
2026-08-10 09:17:32 - LMU01 - LoadModulesUpdates-Step
2026-08-10 09:17:33 -  - exec CUpdateClient::LoadModulesUpdates
2026-08-10 09:17:33 -  - exec CUpdateClient::ParseServerData
2026-08-10 09:17:33 -  - loadFile
2026-08-10 09:17:33 - U - RETURN
2026-08-10 09:17:33 -  - exec CUpdateClient::UnGzipArchive
2026-08-10 09:17:33 -  - TIME UnGzipArchive 0.012 sec
2026-08-10 09:17:33 - CSURUS1 - Run updater '/bitrix/updates/update_m1786353453/ui/updater26.400.100.php'
2026-08-10 09:17:33 - CSURUS1 - Run updater '/bitrix/updates/update_m1786353453/ui/updater26.400.100.php'
2026-08-10 09:17:33 - CRUPDCF1 - Run updater '/bitrix/updates/update_m1786353453/ui/updater26.400.100.php': CopyFiles(install/js, js)
2026-08-10 09:17:33 -  - TIME UpdateStepModules 0.035 sec
2026-08-10 09:17:33 - UPD_SUCCESS - Updated: ui (26.400.100)<br><li>Добавлена поддержка универсальной ссылки на все типы файлов.
2026-08-10 09:17:33 -  - exec CUpdateClient::LoadModulesUpdates
2026-08-10 09:17:33 -  - exec CUpdateClient::CollectRequestData
2026-08-10 09:17:33 -  - LICENSE_KEY=X&lang=ru&SUPD_VER=26.500.0&VERSION=26.650.100&TYPENC=E&SUPD_STS=1&SUPD_URS=1&SUPD_DBS=MYSQL&XE=N&CLIENT_SITE=bx.local&SERVER_NAME=192.168.1.129&CHHB=bx.local%3A443&CSAB=127.0.0.1&SUID=f7vg30ov0a7vr9lgyzcmsjo8apnwonjb&CANGZIP=Y&CLIENT_PHPVER=8.2.30&stable=Y&mbfo=0&NGINX=Y&SMD=N&rerere=Y&bitm_main=26.650.100&bitm_bizprocmobile=26.0.0&bitm_bitrixcloud=25.100.0&bitm_im=26.300.100&bitm_imconnectormobile=25.100.0&bitm_mail=26.100.200&bitm_sale=26.400.0&bitm_forum=26.100.0&bitm_support=26.0.0&bitm_learning=25.0.0&bitm_listsmobile=25.200.0&bitm_catalogmobile=26.100.0&bitm_rpa=26.0.0&bitm_abtest=26.0.0&bitm_humanresources=26.400.0&bitm_conversion=25.0.0&bitm_tasksmobile=26.200.0&bitm_crmmobile=26.0.0&bitm_pull=25.400.0&bitm_ui=26.400.100&bitm_biconnector=26.200.0&bitm_immobile=26.300.0&bitm_webservice=26.0.0&bitm_tasks=26.100.0&bitm_intranetmobile=26.600.0&bitm_currency=26.0.0&bitm_timeman=25.800.0&bitm_calendarmobile=26.300.0&bitm_seo=26.0.0&bitm_fileman=26.0.0&bitm_callmobile=26.350.0&bitm_imbot=26.100.0&bitm_socialservices=26.400.0&bitm_highloadblock=25.100.0&bitm_wiki=26.0.0&bitm_search=25.200.0&bitm_subscribe=25.0.0&bitm_workflow=26.0.0&bitm_iblock=25.400.0&bitm_advertising=24.200.0&bitm_crm=26.400.0&bitm_form=26.0.0&bitm_transformer=25.400.0&bitm_sender=26.200.0&bitm_lists=26.100.0&bitm_clouds=26.0.0&bitm_mobileapp=25.100.0&bitm_storeassist=24.0.0&bitm_xdimport=25.0.0&bitm_intranet=26.300.0&bitm_disk=26.500.100&bitm_calendar=25.170.100&bitm_market=26.0.100&bitm_location=26.100.100&bitm_call=26.300.200&bitm_imopenlines=26.200.100&bitm_photogallery=25.100.0&bitm_extranet=26.100.0&bitm_security=26.0.0&bitm_ai=26.500.0&bitm_dav=26.100.0&bitm_messageservice=26.0.0&bitm_signmobile=26.100.0&bitm_bizproc=26.700.0&bitm_statistic=26.0.0&bitm_landing=26.300.0&bitm_catalog=26.300.0&bitm_mobile=26.300.0&bitm_vote=26.200.0&bitm_booking=26.300.0&bitm_diskmobile=26.100.0&bitm_voximplant=26.500.0&bitm_imconnector=26.200.100&bitm_documentgenerator=26.100.0&bitm_bizprocdesigner=26.300.0&bitm_recyclebin=26.0.0&bitm_socialnetwork=25.600.0&bitm_translate=26.0.0&bitm_mailmobile=26.50.0&bitm_sign=26.400.100&bitm_controller=26.0.0&bitm_perfmon=25.300.0&bitm_blog=26.500.100&bitm_ldap=26.0.0&bitm_salescenter=26.0.0&bitm_b24connector=26.0.0&bitm_report=26.100.0&bitm_rest=26.400.200&bitm_baas=26.200.200&bitm_idea=25.0.0&bitm_meeting=26.0.0&bitm_webdav=23.200.0&bitm_xmpp=21.0.0&bitm_cluster=26.0.0&bitm_note=25.0.0&bitl_en=&bitl_ru=&SUPD_OFC=Portal%3AF%3A%2CCommunications%3AF%3A%2CEnterprise%3AF%3A&SUPD_SRS=RU&SUPD_CMP=N&SALE_15=Y&LICENSE_SIGNED=%7Enew_license24_400_sign-Y
2026-08-10 09:17:33 -  - exec CUpdateClient::GetHTTPPage
2026-08-10 09:17:34 -  - TIME LoadModulesUpdates(request) 0.186 sec
2026-08-10 09:17:34 -  - exec CUpdateClient::ParseServerData
2026-08-10 09:17:34 - S - STEP
2026-08-10 09:17:34 - LMU01 - LoadModulesUpdates-Step
2026-08-10 09:17:34 -  - exec CUpdateClient::LoadModulesUpdates
2026-08-10 09:17:34 -  - exec CUpdateClient::ParseServerData
2026-08-10 09:17:34 -  - loadFile
2026-08-10 09:17:34 - U - RETURN
2026-08-10 09:17:34 -  - exec CUpdateClient::UnGzipArchive
2026-08-10 09:17:35 -  - TIME UnGzipArchive 0.081 sec
2026-08-10 09:17:35 - CSURUS1 - Run updater '/bitrix/updates/update_m1786353454/ui/updater26.500.0.php'
2026-08-10 09:17:35 - CSURUS1 - Run updater '/bitrix/updates/update_m1786353454/ui/updater26.500.0.php'
2026-08-10 09:17:35 - CRUPDCF1 - Process module 'ui': copyInstallFiles(install/components, components)
2026-08-10 09:17:35 - CRUPDCF1 - Process module 'ui': copyInstallFiles(install/js, js)
2026-08-10 09:17:35 -  - TIME UpdateStepModules 0.302 sec
2026-08-10 09:17:35 - UPD_SUCCESS - Updated: ui (26.500.0)<br><li>Добавлена поддержка пресетов, неактивных дат, а также минимальных и максимальных дат для выбора в DatePicker. 
2026-08-10 09:17:35 -  - exec CUpdateClient::LoadModulesUpdates
2026-08-10 09:17:35 -  - exec CUpdateClient::CollectRequestData
2026-08-10 09:17:35 -  - LICENSE_KEY=X&lang=ru&SUPD_VER=26.500.0&VERSION=26.650.100&TYPENC=E&SUPD_STS=1&SUPD_URS=1&SUPD_DBS=MYSQL&XE=N&CLIENT_SITE=bx.local&SERVER_NAME=192.168.1.129&CHHB=bx.local%3A443&CSAB=127.0.0.1&SUID=f7vg30ov0a7vr9lgyzcmsjo8apnwonjb&CANGZIP=Y&CLIENT_PHPVER=8.2.30&stable=Y&mbfo=0&NGINX=Y&SMD=N&rerere=Y&bitm_main=26.650.100&bitm_bizprocmobile=26.0.0&bitm_bitrixcloud=25.100.0&bitm_im=26.300.100&bitm_imconnectormobile=25.100.0&bitm_mail=26.100.200&bitm_sale=26.400.0&bitm_forum=26.100.0&bitm_support=26.0.0&bitm_learning=25.0.0&bitm_listsmobile=25.200.0&bitm_catalogmobile=26.100.0&bitm_rpa=26.0.0&bitm_abtest=26.0.0&bitm_humanresources=26.400.0&bitm_conversion=25.0.0&bitm_tasksmobile=26.200.0&bitm_crmmobile=26.0.0&bitm_pull=25.400.0&bitm_ui=26.500.0&bitm_biconnector=26.200.0&bitm_immobile=26.300.0&bitm_webservice=26.0.0&bitm_tasks=26.100.0&bitm_intranetmobile=26.600.0&bitm_currency=26.0.0&bitm_timeman=25.800.0&bitm_calendarmobile=26.300.0&bitm_seo=26.0.0&bitm_fileman=26.0.0&bitm_callmobile=26.350.0&bitm_imbot=26.100.0&bitm_socialservices=26.400.0&bitm_highloadblock=25.100.0&bitm_wiki=26.0.0&bitm_search=25.200.0&bitm_subscribe=25.0.0&bitm_workflow=26.0.0&bitm_iblock=25.400.0&bitm_advertising=24.200.0&bitm_crm=26.400.0&bitm_form=26.0.0&bitm_transformer=25.400.0&bitm_sender=26.200.0&bitm_lists=26.100.0&bitm_clouds=26.0.0&bitm_mobileapp=25.100.0&bitm_storeassist=24.0.0&bitm_xdimport=25.0.0&bitm_intranet=26.300.0&bitm_disk=26.500.100&bitm_calendar=25.170.100&bitm_market=26.0.100&bitm_location=26.100.100&bitm_call=26.300.200&bitm_imopenlines=26.200.100&bitm_photogallery=25.100.0&bitm_extranet=26.100.0&bitm_security=26.0.0&bitm_ai=26.500.0&bitm_dav=26.100.0&bitm_messageservice=26.0.0&bitm_signmobile=26.100.0&bitm_bizproc=26.700.0&bitm_statistic=26.0.0&bitm_landing=26.300.0&bitm_catalog=26.300.0&bitm_mobile=26.300.0&bitm_vote=26.200.0&bitm_booking=26.300.0&bitm_diskmobile=26.100.0&bitm_voximplant=26.500.0&bitm_imconnector=26.200.100&bitm_documentgenerator=26.100.0&bitm_bizprocdesigner=26.300.0&bitm_recyclebin=26.0.0&bitm_socialnetwork=25.600.0&bitm_translate=26.0.0&bitm_mailmobile=26.50.0&bitm_sign=26.400.100&bitm_controller=26.0.0&bitm_perfmon=25.300.0&bitm_blog=26.500.100&bitm_ldap=26.0.0&bitm_salescenter=26.0.0&bitm_b24connector=26.0.0&bitm_report=26.100.0&bitm_rest=26.400.200&bitm_baas=26.200.200&bitm_idea=25.0.0&bitm_meeting=26.0.0&bitm_webdav=23.200.0&bitm_xmpp=21.0.0&bitm_cluster=26.0.0&bitm_note=25.0.0&bitl_en=&bitl_ru=&SUPD_OFC=Portal%3AF%3A%2CCommunications%3AF%3A%2CEnterprise%3AF%3A&SUPD_SRS=RU&SUPD_CMP=N&SALE_15=Y&LICENSE_SIGNED=%7Enew_license24_400_sign-Y
2026-08-10 09:17:35 -  - exec CUpdateClient::GetHTTPPage
2026-08-10 09:17:35 -  - TIME LoadModulesUpdates(request) 0.149 sec
2026-08-10 09:17:35 -  - exec CUpdateClient::ParseServerData
2026-08-10 09:17:35 - S - STEP
2026-08-10 09:17:35 - LMU01 - LoadModulesUpdates-Step
2026-08-10 09:17:36 -  - exec CUpdateClient::LoadModulesUpdates
2026-08-10 09:17:36 -  - exec CUpdateClient::ParseServerData
2026-08-10 09:17:36 -  - loadFile
2026-08-10 09:17:36 - U - RETURN
2026-08-10 09:17:36 -  - exec CUpdateClient::UnGzipArchive
2026-08-10 09:17:36 -  - TIME UnGzipArchive 0.027 sec
2026-08-10 09:17:36 - CSURUS1 - Run updater '/bitrix/updates/update_m1786353456/messageservice/updater26.100.0.php'
2026-08-10 09:17:36 - CSURUS1 - Run updater '/bitrix/updates/update_m1786353456/messageservice/updater26.100.0.php'
2026-08-10 09:17:36 - CRUPDCF1 - Run updater '/bitrix/updates/update_m1786353456/messageservice/updater26.100.0.php': CopyFiles(install/components, components)
2026-08-10 09:17:36 - CRUPDCF1 - Run updater '/bitrix/updates/update_m1786353456/messageservice/updater26.100.0.php': CopyFiles(install/js, js)
2026-08-10 09:17:36 -  - TIME UpdateStepModules 0.115 sec
2026-08-10 09:17:36 - UPD_SUCCESS - Updated: messageservice (26.100.0)<br><li>Удалены неиспользуемые языковые файлы. <li>Улучшена совместимость с будущими версиями. 
2026-08-10 09:17:36 -  - exec CUpdateClient::LoadModulesUpdates
2026-08-10 09:17:36 -  - exec CUpdateClient::CollectRequestData
2026-08-10 09:17:36 -  - LICENSE_KEY=X&lang=ru&SUPD_VER=26.500.0&VERSION=26.650.100&TYPENC=E&SUPD_STS=1&SUPD_URS=1&SUPD_DBS=MYSQL&XE=N&CLIENT_SITE=bx.local&SERVER_NAME=192.168.1.129&CHHB=bx.local%3A443&CSAB=127.0.0.1&SUID=f7vg30ov0a7vr9lgyzcmsjo8apnwonjb&CANGZIP=Y&CLIENT_PHPVER=8.2.30&stable=Y&mbfo=0&NGINX=Y&SMD=N&rerere=Y&bitm_main=26.650.100&bitm_bizprocmobile=26.0.0&bitm_bitrixcloud=25.100.0&bitm_im=26.300.100&bitm_imconnectormobile=25.100.0&bitm_mail=26.100.200&bitm_sale=26.400.0&bitm_forum=26.100.0&bitm_support=26.0.0&bitm_learning=25.0.0&bitm_listsmobile=25.200.0&bitm_catalogmobile=26.100.0&bitm_rpa=26.0.0&bitm_abtest=26.0.0&bitm_humanresources=26.400.0&bitm_conversion=25.0.0&bitm_tasksmobile=26.200.0&bitm_crmmobile=26.0.0&bitm_pull=25.400.0&bitm_ui=26.500.0&bitm_biconnector=26.200.0&bitm_immobile=26.300.0&bitm_webservice=26.0.0&bitm_tasks=26.100.0&bitm_intranetmobile=26.600.0&bitm_currency=26.0.0&bitm_timeman=25.800.0&bitm_calendarmobile=26.300.0&bitm_seo=26.0.0&bitm_fileman=26.0.0&bitm_callmobile=26.350.0&bitm_imbot=26.100.0&bitm_socialservices=26.400.0&bitm_highloadblock=25.100.0&bitm_wiki=26.0.0&bitm_search=25.200.0&bitm_subscribe=25.0.0&bitm_workflow=26.0.0&bitm_iblock=25.400.0&bitm_advertising=24.200.0&bitm_crm=26.400.0&bitm_form=26.0.0&bitm_transformer=25.400.0&bitm_sender=26.200.0&bitm_lists=26.100.0&bitm_clouds=26.0.0&bitm_mobileapp=25.100.0&bitm_storeassist=24.0.0&bitm_xdimport=25.0.0&bitm_intranet=26.300.0&bitm_disk=26.500.100&bitm_calendar=25.170.100&bitm_market=26.0.100&bitm_location=26.100.100&bitm_call=26.300.200&bitm_imopenlines=26.200.100&bitm_photogallery=25.100.0&bitm_extranet=26.100.0&bitm_security=26.0.0&bitm_ai=26.500.0&bitm_dav=26.100.0&bitm_messageservice=26.100.0&bitm_signmobile=26.100.0&bitm_bizproc=26.700.0&bitm_statistic=26.0.0&bitm_landing=26.300.0&bitm_catalog=26.300.0&bitm_mobile=26.300.0&bitm_vote=26.200.0&bitm_booking=26.300.0&bitm_diskmobile=26.100.0&bitm_voximplant=26.500.0&bitm_imconnector=26.200.100&bitm_documentgenerator=26.100.0&bitm_bizprocdesigner=26.300.0&bitm_recyclebin=26.0.0&bitm_socialnetwork=25.600.0&bitm_translate=26.0.0&bitm_mailmobile=26.50.0&bitm_sign=26.400.100&bitm_controller=26.0.0&bitm_perfmon=25.300.0&bitm_blog=26.500.100&bitm_ldap=26.0.0&bitm_salescenter=26.0.0&bitm_b24connector=26.0.0&bitm_report=26.100.0&bitm_rest=26.400.200&bitm_baas=26.200.200&bitm_idea=25.0.0&bitm_meeting=26.0.0&bitm_webdav=23.200.0&bitm_xmpp=21.0.0&bitm_cluster=26.0.0&bitm_note=25.0.0&bitl_en=&bitl_ru=&SUPD_OFC=Portal%3AF%3A%2CCommunications%3AF%3A%2CEnterprise%3AF%3A&SUPD_SRS=RU&SUPD_CMP=N&SALE_15=Y&LICENSE_SIGNED=%7Enew_license24_400_sign-Y
2026-08-10 09:17:36 -  - exec CUpdateClient::GetHTTPPage
2026-08-10 09:17:36 -  - TIME LoadModulesUpdates(request) 0.15 sec
2026-08-10 09:17:36 -  - exec CUpdateClient::ParseServerData
2026-08-10 09:17:36 - S - STEP
2026-08-10 09:17:36 - LMU01 - LoadModulesUpdates-Step
2026-08-10 09:17:37 -  - exec CUpdateClient::LoadModulesUpdates
2026-08-10 09:17:37 -  - exec CUpdateClient::ParseServerData
2026-08-10 09:17:37 -  - loadFile
2026-08-10 09:17:37 - U - RETURN
2026-08-10 09:17:37 -  - exec CUpdateClient::UnGzipArchive
2026-08-10 09:17:37 -  - TIME UnGzipArchive 0.001 sec
2026-08-10 09:17:37 -  - TIME UpdateStepModules 0.001 sec
2026-08-10 09:17:37 - UPD_SUCCESS - Updated: landing (26.300.100)<br><li>Улучшена производительность вайбов.
2026-08-10 09:17:37 -  - exec CUpdateClient::LoadModulesUpdates
2026-08-10 09:17:37 -  - exec CUpdateClient::CollectRequestData
2026-08-10 09:17:37 -  - LICENSE_KEY=X&lang=ru&SUPD_VER=26.500.0&VERSION=26.650.100&TYPENC=E&SUPD_STS=1&SUPD_URS=1&SUPD_DBS=MYSQL&XE=N&CLIENT_SITE=bx.local&SERVER_NAME=192.168.1.129&CHHB=bx.local%3A443&CSAB=127.0.0.1&SUID=f7vg30ov0a7vr9lgyzcmsjo8apnwonjb&CANGZIP=Y&CLIENT_PHPVER=8.2.30&stable=Y&mbfo=0&NGINX=Y&SMD=N&rerere=Y&bitm_main=26.650.100&bitm_bizprocmobile=26.0.0&bitm_bitrixcloud=25.100.0&bitm_im=26.300.100&bitm_imconnectormobile=25.100.0&bitm_mail=26.100.200&bitm_sale=26.400.0&bitm_forum=26.100.0&bitm_support=26.0.0&bitm_learning=25.0.0&bitm_listsmobile=25.200.0&bitm_catalogmobile=26.100.0&bitm_rpa=26.0.0&bitm_abtest=26.0.0&bitm_humanresources=26.400.0&bitm_conversion=25.0.0&bitm_tasksmobile=26.200.0&bitm_crmmobile=26.0.0&bitm_pull=25.400.0&bitm_ui=26.500.0&bitm_biconnector=26.200.0&bitm_immobile=26.300.0&bitm_webservice=26.0.0&bitm_tasks=26.100.0&bitm_intranetmobile=26.600.0&bitm_currency=26.0.0&bitm_timeman=25.800.0&bitm_calendarmobile=26.300.0&bitm_seo=26.0.0&bitm_fileman=26.0.0&bitm_callmobile=26.350.0&bitm_imbot=26.100.0&bitm_socialservices=26.400.0&bitm_highloadblock=25.100.0&bitm_wiki=26.0.0&bitm_search=25.200.0&bitm_subscribe=25.0.0&bitm_workflow=26.0.0&bitm_iblock=25.400.0&bitm_advertising=24.200.0&bitm_crm=26.400.0&bitm_form=26.0.0&bitm_transformer=25.400.0&bitm_sender=26.200.0&bitm_lists=26.100.0&bitm_clouds=26.0.0&bitm_mobileapp=25.100.0&bitm_storeassist=24.0.0&bitm_xdimport=25.0.0&bitm_intranet=26.300.0&bitm_disk=26.500.100&bitm_calendar=25.170.100&bitm_market=26.0.100&bitm_location=26.100.100&bitm_call=26.300.200&bitm_imopenlines=26.200.100&bitm_photogallery=25.100.0&bitm_extranet=26.100.0&bitm_security=26.0.0&bitm_ai=26.500.0&bitm_dav=26.100.0&bitm_messageservice=26.100.0&bitm_signmobile=26.100.0&bitm_bizproc=26.700.0&bitm_statistic=26.0.0&bitm_landing=26.300.100&bitm_catalog=26.300.0&bitm_mobile=26.300.0&bitm_vote=26.200.0&bitm_booking=26.300.0&bitm_diskmobile=26.100.0&bitm_voximplant=26.500.0&bitm_imconnector=26.200.100&bitm_documentgenerator=26.100.0&bitm_bizprocdesigner=26.300.0&bitm_recyclebin=26.0.0&bitm_socialnetwork=25.600.0&bitm_translate=26.0.0&bitm_mailmobile=26.50.0&bitm_sign=26.400.100&bitm_controller=26.0.0&bitm_perfmon=25.300.0&bitm_blog=26.500.100&bitm_ldap=26.0.0&bitm_salescenter=26.0.0&bitm_b24connector=26.0.0&bitm_report=26.100.0&bitm_rest=26.400.200&bitm_baas=26.200.200&bitm_idea=25.0.0&bitm_meeting=26.0.0&bitm_webdav=23.200.0&bitm_xmpp=21.0.0&bitm_cluster=26.0.0&bitm_note=25.0.0&bitl_en=&bitl_ru=&SUPD_OFC=Portal%3AF%3A%2CCommunications%3AF%3A%2CEnterprise%3AF%3A&SUPD_SRS=RU&SUPD_CMP=N&SALE_15=Y&LICENSE_SIGNED=%7Enew_license24_400_sign-Y
2026-08-10 09:17:37 -  - exec CUpdateClient::GetHTTPPage
2026-08-10 09:17:37 -  - TIME LoadModulesUpdates(request) 0.148 sec
2026-08-10 09:17:37 -  - exec CUpdateClient::ParseServerData
2026-08-10 09:17:37 - S - STEP
2026-08-10 09:17:37 - LMU01 - LoadModulesUpdates-Step
2026-08-10 09:17:37 -  - exec CUpdateClient::LoadModulesUpdates
2026-08-10 09:17:37 -  - exec CUpdateClient::ParseServerData
2026-08-10 09:17:37 -  - loadFile
2026-08-10 09:17:38 - U - RETURN
2026-08-10 09:17:38 -  - exec CUpdateClient::UnGzipArchive
2026-08-10 09:17:38 -  - TIME UnGzipArchive 0.009 sec
2026-08-10 09:17:38 - CSURUS1 - Run updater '/bitrix/updates/update_m1786353458/landing/updater26.400.0.php'
2026-08-10 09:17:38 - CSURUS1 - Run updater '/bitrix/updates/update_m1786353458/landing/updater26.400.0.php'
2026-08-10 09:17:38 - CRUPDCF1 - Run updater '/bitrix/updates/update_m1786353458/landing/updater26.400.0.php': CopyFiles(install/components, components)
2026-08-10 09:17:38 - CRUPDCF1 - Run updater '/bitrix/updates/update_m1786353458/landing/updater26.400.0.php': CopyFiles(install/js, js)
2026-08-10 09:17:38 -  - TIME UpdateStepModules 0.033 sec
2026-08-10 09:17:38 - UPD_SUCCESS - Updated: landing (26.400.0)<br><li>Исправлена ошибка в конструкторе сайтов.
2026-08-10 09:17:38 -  - exec CUpdateClient::LoadModulesUpdates
2026-08-10 09:17:38 -  - exec CUpdateClient::CollectRequestData
2026-08-10 09:17:38 -  - LICENSE_KEY=X&lang=ru&SUPD_VER=26.500.0&VERSION=26.650.100&TYPENC=E&SUPD_STS=1&SUPD_URS=1&SUPD_DBS=MYSQL&XE=N&CLIENT_SITE=bx.local&SERVER_NAME=192.168.1.129&CHHB=bx.local%3A443&CSAB=127.0.0.1&SUID=f7vg30ov0a7vr9lgyzcmsjo8apnwonjb&CANGZIP=Y&CLIENT_PHPVER=8.2.30&stable=Y&mbfo=0&NGINX=Y&SMD=N&rerere=Y&bitm_main=26.650.100&bitm_bizprocmobile=26.0.0&bitm_bitrixcloud=25.100.0&bitm_im=26.300.100&bitm_imconnectormobile=25.100.0&bitm_mail=26.100.200&bitm_sale=26.400.0&bitm_forum=26.100.0&bitm_support=26.0.0&bitm_learning=25.0.0&bitm_listsmobile=25.200.0&bitm_catalogmobile=26.100.0&bitm_rpa=26.0.0&bitm_abtest=26.0.0&bitm_humanresources=26.400.0&bitm_conversion=25.0.0&bitm_tasksmobile=26.200.0&bitm_crmmobile=26.0.0&bitm_pull=25.400.0&bitm_ui=26.500.0&bitm_biconnector=26.200.0&bitm_immobile=26.300.0&bitm_webservice=26.0.0&bitm_tasks=26.100.0&bitm_intranetmobile=26.600.0&bitm_currency=26.0.0&bitm_timeman=25.800.0&bitm_calendarmobile=26.300.0&bitm_seo=26.0.0&bitm_fileman=26.0.0&bitm_callmobile=26.350.0&bitm_imbot=26.100.0&bitm_socialservices=26.400.0&bitm_highloadblock=25.100.0&bitm_wiki=26.0.0&bitm_search=25.200.0&bitm_subscribe=25.0.0&bitm_workflow=26.0.0&bitm_iblock=25.400.0&bitm_advertising=24.200.0&bitm_crm=26.400.0&bitm_form=26.0.0&bitm_transformer=25.400.0&bitm_sender=26.200.0&bitm_lists=26.100.0&bitm_clouds=26.0.0&bitm_mobileapp=25.100.0&bitm_storeassist=24.0.0&bitm_xdimport=25.0.0&bitm_intranet=26.300.0&bitm_disk=26.500.100&bitm_calendar=25.170.100&bitm_market=26.0.100&bitm_location=26.100.100&bitm_call=26.300.200&bitm_imopenlines=26.200.100&bitm_photogallery=25.100.0&bitm_extranet=26.100.0&bitm_security=26.0.0&bitm_ai=26.500.0&bitm_dav=26.100.0&bitm_messageservice=26.100.0&bitm_signmobile=26.100.0&bitm_bizproc=26.700.0&bitm_statistic=26.0.0&bitm_landing=26.400.0&bitm_catalog=26.300.0&bitm_mobile=26.300.0&bitm_vote=26.200.0&bitm_booking=26.300.0&bitm_diskmobile=26.100.0&bitm_voximplant=26.500.0&bitm_imconnector=26.200.100&bitm_documentgenerator=26.100.0&bitm_bizprocdesigner=26.300.0&bitm_recyclebin=26.0.0&bitm_socialnetwork=25.600.0&bitm_translate=26.0.0&bitm_mailmobile=26.50.0&bitm_sign=26.400.100&bitm_controller=26.0.0&bitm_perfmon=25.300.0&bitm_blog=26.500.100&bitm_ldap=26.0.0&bitm_salescenter=26.0.0&bitm_b24connector=26.0.0&bitm_report=26.100.0&bitm_rest=26.400.200&bitm_baas=26.200.200&bitm_idea=25.0.0&bitm_meeting=26.0.0&bitm_webdav=23.200.0&bitm_xmpp=21.0.0&bitm_cluster=26.0.0&bitm_note=25.0.0&bitl_en=&bitl_ru=&SUPD_OFC=Portal%3AF%3A%2CCommunications%3AF%3A%2CEnterprise%3AF%3A&SUPD_SRS=RU&SUPD_CMP=N&SALE_15=Y&LICENSE_SIGNED=%7Enew_license24_400_sign-Y
2026-08-10 09:17:38 -  - exec CUpdateClient::GetHTTPPage
2026-08-10 09:17:38 -  - TIME LoadModulesUpdates(request) 0.158 sec
2026-08-10 09:17:38 -  - exec CUpdateClient::ParseServerData
2026-08-10 09:17:38 - S - STEP
2026-08-10 09:17:38 - LMU01 - LoadModulesUpdates-Step
2026-08-10 09:17:38 -  - exec CUpdateClient::LoadModulesUpdates
2026-08-10 09:17:38 -  - exec CUpdateClient::ParseServerData
2026-08-10 09:17:39 -  - loadFile
2026-08-10 09:17:39 - U - RETURN
2026-08-10 09:17:39 -  - exec CUpdateClient::UnGzipArchive
2026-08-10 09:17:39 -  - TIME UnGzipArchive 0.013 sec
2026-08-10 09:17:39 - CSURUS1 - Run updater '/bitrix/updates/update_m1786353459/landing/updater26.500.0.php'
2026-08-10 09:17:39 - CSURUS1 - Run updater '/bitrix/updates/update_m1786353459/landing/updater26.500.0.php'
2026-08-10 09:17:39 - CRUPDCF1 - Run updater '/bitrix/updates/update_m1786353459/landing/updater26.500.0.php': CopyFiles(install/components, components)
2026-08-10 09:17:39 - CRUPDCF1 - Run updater '/bitrix/updates/update_m1786353459/landing/updater26.500.0.php': CopyFiles(install/blocks, blocks)
2026-08-10 09:17:39 -  - TIME UpdateStepModules 0.052 sec
2026-08-10 09:17:39 - UPD_SUCCESS - Updated: landing (26.500.0)<br><li>Исправлены ошибки в текстовых фразах.
2026-08-10 09:17:39 -  - exec CUpdateClient::LoadModulesUpdates
2026-08-10 09:17:39 -  - exec CUpdateClient::CollectRequestData
2026-08-10 09:17:39 -  - LICENSE_KEY=X&lang=ru&SUPD_VER=26.500.0&VERSION=26.650.100&TYPENC=E&SUPD_STS=1&SUPD_URS=1&SUPD_DBS=MYSQL&XE=N&CLIENT_SITE=bx.local&SERVER_NAME=192.168.1.129&CHHB=bx.local%3A443&CSAB=127.0.0.1&SUID=f7vg30ov0a7vr9lgyzcmsjo8apnwonjb&CANGZIP=Y&CLIENT_PHPVER=8.2.30&stable=Y&mbfo=0&NGINX=Y&SMD=N&rerere=Y&bitm_main=26.650.100&bitm_bizprocmobile=26.0.0&bitm_bitrixcloud=25.100.0&bitm_im=26.300.100&bitm_imconnectormobile=25.100.0&bitm_mail=26.100.200&bitm_sale=26.400.0&bitm_forum=26.100.0&bitm_support=26.0.0&bitm_learning=25.0.0&bitm_listsmobile=25.200.0&bitm_catalogmobile=26.100.0&bitm_rpa=26.0.0&bitm_abtest=26.0.0&bitm_humanresources=26.400.0&bitm_conversion=25.0.0&bitm_tasksmobile=26.200.0&bitm_crmmobile=26.0.0&bitm_pull=25.400.0&bitm_ui=26.500.0&bitm_biconnector=26.200.0&bitm_immobile=26.300.0&bitm_webservice=26.0.0&bitm_tasks=26.100.0&bitm_intranetmobile=26.600.0&bitm_currency=26.0.0&bitm_timeman=25.800.0&bitm_calendarmobile=26.300.0&bitm_seo=26.0.0&bitm_fileman=26.0.0&bitm_callmobile=26.350.0&bitm_imbot=26.100.0&bitm_socialservices=26.400.0&bitm_highloadblock=25.100.0&bitm_wiki=26.0.0&bitm_search=25.200.0&bitm_subscribe=25.0.0&bitm_workflow=26.0.0&bitm_iblock=25.400.0&bitm_advertising=24.200.0&bitm_crm=26.400.0&bitm_form=26.0.0&bitm_transformer=25.400.0&bitm_sender=26.200.0&bitm_lists=26.100.0&bitm_clouds=26.0.0&bitm_mobileapp=25.100.0&bitm_storeassist=24.0.0&bitm_xdimport=25.0.0&bitm_intranet=26.300.0&bitm_disk=26.500.100&bitm_calendar=25.170.100&bitm_market=26.0.100&bitm_location=26.100.100&bitm_call=26.300.200&bitm_imopenlines=26.200.100&bitm_photogallery=25.100.0&bitm_extranet=26.100.0&bitm_security=26.0.0&bitm_ai=26.500.0&bitm_dav=26.100.0&bitm_messageservice=26.100.0&bitm_signmobile=26.100.0&bitm_bizproc=26.700.0&bitm_statistic=26.0.0&bitm_landing=26.500.0&bitm_catalog=26.300.0&bitm_mobile=26.300.0&bitm_vote=26.200.0&bitm_booking=26.300.0&bitm_diskmobile=26.100.0&bitm_voximplant=26.500.0&bitm_imconnector=26.200.100&bitm_documentgenerator=26.100.0&bitm_bizprocdesigner=26.300.0&bitm_recyclebin=26.0.0&bitm_socialnetwork=25.600.0&bitm_translate=26.0.0&bitm_mailmobile=26.50.0&bitm_sign=26.400.100&bitm_controller=26.0.0&bitm_perfmon=25.300.0&bitm_blog=26.500.100&bitm_ldap=26.0.0&bitm_salescenter=26.0.0&bitm_b24connector=26.0.0&bitm_report=26.100.0&bitm_rest=26.400.200&bitm_baas=26.200.200&bitm_idea=25.0.0&bitm_meeting=26.0.0&bitm_webdav=23.200.0&bitm_xmpp=21.0.0&bitm_cluster=26.0.0&bitm_note=25.0.0&bitl_en=&bitl_ru=&SUPD_OFC=Portal%3AF%3A%2CCommunications%3AF%3A%2CEnterprise%3AF%3A&SUPD_SRS=RU&SUPD_CMP=N&SALE_15=Y&LICENSE_SIGNED=%7Enew_license24_400_sign-Y
2026-08-10 09:17:39 -  - exec CUpdateClient::GetHTTPPage
2026-08-10 09:17:39 -  - TIME LoadModulesUpdates(request) 0.157 sec
2026-08-10 09:17:39 -  - exec CUpdateClient::ParseServerData
2026-08-10 09:17:39 - S - STEP
2026-08-10 09:17:39 - LMU01 - LoadModulesUpdates-Step
2026-08-10 09:17:39 -  - exec CUpdateClient::LoadModulesUpdates
2026-08-10 09:17:39 -  - exec CUpdateClient::ParseServerData
2026-08-10 09:17:39 -  - loadFile
2026-08-10 09:17:40 - U - RETURN
2026-08-10 09:17:40 -  - exec CUpdateClient::UnGzipArchive
2026-08-10 09:17:40 -  - TIME UnGzipArchive 0.002 sec
2026-08-10 09:17:40 - CSURUS1 - Run updater '/bitrix/updates/update_m1786353460/immobile/updater26.350.0.php'
2026-08-10 09:17:40 - CSURUS1 - Run updater '/bitrix/updates/update_m1786353460/immobile/updater26.350.0.php'
2026-08-10 09:17:40 - CRUPDCF1 - Run updater '/bitrix/updates/update_m1786353460/immobile/updater26.350.0.php': CopyFiles(install/mobileapp, mobileapp)
2026-08-10 09:17:40 -  - TIME UpdateStepModules 0.004 sec
2026-08-10 09:17:40 - UPD_SUCCESS - Updated: immobile (26.350.0)<br><li>Исправлено прочтение новых сообщений во время звонка. 
2026-08-10 09:17:40 -  - exec CUpdateClient::LoadModulesUpdates
2026-08-10 09:17:40 -  - exec CUpdateClient::CollectRequestData
2026-08-10 09:17:40 -  - LICENSE_KEY=X&lang=ru&SUPD_VER=26.500.0&VERSION=26.650.100&TYPENC=E&SUPD_STS=1&SUPD_URS=1&SUPD_DBS=MYSQL&XE=N&CLIENT_SITE=bx.local&SERVER_NAME=192.168.1.129&CHHB=bx.local%3A443&CSAB=127.0.0.1&SUID=f7vg30ov0a7vr9lgyzcmsjo8apnwonjb&CANGZIP=Y&CLIENT_PHPVER=8.2.30&stable=Y&mbfo=0&NGINX=Y&SMD=N&rerere=Y&bitm_main=26.650.100&bitm_bizprocmobile=26.0.0&bitm_bitrixcloud=25.100.0&bitm_im=26.300.100&bitm_imconnectormobile=25.100.0&bitm_mail=26.100.200&bitm_sale=26.400.0&bitm_forum=26.100.0&bitm_support=26.0.0&bitm_learning=25.0.0&bitm_listsmobile=25.200.0&bitm_catalogmobile=26.100.0&bitm_rpa=26.0.0&bitm_abtest=26.0.0&bitm_humanresources=26.400.0&bitm_conversion=25.0.0&bitm_tasksmobile=26.200.0&bitm_crmmobile=26.0.0&bitm_pull=25.400.0&bitm_ui=26.500.0&bitm_biconnector=26.200.0&bitm_immobile=26.350.0&bitm_webservice=26.0.0&bitm_tasks=26.100.0&bitm_intranetmobile=26.600.0&bitm_currency=26.0.0&bitm_timeman=25.800.0&bitm_calendarmobile=26.300.0&bitm_seo=26.0.0&bitm_fileman=26.0.0&bitm_callmobile=26.350.0&bitm_imbot=26.100.0&bitm_socialservices=26.400.0&bitm_highloadblock=25.100.0&bitm_wiki=26.0.0&bitm_search=25.200.0&bitm_subscribe=25.0.0&bitm_workflow=26.0.0&bitm_iblock=25.400.0&bitm_advertising=24.200.0&bitm_crm=26.400.0&bitm_form=26.0.0&bitm_transformer=25.400.0&bitm_sender=26.200.0&bitm_lists=26.100.0&bitm_clouds=26.0.0&bitm_mobileapp=25.100.0&bitm_storeassist=24.0.0&bitm_xdimport=25.0.0&bitm_intranet=26.300.0&bitm_disk=26.500.100&bitm_calendar=25.170.100&bitm_market=26.0.100&bitm_location=26.100.100&bitm_call=26.300.200&bitm_imopenlines=26.200.100&bitm_photogallery=25.100.0&bitm_extranet=26.100.0&bitm_security=26.0.0&bitm_ai=26.500.0&bitm_dav=26.100.0&bitm_messageservice=26.100.0&bitm_signmobile=26.100.0&bitm_bizproc=26.700.0&bitm_statistic=26.0.0&bitm_landing=26.500.0&bitm_catalog=26.300.0&bitm_mobile=26.300.0&bitm_vote=26.200.0&bitm_booking=26.300.0&bitm_diskmobile=26.100.0&bitm_voximplant=26.500.0&bitm_imconnector=26.200.100&bitm_documentgenerator=26.100.0&bitm_bizprocdesigner=26.300.0&bitm_recyclebin=26.0.0&bitm_socialnetwork=25.600.0&bitm_translate=26.0.0&bitm_mailmobile=26.50.0&bitm_sign=26.400.100&bitm_controller=26.0.0&bitm_perfmon=25.300.0&bitm_blog=26.500.100&bitm_ldap=26.0.0&bitm_salescenter=26.0.0&bitm_b24connector=26.0.0&bitm_report=26.100.0&bitm_rest=26.400.200&bitm_baas=26.200.200&bitm_idea=25.0.0&bitm_meeting=26.0.0&bitm_webdav=23.200.0&bitm_xmpp=21.0.0&bitm_cluster=26.0.0&bitm_note=25.0.0&bitl_en=&bitl_ru=&SUPD_OFC=Portal%3AF%3A%2CCommunications%3AF%3A%2CEnterprise%3AF%3A&SUPD_SRS=RU&SUPD_CMP=N&SALE_15=Y&LICENSE_SIGNED=%7Enew_license24_400_sign-Y
2026-08-10 09:17:40 -  - exec CUpdateClient::GetHTTPPage
2026-08-10 09:17:40 -  - TIME LoadModulesUpdates(request) 0.158 sec
2026-08-10 09:17:40 -  - exec CUpdateClient::ParseServerData
2026-08-10 09:17:40 - S - STEP
2026-08-10 09:17:40 - LMU01 - LoadModulesUpdates-Step
2026-08-10 09:17:40 -  - exec CUpdateClient::LoadModulesUpdates
2026-08-10 09:17:40 -  - exec CUpdateClient::ParseServerData
2026-08-10 09:17:40 -  - loadFile
2026-08-10 09:17:41 - U - RETURN
2026-08-10 09:17:41 -  - exec CUpdateClient::UnGzipArchive
2026-08-10 09:17:41 -  - TIME UnGzipArchive 0.025 sec
2026-08-10 09:17:41 - CSURUS1 - Run updater '/bitrix/updates/update_m1786353461/biconnector/updater26.300.0/index.php'
2026-08-10 09:17:41 - CSURUS1 - Run updater '/bitrix/updates/update_m1786353461/biconnector/updater26.300.0/index.php'
2026-08-10 09:17:41 - CRUPDCF1 - Run updater '/bitrix/updates/update_m1786353461/biconnector/updater26.300.0/index.php': CopyFiles(install/components, components)
2026-08-10 09:17:41 - CRUPDCF1 - Run updater '/bitrix/updates/update_m1786353461/biconnector/updater26.300.0/index.php': CopyFiles(install/js, js)
2026-08-10 09:17:41 -  - TIME UpdateStepModules 0.081 sec
2026-08-10 09:17:41 - UPD_SUCCESS - Updated: biconnector (26.300.0)<br><li>Добавлена возможность передавать типы пользовательских полей в BI Конструктор. <li>Исправления ошибок и улучшения в работе модуля <li>Разработчикам: Улучшена совместимость с PHP 8.4. 
2026-08-10 09:17:41 -  - exec CUpdateClient::LoadModulesUpdates
2026-08-10 09:17:41 -  - exec CUpdateClient::CollectRequestData
2026-08-10 09:17:41 -  - LICENSE_KEY=X&lang=ru&SUPD_VER=26.500.0&VERSION=26.650.100&TYPENC=E&SUPD_STS=1&SUPD_URS=1&SUPD_DBS=MYSQL&XE=N&CLIENT_SITE=bx.local&SERVER_NAME=192.168.1.129&CHHB=bx.local%3A443&CSAB=127.0.0.1&SUID=f7vg30ov0a7vr9lgyzcmsjo8apnwonjb&CANGZIP=Y&CLIENT_PHPVER=8.2.30&stable=Y&mbfo=0&NGINX=Y&SMD=N&rerere=Y&bitm_main=26.650.100&bitm_bizprocmobile=26.0.0&bitm_bitrixcloud=25.100.0&bitm_im=26.300.100&bitm_imconnectormobile=25.100.0&bitm_mail=26.100.200&bitm_sale=26.400.0&bitm_forum=26.100.0&bitm_support=26.0.0&bitm_learning=25.0.0&bitm_listsmobile=25.200.0&bitm_catalogmobile=26.100.0&bitm_rpa=26.0.0&bitm_abtest=26.0.0&bitm_humanresources=26.400.0&bitm_conversion=25.0.0&bitm_tasksmobile=26.200.0&bitm_crmmobile=26.0.0&bitm_pull=25.400.0&bitm_ui=26.500.0&bitm_biconnector=26.300.0&bitm_immobile=26.350.0&bitm_webservice=26.0.0&bitm_tasks=26.100.0&bitm_intranetmobile=26.600.0&bitm_currency=26.0.0&bitm_timeman=25.800.0&bitm_calendarmobile=26.300.0&bitm_seo=26.0.0&bitm_fileman=26.0.0&bitm_callmobile=26.350.0&bitm_imbot=26.100.0&bitm_socialservices=26.400.0&bitm_highloadblock=25.100.0&bitm_wiki=26.0.0&bitm_search=25.200.0&bitm_subscribe=25.0.0&bitm_workflow=26.0.0&bitm_iblock=25.400.0&bitm_advertising=24.200.0&bitm_crm=26.400.0&bitm_form=26.0.0&bitm_transformer=25.400.0&bitm_sender=26.200.0&bitm_lists=26.100.0&bitm_clouds=26.0.0&bitm_mobileapp=25.100.0&bitm_storeassist=24.0.0&bitm_xdimport=25.0.0&bitm_intranet=26.300.0&bitm_disk=26.500.100&bitm_calendar=25.170.100&bitm_market=26.0.100&bitm_location=26.100.100&bitm_call=26.300.200&bitm_imopenlines=26.200.100&bitm_photogallery=25.100.0&bitm_extranet=26.100.0&bitm_security=26.0.0&bitm_ai=26.500.0&bitm_dav=26.100.0&bitm_messageservice=26.100.0&bitm_signmobile=26.100.0&bitm_bizproc=26.700.0&bitm_statistic=26.0.0&bitm_landing=26.500.0&bitm_catalog=26.300.0&bitm_mobile=26.300.0&bitm_vote=26.200.0&bitm_booking=26.300.0&bitm_diskmobile=26.100.0&bitm_voximplant=26.500.0&bitm_imconnector=26.200.100&bitm_documentgenerator=26.100.0&bitm_bizprocdesigner=26.300.0&bitm_recyclebin=26.0.0&bitm_socialnetwork=25.600.0&bitm_translate=26.0.0&bitm_mailmobile=26.50.0&bitm_sign=26.400.100&bitm_controller=26.0.0&bitm_perfmon=25.300.0&bitm_blog=26.500.100&bitm_ldap=26.0.0&bitm_salescenter=26.0.0&bitm_b24connector=26.0.0&bitm_report=26.100.0&bitm_rest=26.400.200&bitm_baas=26.200.200&bitm_idea=25.0.0&bitm_meeting=26.0.0&bitm_webdav=23.200.0&bitm_xmpp=21.0.0&bitm_cluster=26.0.0&bitm_note=25.0.0&bitl_en=&bitl_ru=&SUPD_OFC=Portal%3AF%3A%2CCommunications%3AF%3A%2CEnterprise%3AF%3A&SUPD_SRS=RU&SUPD_CMP=N&SALE_15=Y&LICENSE_SIGNED=%7Enew_license24_400_sign-Y
2026-08-10 09:17:41 -  - exec CUpdateClient::GetHTTPPage
2026-08-10 09:17:41 -  - TIME LoadModulesUpdates(request) 0.168 sec
2026-08-10 09:17:41 -  - exec CUpdateClient::ParseServerData
2026-08-10 09:17:41 - S - STEP
2026-08-10 09:17:41 - LMU01 - LoadModulesUpdates-Step
2026-08-10 09:17:42 -  - exec CUpdateClient::LoadModulesUpdates
2026-08-10 09:17:42 -  - exec CUpdateClient::ParseServerData
2026-08-10 09:17:42 -  - loadFile
2026-08-10 09:17:42 - U - RETURN
2026-08-10 09:17:42 -  - exec CUpdateClient::UnGzipArchive
2026-08-10 09:17:42 -  - TIME UnGzipArchive 0.003 sec
2026-08-10 09:17:42 - CSURUS1 - Run updater '/bitrix/updates/update_m1786353462/crmmobile/updater26.100.0.php'
2026-08-10 09:17:42 - CSURUS1 - Run updater '/bitrix/updates/update_m1786353462/crmmobile/updater26.100.0.php'
2026-08-10 09:17:42 - CRUPDCF1 - Run updater '/bitrix/updates/update_m1786353462/crmmobile/updater26.100.0.php': CopyFiles(install/mobileapp, mobileapp)
2026-08-10 09:17:42 -  - TIME UpdateStepModules 0.013 sec
2026-08-10 09:17:42 - UPD_SUCCESS - Updated: crmmobile (26.100.0)<br><li>Исправлены ошибки и улучшена стабильность работы приложения.
2026-08-10 09:17:42 -  - exec CUpdateClient::LoadModulesUpdates
2026-08-10 09:17:42 -  - exec CUpdateClient::CollectRequestData
2026-08-10 09:17:42 -  - LICENSE_KEY=X&lang=ru&SUPD_VER=26.500.0&VERSION=26.650.100&TYPENC=E&SUPD_STS=1&SUPD_URS=1&SUPD_DBS=MYSQL&XE=N&CLIENT_SITE=bx.local&SERVER_NAME=192.168.1.129&CHHB=bx.local%3A443&CSAB=127.0.0.1&SUID=f7vg30ov0a7vr9lgyzcmsjo8apnwonjb&CANGZIP=Y&CLIENT_PHPVER=8.2.30&stable=Y&mbfo=0&NGINX=Y&SMD=N&rerere=Y&bitm_main=26.650.100&bitm_bizprocmobile=26.0.0&bitm_bitrixcloud=25.100.0&bitm_im=26.300.100&bitm_imconnectormobile=25.100.0&bitm_mail=26.100.200&bitm_sale=26.400.0&bitm_forum=26.100.0&bitm_support=26.0.0&bitm_learning=25.0.0&bitm_listsmobile=25.200.0&bitm_catalogmobile=26.100.0&bitm_rpa=26.0.0&bitm_abtest=26.0.0&bitm_humanresources=26.400.0&bitm_conversion=25.0.0&bitm_tasksmobile=26.200.0&bitm_crmmobile=26.100.0&bitm_pull=25.400.0&bitm_ui=26.500.0&bitm_biconnector=26.300.0&bitm_immobile=26.350.0&bitm_webservice=26.0.0&bitm_tasks=26.100.0&bitm_intranetmobile=26.600.0&bitm_currency=26.0.0&bitm_timeman=25.800.0&bitm_calendarmobile=26.300.0&bitm_seo=26.0.0&bitm_fileman=26.0.0&bitm_callmobile=26.350.0&bitm_imbot=26.100.0&bitm_socialservices=26.400.0&bitm_highloadblock=25.100.0&bitm_wiki=26.0.0&bitm_search=25.200.0&bitm_subscribe=25.0.0&bitm_workflow=26.0.0&bitm_iblock=25.400.0&bitm_advertising=24.200.0&bitm_crm=26.400.0&bitm_form=26.0.0&bitm_transformer=25.400.0&bitm_sender=26.200.0&bitm_lists=26.100.0&bitm_clouds=26.0.0&bitm_mobileapp=25.100.0&bitm_storeassist=24.0.0&bitm_xdimport=25.0.0&bitm_intranet=26.300.0&bitm_disk=26.500.100&bitm_calendar=25.170.100&bitm_market=26.0.100&bitm_location=26.100.100&bitm_call=26.300.200&bitm_imopenlines=26.200.100&bitm_photogallery=25.100.0&bitm_extranet=26.100.0&bitm_security=26.0.0&bitm_ai=26.500.0&bitm_dav=26.100.0&bitm_messageservice=26.100.0&bitm_signmobile=26.100.0&bitm_bizproc=26.700.0&bitm_statistic=26.0.0&bitm_landing=26.500.0&bitm_catalog=26.300.0&bitm_mobile=26.300.0&bitm_vote=26.200.0&bitm_booking=26.300.0&bitm_diskmobile=26.100.0&bitm_voximplant=26.500.0&bitm_imconnector=26.200.100&bitm_documentgenerator=26.100.0&bitm_bizprocdesigner=26.300.0&bitm_recyclebin=26.0.0&bitm_socialnetwork=25.600.0&bitm_translate=26.0.0&bitm_mailmobile=26.50.0&bitm_sign=26.400.100&bitm_controller=26.0.0&bitm_perfmon=25.300.0&bitm_blog=26.500.100&bitm_ldap=26.0.0&bitm_salescenter=26.0.0&bitm_b24connector=26.0.0&bitm_report=26.100.0&bitm_rest=26.400.200&bitm_baas=26.200.200&bitm_idea=25.0.0&bitm_meeting=26.0.0&bitm_webdav=23.200.0&bitm_xmpp=21.0.0&bitm_cluster=26.0.0&bitm_note=25.0.0&bitl_en=&bitl_ru=&SUPD_OFC=Portal%3AF%3A%2CCommunications%3AF%3A%2CEnterprise%3AF%3A&SUPD_SRS=RU&SUPD_CMP=N&SALE_15=Y&LICENSE_SIGNED=%7Enew_license24_400_sign-Y
2026-08-10 09:17:42 -  - exec CUpdateClient::GetHTTPPage
2026-08-10 09:17:42 -  - TIME LoadModulesUpdates(request) 0.265 sec
2026-08-10 09:17:42 -  - exec CUpdateClient::ParseServerData
2026-08-10 09:17:42 - S - STEP
2026-08-10 09:17:42 - LMU01 - LoadModulesUpdates-Step
2026-08-10 09:17:43 -  - exec CUpdateClient::LoadModulesUpdates
2026-08-10 09:17:43 -  - exec CUpdateClient::ParseServerData
2026-08-10 09:17:43 -  - loadFile
2026-08-10 09:17:43 - U - RETURN
2026-08-10 09:17:43 -  - exec CUpdateClient::UnGzipArchive
2026-08-10 09:17:43 -  - TIME UnGzipArchive 0.001 sec
2026-08-10 09:17:43 - CSURUS1 - Run updater '/bitrix/updates/update_m1786353463/crmmobile/updater26.200.0.php'
2026-08-10 09:17:43 - CSURUS1 - Run updater '/bitrix/updates/update_m1786353463/crmmobile/updater26.200.0.php'
2026-08-10 09:17:43 - CRUPDCF1 - Run updater '/bitrix/updates/update_m1786353463/crmmobile/updater26.200.0.php': CopyFiles(install/mobileapp, mobileapp)
2026-08-10 09:17:43 -  - TIME UpdateStepModules 0.004 sec
2026-08-10 09:17:43 - UPD_SUCCESS - Updated: crmmobile (26.200.0)<br><li>Исправлены ошибки и улучшена стабильность работы приложения. <li>Поддержка будущих сценариев работы с мобильным приложением.
2026-08-10 09:17:43 -  - exec CUpdateClient::LoadModulesUpdates
2026-08-10 09:17:43 -  - exec CUpdateClient::CollectRequestData
2026-08-10 09:17:43 -  - LICENSE_KEY=X&lang=ru&SUPD_VER=26.500.0&VERSION=26.650.100&TYPENC=E&SUPD_STS=1&SUPD_URS=1&SUPD_DBS=MYSQL&XE=N&CLIENT_SITE=bx.local&SERVER_NAME=192.168.1.129&CHHB=bx.local%3A443&CSAB=127.0.0.1&SUID=f7vg30ov0a7vr9lgyzcmsjo8apnwonjb&CANGZIP=Y&CLIENT_PHPVER=8.2.30&stable=Y&mbfo=0&NGINX=Y&SMD=N&rerere=Y&bitm_main=26.650.100&bitm_bizprocmobile=26.0.0&bitm_bitrixcloud=25.100.0&bitm_im=26.300.100&bitm_imconnectormobile=25.100.0&bitm_mail=26.100.200&bitm_sale=26.400.0&bitm_forum=26.100.0&bitm_support=26.0.0&bitm_learning=25.0.0&bitm_listsmobile=25.200.0&bitm_catalogmobile=26.100.0&bitm_rpa=26.0.0&bitm_abtest=26.0.0&bitm_humanresources=26.400.0&bitm_conversion=25.0.0&bitm_tasksmobile=26.200.0&bitm_crmmobile=26.200.0&bitm_pull=25.400.0&bitm_ui=26.500.0&bitm_biconnector=26.300.0&bitm_immobile=26.350.0&bitm_webservice=26.0.0&bitm_tasks=26.100.0&bitm_intranetmobile=26.600.0&bitm_currency=26.0.0&bitm_timeman=25.800.0&bitm_calendarmobile=26.300.0&bitm_seo=26.0.0&bitm_fileman=26.0.0&bitm_callmobile=26.350.0&bitm_imbot=26.100.0&bitm_socialservices=26.400.0&bitm_highloadblock=25.100.0&bitm_wiki=26.0.0&bitm_search=25.200.0&bitm_subscribe=25.0.0&bitm_workflow=26.0.0&bitm_iblock=25.400.0&bitm_advertising=24.200.0&bitm_crm=26.400.0&bitm_form=26.0.0&bitm_transformer=25.400.0&bitm_sender=26.200.0&bitm_lists=26.100.0&bitm_clouds=26.0.0&bitm_mobileapp=25.100.0&bitm_storeassist=24.0.0&bitm_xdimport=25.0.0&bitm_intranet=26.300.0&bitm_disk=26.500.100&bitm_calendar=25.170.100&bitm_market=26.0.100&bitm_location=26.100.100&bitm_call=26.300.200&bitm_imopenlines=26.200.100&bitm_photogallery=25.100.0&bitm_extranet=26.100.0&bitm_security=26.0.0&bitm_ai=26.500.0&bitm_dav=26.100.0&bitm_messageservice=26.100.0&bitm_signmobile=26.100.0&bitm_bizproc=26.700.0&bitm_statistic=26.0.0&bitm_landing=26.500.0&bitm_catalog=26.300.0&bitm_mobile=26.300.0&bitm_vote=26.200.0&bitm_booking=26.300.0&bitm_diskmobile=26.100.0&bitm_voximplant=26.500.0&bitm_imconnector=26.200.100&bitm_documentgenerator=26.100.0&bitm_bizprocdesigner=26.300.0&bitm_recyclebin=26.0.0&bitm_socialnetwork=25.600.0&bitm_translate=26.0.0&bitm_mailmobile=26.50.0&bitm_sign=26.400.100&bitm_controller=26.0.0&bitm_perfmon=25.300.0&bitm_blog=26.500.100&bitm_ldap=26.0.0&bitm_salescenter=26.0.0&bitm_b24connector=26.0.0&bitm_report=26.100.0&bitm_rest=26.400.200&bitm_baas=26.200.200&bitm_idea=25.0.0&bitm_meeting=26.0.0&bitm_webdav=23.200.0&bitm_xmpp=21.0.0&bitm_cluster=26.0.0&bitm_note=25.0.0&bitl_en=&bitl_ru=&SUPD_OFC=Portal%3AF%3A%2CCommunications%3AF%3A%2CEnterprise%3AF%3A&SUPD_SRS=RU&SUPD_CMP=N&SALE_15=Y&LICENSE_SIGNED=%7Enew_license24_400_sign-Y
2026-08-10 09:17:43 -  - exec CUpdateClient::GetHTTPPage
2026-08-10 09:17:43 -  - TIME LoadModulesUpdates(request) 0.175 sec
2026-08-10 09:17:43 -  - exec CUpdateClient::ParseServerData
2026-08-10 09:17:43 - S - STEP
2026-08-10 09:17:43 - LMU01 - LoadModulesUpdates-Step
2026-08-10 09:17:44 -  - exec CUpdateClient::LoadModulesUpdates
2026-08-10 09:17:44 -  - exec CUpdateClient::ParseServerData
2026-08-10 09:17:44 -  - loadFile
2026-08-10 09:17:44 - U - RETURN
2026-08-10 09:17:44 -  - exec CUpdateClient::UnGzipArchive
2026-08-10 09:17:44 -  - TIME UnGzipArchive 0.003 sec
2026-08-10 09:17:44 - CSURUS1 - Run updater '/bitrix/updates/update_m1786353464/bizprocmobile/updater26.100.0.php'
2026-08-10 09:17:44 - CSURUS1 - Run updater '/bitrix/updates/update_m1786353464/bizprocmobile/updater26.100.0.php'
2026-08-10 09:17:44 - CRUPDCF1 - Run updater '/bitrix/updates/update_m1786353464/bizprocmobile/updater26.100.0.php': CopyFiles(install/mobileapp, mobileapp)
2026-08-10 09:17:44 - CRUPDCF1 - Run updater '/bitrix/updates/update_m1786353464/bizprocmobile/updater26.100.0.php': CopyFiles(install/components, components)
2026-08-10 09:17:44 - CRUPDCF1 - Process module 'bizprocmobile': copyInstallFiles(install/mobileapp, mobileapp)
2026-08-10 09:17:44 -  - TIME UpdateStepModules 0.016 sec
2026-08-10 09:17:44 - UPD_SUCCESS - Updated: bizprocmobile (26.100.0)<br><li>Исправлены ошибки и улучшена стабильность работы приложения. 
2026-08-10 09:17:44 -  - exec CUpdateClient::LoadModulesUpdates
2026-08-10 09:17:44 -  - exec CUpdateClient::CollectRequestData
2026-08-10 09:17:44 -  - LICENSE_KEY=X&lang=ru&SUPD_VER=26.500.0&VERSION=26.650.100&TYPENC=E&SUPD_STS=1&SUPD_URS=1&SUPD_DBS=MYSQL&XE=N&CLIENT_SITE=bx.local&SERVER_NAME=192.168.1.129&CHHB=bx.local%3A443&CSAB=127.0.0.1&SUID=f7vg30ov0a7vr9lgyzcmsjo8apnwonjb&CANGZIP=Y&CLIENT_PHPVER=8.2.30&stable=Y&mbfo=0&NGINX=Y&SMD=N&rerere=Y&bitm_main=26.650.100&bitm_bizprocmobile=26.100.0&bitm_bitrixcloud=25.100.0&bitm_im=26.300.100&bitm_imconnectormobile=25.100.0&bitm_mail=26.100.200&bitm_sale=26.400.0&bitm_forum=26.100.0&bitm_support=26.0.0&bitm_learning=25.0.0&bitm_listsmobile=25.200.0&bitm_catalogmobile=26.100.0&bitm_rpa=26.0.0&bitm_abtest=26.0.0&bitm_humanresources=26.400.0&bitm_conversion=25.0.0&bitm_tasksmobile=26.200.0&bitm_crmmobile=26.200.0&bitm_pull=25.400.0&bitm_ui=26.500.0&bitm_biconnector=26.300.0&bitm_immobile=26.350.0&bitm_webservice=26.0.0&bitm_tasks=26.100.0&bitm_intranetmobile=26.600.0&bitm_currency=26.0.0&bitm_timeman=25.800.0&bitm_calendarmobile=26.300.0&bitm_seo=26.0.0&bitm_fileman=26.0.0&bitm_callmobile=26.350.0&bitm_imbot=26.100.0&bitm_socialservices=26.400.0&bitm_highloadblock=25.100.0&bitm_wiki=26.0.0&bitm_search=25.200.0&bitm_subscribe=25.0.0&bitm_workflow=26.0.0&bitm_iblock=25.400.0&bitm_advertising=24.200.0&bitm_crm=26.400.0&bitm_form=26.0.0&bitm_transformer=25.400.0&bitm_sender=26.200.0&bitm_lists=26.100.0&bitm_clouds=26.0.0&bitm_mobileapp=25.100.0&bitm_storeassist=24.0.0&bitm_xdimport=25.0.0&bitm_intranet=26.300.0&bitm_disk=26.500.100&bitm_calendar=25.170.100&bitm_market=26.0.100&bitm_location=26.100.100&bitm_call=26.300.200&bitm_imopenlines=26.200.100&bitm_photogallery=25.100.0&bitm_extranet=26.100.0&bitm_security=26.0.0&bitm_ai=26.500.0&bitm_dav=26.100.0&bitm_messageservice=26.100.0&bitm_signmobile=26.100.0&bitm_bizproc=26.700.0&bitm_statistic=26.0.0&bitm_landing=26.500.0&bitm_catalog=26.300.0&bitm_mobile=26.300.0&bitm_vote=26.200.0&bitm_booking=26.300.0&bitm_diskmobile=26.100.0&bitm_voximplant=26.500.0&bitm_imconnector=26.200.100&bitm_documentgenerator=26.100.0&bitm_bizprocdesigner=26.300.0&bitm_recyclebin=26.0.0&bitm_socialnetwork=25.600.0&bitm_translate=26.0.0&bitm_mailmobile=26.50.0&bitm_sign=26.400.100&bitm_controller=26.0.0&bitm_perfmon=25.300.0&bitm_blog=26.500.100&bitm_ldap=26.0.0&bitm_salescenter=26.0.0&bitm_b24connector=26.0.0&bitm_report=26.100.0&bitm_rest=26.400.200&bitm_baas=26.200.200&bitm_idea=25.0.0&bitm_meeting=26.0.0&bitm_webdav=23.200.0&bitm_xmpp=21.0.0&bitm_cluster=26.0.0&bitm_note=25.0.0&bitl_en=&bitl_ru=&SUPD_OFC=Portal%3AF%3A%2CCommunications%3AF%3A%2CEnterprise%3AF%3A&SUPD_SRS=RU&SUPD_CMP=N&SALE_15=Y&LICENSE_SIGNED=%7Enew_license24_400_sign-Y
2026-08-10 09:17:44 -  - exec CUpdateClient::GetHTTPPage
2026-08-10 09:17:44 -  - TIME LoadModulesUpdates(request) 0.269 sec
2026-08-10 09:17:44 -  - exec CUpdateClient::ParseServerData
2026-08-10 09:17:44 - S - STEP
2026-08-10 09:17:44 - LMU01 - LoadModulesUpdates-Step
2026-08-10 09:17:45 -  - exec CUpdateClient::LoadModulesUpdates
2026-08-10 09:17:45 -  - exec CUpdateClient::ParseServerData
2026-08-10 09:17:45 -  - loadFile
2026-08-10 09:17:45 - U - RETURN
2026-08-10 09:17:45 -  - exec CUpdateClient::UnGzipArchive
2026-08-10 09:17:45 -  - TIME UnGzipArchive 0.02 sec
2026-08-10 09:17:45 - CSURUS1 - Run updater '/bitrix/updates/update_m1786353465/ai/updater26.600.0.php'
2026-08-10 09:17:45 - CSURUS1 - Run updater '/bitrix/updates/update_m1786353465/ai/updater26.600.0.php'
2026-08-10 09:17:45 -  - TIME UpdateStepModules 0.039 sec
2026-08-10 09:17:45 - UPD_SUCCESS - Updated: ai (26.600.0)<br><li>Улучшено форматирование в BitrixGPT.
2026-08-10 09:17:45 -  - exec CUpdateClient::LoadModulesUpdates
2026-08-10 09:17:45 -  - exec CUpdateClient::CollectRequestData
2026-08-10 09:17:45 -  - LICENSE_KEY=X&lang=ru&SUPD_VER=26.500.0&VERSION=26.650.100&TYPENC=E&SUPD_STS=1&SUPD_URS=1&SUPD_DBS=MYSQL&XE=N&CLIENT_SITE=bx.local&SERVER_NAME=192.168.1.129&CHHB=bx.local%3A443&CSAB=127.0.0.1&SUID=f7vg30ov0a7vr9lgyzcmsjo8apnwonjb&CANGZIP=Y&CLIENT_PHPVER=8.2.30&stable=Y&mbfo=0&NGINX=Y&SMD=N&rerere=Y&bitm_main=26.650.100&bitm_bizprocmobile=26.100.0&bitm_bitrixcloud=25.100.0&bitm_im=26.300.100&bitm_imconnectormobile=25.100.0&bitm_mail=26.100.200&bitm_sale=26.400.0&bitm_forum=26.100.0&bitm_support=26.0.0&bitm_learning=25.0.0&bitm_listsmobile=25.200.0&bitm_catalogmobile=26.100.0&bitm_rpa=26.0.0&bitm_abtest=26.0.0&bitm_humanresources=26.400.0&bitm_conversion=25.0.0&bitm_tasksmobile=26.200.0&bitm_crmmobile=26.200.0&bitm_pull=25.400.0&bitm_ui=26.500.0&bitm_biconnector=26.300.0&bitm_immobile=26.350.0&bitm_webservice=26.0.0&bitm_tasks=26.100.0&bitm_intranetmobile=26.600.0&bitm_currency=26.0.0&bitm_timeman=25.800.0&bitm_calendarmobile=26.300.0&bitm_seo=26.0.0&bitm_fileman=26.0.0&bitm_callmobile=26.350.0&bitm_imbot=26.100.0&bitm_socialservices=26.400.0&bitm_highloadblock=25.100.0&bitm_wiki=26.0.0&bitm_search=25.200.0&bitm_subscribe=25.0.0&bitm_workflow=26.0.0&bitm_iblock=25.400.0&bitm_advertising=24.200.0&bitm_crm=26.400.0&bitm_form=26.0.0&bitm_transformer=25.400.0&bitm_sender=26.200.0&bitm_lists=26.100.0&bitm_clouds=26.0.0&bitm_mobileapp=25.100.0&bitm_storeassist=24.0.0&bitm_xdimport=25.0.0&bitm_intranet=26.300.0&bitm_disk=26.500.100&bitm_calendar=25.170.100&bitm_market=26.0.100&bitm_location=26.100.100&bitm_call=26.300.200&bitm_imopenlines=26.200.100&bitm_photogallery=25.100.0&bitm_extranet=26.100.0&bitm_security=26.0.0&bitm_ai=26.600.0&bitm_dav=26.100.0&bitm_messageservice=26.100.0&bitm_signmobile=26.100.0&bitm_bizproc=26.700.0&bitm_statistic=26.0.0&bitm_landing=26.500.0&bitm_catalog=26.300.0&bitm_mobile=26.300.0&bitm_vote=26.200.0&bitm_booking=26.300.0&bitm_diskmobile=26.100.0&bitm_voximplant=26.500.0&bitm_imconnector=26.200.100&bitm_documentgenerator=26.100.0&bitm_bizprocdesigner=26.300.0&bitm_recyclebin=26.0.0&bitm_socialnetwork=25.600.0&bitm_translate=26.0.0&bitm_mailmobile=26.50.0&bitm_sign=26.400.100&bitm_controller=26.0.0&bitm_perfmon=25.300.0&bitm_blog=26.500.100&bitm_ldap=26.0.0&bitm_salescenter=26.0.0&bitm_b24connector=26.0.0&bitm_report=26.100.0&bitm_rest=26.400.200&bitm_baas=26.200.200&bitm_idea=25.0.0&bitm_meeting=26.0.0&bitm_webdav=23.200.0&bitm_xmpp=21.0.0&bitm_cluster=26.0.0&bitm_note=25.0.0&bitl_en=&bitl_ru=&SUPD_OFC=Portal%3AF%3A%2CCommunications%3AF%3A%2CEnterprise%3AF%3A&SUPD_SRS=RU&SUPD_CMP=N&SALE_15=Y&LICENSE_SIGNED=%7Enew_license24_400_sign-Y
2026-08-10 09:17:45 -  - exec CUpdateClient::GetHTTPPage
2026-08-10 09:17:45 -  - TIME LoadModulesUpdates(request) 0.156 sec
2026-08-10 09:17:45 -  - exec CUpdateClient::ParseServerData
2026-08-10 09:17:45 - S - STEP
2026-08-10 09:17:45 - LMU01 - LoadModulesUpdates-Step
2026-08-10 09:17:46 -  - exec CUpdateClient::LoadModulesUpdates
2026-08-10 09:17:46 -  - exec CUpdateClient::ParseServerData
2026-08-10 09:17:46 -  - loadFile
2026-08-10 09:17:46 - U - RETURN
2026-08-10 09:17:46 -  - exec CUpdateClient::UnGzipArchive
2026-08-10 09:17:46 -  - TIME UnGzipArchive 0.029 sec
2026-08-10 09:17:46 - CSURUS1 - Run updater '/bitrix/updates/update_m1786353466/ai/updater26.700.0.php'
2026-08-10 09:17:46 - CSURUS1 - Run updater '/bitrix/updates/update_m1786353466/ai/updater26.700.0.php'
2026-08-10 09:17:46 -  - TIME UpdateStepModules 0.073 sec
2026-08-10 09:17:46 - UPD_SUCCESS - Updated: ai (26.700.0)<br><li>Оптимизация работы модуля AI.
2026-08-10 09:17:46 -  - exec CUpdateClient::LoadModulesUpdates
2026-08-10 09:17:46 -  - exec CUpdateClient::CollectRequestData
2026-08-10 09:17:46 -  - LICENSE_KEY=X&lang=ru&SUPD_VER=26.500.0&VERSION=26.650.100&TYPENC=E&SUPD_STS=1&SUPD_URS=1&SUPD_DBS=MYSQL&XE=N&CLIENT_SITE=bx.local&SERVER_NAME=192.168.1.129&CHHB=bx.local%3A443&CSAB=127.0.0.1&SUID=f7vg30ov0a7vr9lgyzcmsjo8apnwonjb&CANGZIP=Y&CLIENT_PHPVER=8.2.30&stable=Y&mbfo=0&NGINX=Y&SMD=N&rerere=Y&bitm_main=26.650.100&bitm_bizprocmobile=26.100.0&bitm_bitrixcloud=25.100.0&bitm_im=26.300.100&bitm_imconnectormobile=25.100.0&bitm_mail=26.100.200&bitm_sale=26.400.0&bitm_forum=26.100.0&bitm_support=26.0.0&bitm_learning=25.0.0&bitm_listsmobile=25.200.0&bitm_catalogmobile=26.100.0&bitm_rpa=26.0.0&bitm_abtest=26.0.0&bitm_humanresources=26.400.0&bitm_conversion=25.0.0&bitm_tasksmobile=26.200.0&bitm_crmmobile=26.200.0&bitm_pull=25.400.0&bitm_ui=26.500.0&bitm_biconnector=26.300.0&bitm_immobile=26.350.0&bitm_webservice=26.0.0&bitm_tasks=26.100.0&bitm_intranetmobile=26.600.0&bitm_currency=26.0.0&bitm_timeman=25.800.0&bitm_calendarmobile=26.300.0&bitm_seo=26.0.0&bitm_fileman=26.0.0&bitm_callmobile=26.350.0&bitm_imbot=26.100.0&bitm_socialservices=26.400.0&bitm_highloadblock=25.100.0&bitm_wiki=26.0.0&bitm_search=25.200.0&bitm_subscribe=25.0.0&bitm_workflow=26.0.0&bitm_iblock=25.400.0&bitm_advertising=24.200.0&bitm_crm=26.400.0&bitm_form=26.0.0&bitm_transformer=25.400.0&bitm_sender=26.200.0&bitm_lists=26.100.0&bitm_clouds=26.0.0&bitm_mobileapp=25.100.0&bitm_storeassist=24.0.0&bitm_xdimport=25.0.0&bitm_intranet=26.300.0&bitm_disk=26.500.100&bitm_calendar=25.170.100&bitm_market=26.0.100&bitm_location=26.100.100&bitm_call=26.300.200&bitm_imopenlines=26.200.100&bitm_photogallery=25.100.0&bitm_extranet=26.100.0&bitm_security=26.0.0&bitm_ai=26.700.0&bitm_dav=26.100.0&bitm_messageservice=26.100.0&bitm_signmobile=26.100.0&bitm_bizproc=26.700.0&bitm_statistic=26.0.0&bitm_landing=26.500.0&bitm_catalog=26.300.0&bitm_mobile=26.300.0&bitm_vote=26.200.0&bitm_booking=26.300.0&bitm_diskmobile=26.100.0&bitm_voximplant=26.500.0&bitm_imconnector=26.200.100&bitm_documentgenerator=26.100.0&bitm_bizprocdesigner=26.300.0&bitm_recyclebin=26.0.0&bitm_socialnetwork=25.600.0&bitm_translate=26.0.0&bitm_mailmobile=26.50.0&bitm_sign=26.400.100&bitm_controller=26.0.0&bitm_perfmon=25.300.0&bitm_blog=26.500.100&bitm_ldap=26.0.0&bitm_salescenter=26.0.0&bitm_b24connector=26.0.0&bitm_report=26.100.0&bitm_rest=26.400.200&bitm_baas=26.200.200&bitm_idea=25.0.0&bitm_meeting=26.0.0&bitm_webdav=23.200.0&bitm_xmpp=21.0.0&bitm_cluster=26.0.0&bitm_note=25.0.0&bitl_en=&bitl_ru=&SUPD_OFC=Portal%3AF%3A%2CCommunications%3AF%3A%2CEnterprise%3AF%3A&SUPD_SRS=RU&SUPD_CMP=N&SALE_15=Y&LICENSE_SIGNED=%7Enew_license24_400_sign-Y
2026-08-10 09:17:46 -  - exec CUpdateClient::GetHTTPPage
2026-08-10 09:17:47 -  - TIME LoadModulesUpdates(request) 0.151 sec
2026-08-10 09:17:47 -  - exec CUpdateClient::ParseServerData
2026-08-10 09:17:47 - S - STEP
2026-08-10 09:17:47 - LMU01 - LoadModulesUpdates-Step
2026-08-10 09:17:47 -  - exec CUpdateClient::LoadModulesUpdates
2026-08-10 09:17:47 -  - exec CUpdateClient::ParseServerData
2026-08-10 09:17:47 -  - loadFile
2026-08-10 09:17:47 - U - RETURN
2026-08-10 09:17:47 -  - exec CUpdateClient::UnGzipArchive
2026-08-10 09:17:47 -  - TIME UnGzipArchive 0.023 sec
2026-08-10 09:17:47 - CSURUS1 - Run updater '/bitrix/updates/update_m1786353467/landing/updater26.600.0.php'
2026-08-10 09:17:47 - CSURUS1 - Run updater '/bitrix/updates/update_m1786353467/landing/updater26.600.0.php'
2026-08-10 09:17:47 - CRUPDCF1 - Run updater '/bitrix/updates/update_m1786353467/landing/updater26.600.0.php': CopyFiles(install/blocks, blocks)
2026-08-10 09:17:47 - CSURUS1 - Run updater '/bitrix/updates/update_m1786353467/iblock/updater26.0.0/index.php'
2026-08-10 09:17:47 - CSURUS1 - Run updater '/bitrix/updates/update_m1786353467/iblock/updater26.0.0/index.php'
2026-08-10 09:17:47 - CRUPDCF1 - Run updater '/bitrix/updates/update_m1786353467/iblock/updater26.0.0/index.php': CopyFiles(install/components, components)
2026-08-10 09:17:47 -  - TIME UpdateStepModules 0.066 sec
2026-08-10 09:17:47 - UPD_SUCCESS - Updated: iblock (26.0.0)<br><li>Исправлены ошибки в блоках для магазинов.
2026-08-10 09:17:47 - UPD_SUCCESS - Updated: landing (26.600.0)<br><li>Исправлены ошибки в блоках для магазинов.
2026-08-10 09:17:47 -  - exec CUpdateClient::LoadModulesUpdates
2026-08-10 09:17:47 -  - exec CUpdateClient::CollectRequestData
2026-08-10 09:17:47 -  - LICENSE_KEY=X&lang=ru&SUPD_VER=26.500.0&VERSION=26.650.100&TYPENC=E&SUPD_STS=1&SUPD_URS=1&SUPD_DBS=MYSQL&XE=N&CLIENT_SITE=bx.local&SERVER_NAME=192.168.1.129&CHHB=bx.local%3A443&CSAB=127.0.0.1&SUID=f7vg30ov0a7vr9lgyzcmsjo8apnwonjb&CANGZIP=Y&CLIENT_PHPVER=8.2.30&stable=Y&mbfo=0&NGINX=Y&SMD=N&rerere=Y&bitm_main=26.650.100&bitm_bizprocmobile=26.100.0&bitm_bitrixcloud=25.100.0&bitm_im=26.300.100&bitm_imconnectormobile=25.100.0&bitm_mail=26.100.200&bitm_sale=26.400.0&bitm_forum=26.100.0&bitm_support=26.0.0&bitm_learning=25.0.0&bitm_listsmobile=25.200.0&bitm_catalogmobile=26.100.0&bitm_rpa=26.0.0&bitm_abtest=26.0.0&bitm_humanresources=26.400.0&bitm_conversion=25.0.0&bitm_tasksmobile=26.200.0&bitm_crmmobile=26.200.0&bitm_pull=25.400.0&bitm_ui=26.500.0&bitm_biconnector=26.300.0&bitm_immobile=26.350.0&bitm_webservice=26.0.0&bitm_tasks=26.100.0&bitm_intranetmobile=26.600.0&bitm_currency=26.0.0&bitm_timeman=25.800.0&bitm_calendarmobile=26.300.0&bitm_seo=26.0.0&bitm_fileman=26.0.0&bitm_callmobile=26.350.0&bitm_imbot=26.100.0&bitm_socialservices=26.400.0&bitm_highloadblock=25.100.0&bitm_wiki=26.0.0&bitm_search=25.200.0&bitm_subscribe=25.0.0&bitm_workflow=26.0.0&bitm_iblock=26.0.0&bitm_advertising=24.200.0&bitm_crm=26.400.0&bitm_form=26.0.0&bitm_transformer=25.400.0&bitm_sender=26.200.0&bitm_lists=26.100.0&bitm_clouds=26.0.0&bitm_mobileapp=25.100.0&bitm_storeassist=24.0.0&bitm_xdimport=25.0.0&bitm_intranet=26.300.0&bitm_disk=26.500.100&bitm_calendar=25.170.100&bitm_market=26.0.100&bitm_location=26.100.100&bitm_call=26.300.200&bitm_imopenlines=26.200.100&bitm_photogallery=25.100.0&bitm_extranet=26.100.0&bitm_security=26.0.0&bitm_ai=26.700.0&bitm_dav=26.100.0&bitm_messageservice=26.100.0&bitm_signmobile=26.100.0&bitm_bizproc=26.700.0&bitm_statistic=26.0.0&bitm_landing=26.600.0&bitm_catalog=26.300.0&bitm_mobile=26.300.0&bitm_vote=26.200.0&bitm_booking=26.300.0&bitm_diskmobile=26.100.0&bitm_voximplant=26.500.0&bitm_imconnector=26.200.100&bitm_documentgenerator=26.100.0&bitm_bizprocdesigner=26.300.0&bitm_recyclebin=26.0.0&bitm_socialnetwork=25.600.0&bitm_translate=26.0.0&bitm_mailmobile=26.50.0&bitm_sign=26.400.100&bitm_controller=26.0.0&bitm_perfmon=25.300.0&bitm_blog=26.500.100&bitm_ldap=26.0.0&bitm_salescenter=26.0.0&bitm_b24connector=26.0.0&bitm_report=26.100.0&bitm_rest=26.400.200&bitm_baas=26.200.200&bitm_idea=25.0.0&bitm_meeting=26.0.0&bitm_webdav=23.200.0&bitm_xmpp=21.0.0&bitm_cluster=26.0.0&bitm_note=25.0.0&bitl_en=&bitl_ru=&SUPD_OFC=Portal%3AF%3A%2CCommunications%3AF%3A%2CEnterprise%3AF%3A&SUPD_SRS=RU&SUPD_CMP=N&SALE_15=Y&LICENSE_SIGNED=%7Enew_license24_400_sign-Y
2026-08-10 09:17:47 -  - exec CUpdateClient::GetHTTPPage
2026-08-10 09:17:48 -  - TIME LoadModulesUpdates(request) 0.152 sec
2026-08-10 09:17:48 -  - exec CUpdateClient::ParseServerData
2026-08-10 09:17:48 - S - STEP
2026-08-10 09:17:48 - LMU01 - LoadModulesUpdates-Step
2026-08-10 09:17:48 -  - exec CUpdateClient::LoadModulesUpdates
2026-08-10 09:17:48 -  - exec CUpdateClient::ParseServerData
2026-08-10 09:17:48 -  - loadFile
2026-08-10 09:17:48 - U - RETURN
2026-08-10 09:17:48 -  - exec CUpdateClient::UnGzipArchive
2026-08-10 09:17:48 -  - TIME UnGzipArchive 0.01 sec
2026-08-10 09:17:48 - CSURUS1 - Run updater '/bitrix/updates/update_m1786353468/mailmobile/updater26.100.0.php'
2026-08-10 09:17:48 - CSURUS1 - Run updater '/bitrix/updates/update_m1786353468/mailmobile/updater26.100.0.php'
2026-08-10 09:17:48 - CRUPDCF1 - Run updater '/bitrix/updates/update_m1786353468/mailmobile/updater26.100.0.php': CopyFiles(install/mobileapp, mobileapp)
2026-08-10 09:17:48 - CSURUS1 - Run updater '/bitrix/updates/update_m1786353468/mail/updater26.200.0.php'
2026-08-10 09:17:48 - CSURUS1 - Run updater '/bitrix/updates/update_m1786353468/mail/updater26.200.0.php'
2026-08-10 09:17:48 - CRUPDCF1 - Run updater '/bitrix/updates/update_m1786353468/mail/updater26.200.0.php': CopyFiles(install/components, components)
2026-08-10 09:17:48 - CRUPDCF1 - Run updater '/bitrix/updates/update_m1786353468/mail/updater26.200.0.php': CopyFiles(install/js, js)
2026-08-10 09:17:48 -  - TIME UpdateStepModules 0.042 sec
2026-08-10 09:17:48 - UPD_SUCCESS - Updated: mail (26.200.0)<br><li>Исправлен ряд ошибок.
2026-08-10 09:17:48 - UPD_SUCCESS - Updated: mailmobile (26.100.0)<br><li>Добавлены пресеты для поиска писем в мобильном приложении. <li>Поддержана вложенность почтовых папок в мобильном приложении.
2026-08-10 09:17:48 -  - exec CUpdateClient::LoadModulesUpdates
2026-08-10 09:17:48 -  - exec CUpdateClient::CollectRequestData
2026-08-10 09:17:48 -  - LICENSE_KEY=X&lang=ru&SUPD_VER=26.500.0&VERSION=26.650.100&TYPENC=E&SUPD_STS=1&SUPD_URS=1&SUPD_DBS=MYSQL&XE=N&CLIENT_SITE=bx.local&SERVER_NAME=192.168.1.129&CHHB=bx.local%3A443&CSAB=127.0.0.1&SUID=f7vg30ov0a7vr9lgyzcmsjo8apnwonjb&CANGZIP=Y&CLIENT_PHPVER=8.2.30&stable=Y&mbfo=0&NGINX=Y&SMD=N&rerere=Y&bitm_main=26.650.100&bitm_bizprocmobile=26.100.0&bitm_bitrixcloud=25.100.0&bitm_im=26.300.100&bitm_imconnectormobile=25.100.0&bitm_mail=26.200.0&bitm_sale=26.400.0&bitm_forum=26.100.0&bitm_support=26.0.0&bitm_learning=25.0.0&bitm_listsmobile=25.200.0&bitm_catalogmobile=26.100.0&bitm_rpa=26.0.0&bitm_abtest=26.0.0&bitm_humanresources=26.400.0&bitm_conversion=25.0.0&bitm_tasksmobile=26.200.0&bitm_crmmobile=26.200.0&bitm_pull=25.400.0&bitm_ui=26.500.0&bitm_biconnector=26.300.0&bitm_immobile=26.350.0&bitm_webservice=26.0.0&bitm_tasks=26.100.0&bitm_intranetmobile=26.600.0&bitm_currency=26.0.0&bitm_timeman=25.800.0&bitm_calendarmobile=26.300.0&bitm_seo=26.0.0&bitm_fileman=26.0.0&bitm_callmobile=26.350.0&bitm_imbot=26.100.0&bitm_socialservices=26.400.0&bitm_highloadblock=25.100.0&bitm_wiki=26.0.0&bitm_search=25.200.0&bitm_subscribe=25.0.0&bitm_workflow=26.0.0&bitm_iblock=26.0.0&bitm_advertising=24.200.0&bitm_crm=26.400.0&bitm_form=26.0.0&bitm_transformer=25.400.0&bitm_sender=26.200.0&bitm_lists=26.100.0&bitm_clouds=26.0.0&bitm_mobileapp=25.100.0&bitm_storeassist=24.0.0&bitm_xdimport=25.0.0&bitm_intranet=26.300.0&bitm_disk=26.500.100&bitm_calendar=25.170.100&bitm_market=26.0.100&bitm_location=26.100.100&bitm_call=26.300.200&bitm_imopenlines=26.200.100&bitm_photogallery=25.100.0&bitm_extranet=26.100.0&bitm_security=26.0.0&bitm_ai=26.700.0&bitm_dav=26.100.0&bitm_messageservice=26.100.0&bitm_signmobile=26.100.0&bitm_bizproc=26.700.0&bitm_statistic=26.0.0&bitm_landing=26.600.0&bitm_catalog=26.300.0&bitm_mobile=26.300.0&bitm_vote=26.200.0&bitm_booking=26.300.0&bitm_diskmobile=26.100.0&bitm_voximplant=26.500.0&bitm_imconnector=26.200.100&bitm_documentgenerator=26.100.0&bitm_bizprocdesigner=26.300.0&bitm_recyclebin=26.0.0&bitm_socialnetwork=25.600.0&bitm_translate=26.0.0&bitm_mailmobile=26.100.0&bitm_sign=26.400.100&bitm_controller=26.0.0&bitm_perfmon=25.300.0&bitm_blog=26.500.100&bitm_ldap=26.0.0&bitm_salescenter=26.0.0&bitm_b24connector=26.0.0&bitm_report=26.100.0&bitm_rest=26.400.200&bitm_baas=26.200.200&bitm_idea=25.0.0&bitm_meeting=26.0.0&bitm_webdav=23.200.0&bitm_xmpp=21.0.0&bitm_cluster=26.0.0&bitm_note=25.0.0&bitl_en=&bitl_ru=&SUPD_OFC=Portal%3AF%3A%2CCommunications%3AF%3A%2CEnterprise%3AF%3A&SUPD_SRS=RU&SUPD_CMP=N&SALE_15=Y&LICENSE_SIGNED=%7Enew_license24_400_sign-Y
2026-08-10 09:17:48 -  - exec CUpdateClient::GetHTTPPage
2026-08-10 09:17:49 -  - TIME LoadModulesUpdates(request) 0.15 sec
2026-08-10 09:17:49 -  - exec CUpdateClient::ParseServerData
2026-08-10 09:17:49 - S - STEP
2026-08-10 09:17:49 - LMU01 - LoadModulesUpdates-Step
2026-08-10 09:17:49 -  - exec CUpdateClient::LoadModulesUpdates
2026-08-10 09:17:49 -  - exec CUpdateClient::ParseServerData
2026-08-10 09:17:49 -  - loadFile
2026-08-10 09:17:49 - U - RETURN
2026-08-10 09:17:49 -  - exec CUpdateClient::UnGzipArchive
2026-08-10 09:17:49 -  - TIME UnGzipArchive 0.001 sec
2026-08-10 09:17:49 - CSURUS1 - Run updater '/bitrix/updates/update_m1786353469/mail/updater26.200.100.php'
2026-08-10 09:17:49 - CSURUS1 - Run updater '/bitrix/updates/update_m1786353469/mail/updater26.200.100.php'
2026-08-10 09:17:49 - CRUPDCF1 - Run updater '/bitrix/updates/update_m1786353469/mail/updater26.200.100.php': CopyFiles(install/components, components)
2026-08-10 09:17:49 -  - TIME UpdateStepModules 0.002 sec
2026-08-10 09:17:49 - UPD_SUCCESS - Updated: mail (26.200.100)<br><li>Исправлено отображение пустой страницы почты на некоторых языках.
2026-08-10 09:17:49 -  - exec CUpdateClient::LoadModulesUpdates
2026-08-10 09:17:49 -  - exec CUpdateClient::CollectRequestData
2026-08-10 09:17:49 -  - LICENSE_KEY=X&lang=ru&SUPD_VER=26.500.0&VERSION=26.650.100&TYPENC=E&SUPD_STS=1&SUPD_URS=1&SUPD_DBS=MYSQL&XE=N&CLIENT_SITE=bx.local&SERVER_NAME=192.168.1.129&CHHB=bx.local%3A443&CSAB=127.0.0.1&SUID=f7vg30ov0a7vr9lgyzcmsjo8apnwonjb&CANGZIP=Y&CLIENT_PHPVER=8.2.30&stable=Y&mbfo=0&NGINX=Y&SMD=N&rerere=Y&bitm_main=26.650.100&bitm_bizprocmobile=26.100.0&bitm_bitrixcloud=25.100.0&bitm_im=26.300.100&bitm_imconnectormobile=25.100.0&bitm_mail=26.200.100&bitm_sale=26.400.0&bitm_forum=26.100.0&bitm_support=26.0.0&bitm_learning=25.0.0&bitm_listsmobile=25.200.0&bitm_catalogmobile=26.100.0&bitm_rpa=26.0.0&bitm_abtest=26.0.0&bitm_humanresources=26.400.0&bitm_conversion=25.0.0&bitm_tasksmobile=26.200.0&bitm_crmmobile=26.200.0&bitm_pull=25.400.0&bitm_ui=26.500.0&bitm_biconnector=26.300.0&bitm_immobile=26.350.0&bitm_webservice=26.0.0&bitm_tasks=26.100.0&bitm_intranetmobile=26.600.0&bitm_currency=26.0.0&bitm_timeman=25.800.0&bitm_calendarmobile=26.300.0&bitm_seo=26.0.0&bitm_fileman=26.0.0&bitm_callmobile=26.350.0&bitm_imbot=26.100.0&bitm_socialservices=26.400.0&bitm_highloadblock=25.100.0&bitm_wiki=26.0.0&bitm_search=25.200.0&bitm_subscribe=25.0.0&bitm_workflow=26.0.0&bitm_iblock=26.0.0&bitm_advertising=24.200.0&bitm_crm=26.400.0&bitm_form=26.0.0&bitm_transformer=25.400.0&bitm_sender=26.200.0&bitm_lists=26.100.0&bitm_clouds=26.0.0&bitm_mobileapp=25.100.0&bitm_storeassist=24.0.0&bitm_xdimport=25.0.0&bitm_intranet=26.300.0&bitm_disk=26.500.100&bitm_calendar=25.170.100&bitm_market=26.0.100&bitm_location=26.100.100&bitm_call=26.300.200&bitm_imopenlines=26.200.100&bitm_photogallery=25.100.0&bitm_extranet=26.100.0&bitm_security=26.0.0&bitm_ai=26.700.0&bitm_dav=26.100.0&bitm_messageservice=26.100.0&bitm_signmobile=26.100.0&bitm_bizproc=26.700.0&bitm_statistic=26.0.0&bitm_landing=26.600.0&bitm_catalog=26.300.0&bitm_mobile=26.300.0&bitm_vote=26.200.0&bitm_booking=26.300.0&bitm_diskmobile=26.100.0&bitm_voximplant=26.500.0&bitm_imconnector=26.200.100&bitm_documentgenerator=26.100.0&bitm_bizprocdesigner=26.300.0&bitm_recyclebin=26.0.0&bitm_socialnetwork=25.600.0&bitm_translate=26.0.0&bitm_mailmobile=26.100.0&bitm_sign=26.400.100&bitm_controller=26.0.0&bitm_perfmon=25.300.0&bitm_blog=26.500.100&bitm_ldap=26.0.0&bitm_salescenter=26.0.0&bitm_b24connector=26.0.0&bitm_report=26.100.0&bitm_rest=26.400.200&bitm_baas=26.200.200&bitm_idea=25.0.0&bitm_meeting=26.0.0&bitm_webdav=23.200.0&bitm_xmpp=21.0.0&bitm_cluster=26.0.0&bitm_note=25.0.0&bitl_en=&bitl_ru=&SUPD_OFC=Portal%3AF%3A%2CCommunications%3AF%3A%2CEnterprise%3AF%3A&SUPD_SRS=RU&SUPD_CMP=N&SALE_15=Y&LICENSE_SIGNED=%7Enew_license24_400_sign-Y
2026-08-10 09:17:49 -  - exec CUpdateClient::GetHTTPPage
2026-08-10 09:17:49 -  - TIME LoadModulesUpdates(request) 0.143 sec
2026-08-10 09:17:49 -  - exec CUpdateClient::ParseServerData
2026-08-10 09:17:49 - S - STEP
2026-08-10 09:17:49 - LMU01 - LoadModulesUpdates-Step
2026-08-10 09:17:50 -  - exec CUpdateClient::LoadModulesUpdates
2026-08-10 09:17:50 -  - exec CUpdateClient::ParseServerData
2026-08-10 09:17:50 -  - loadFile
2026-08-10 09:17:50 - U - RETURN
2026-08-10 09:17:50 -  - exec CUpdateClient::UnGzipArchive
2026-08-10 09:17:50 -  - TIME UnGzipArchive 0.001 sec
2026-08-10 09:17:50 - CSURUS1 - Run updater '/bitrix/updates/update_m1786353470/mailmobile/updater26.150.0.php'
2026-08-10 09:17:50 - CSURUS1 - Run updater '/bitrix/updates/update_m1786353470/mailmobile/updater26.150.0.php'
2026-08-10 09:17:50 - CRUPDCF1 - Run updater '/bitrix/updates/update_m1786353470/mailmobile/updater26.150.0.php': CopyFiles(install/mobileapp, mobileapp)
2026-08-10 09:17:50 -  - TIME UpdateStepModules 0.003 sec
2026-08-10 09:17:50 - UPD_SUCCESS - Updated: mailmobile (26.150.0)<br><li>Разработчикам: добавлено событие при переходе между разделами почты. 
2026-08-10 09:17:50 -  - exec CUpdateClient::LoadModulesUpdates
2026-08-10 09:17:50 -  - exec CUpdateClient::CollectRequestData
2026-08-10 09:17:50 -  - LICENSE_KEY=X&lang=ru&SUPD_VER=26.500.0&VERSION=26.650.100&TYPENC=E&SUPD_STS=1&SUPD_URS=1&SUPD_DBS=MYSQL&XE=N&CLIENT_SITE=bx.local&SERVER_NAME=192.168.1.129&CHHB=bx.local%3A443&CSAB=127.0.0.1&SUID=f7vg30ov0a7vr9lgyzcmsjo8apnwonjb&CANGZIP=Y&CLIENT_PHPVER=8.2.30&stable=Y&mbfo=0&NGINX=Y&SMD=N&rerere=Y&bitm_main=26.650.100&bitm_bizprocmobile=26.100.0&bitm_bitrixcloud=25.100.0&bitm_im=26.300.100&bitm_imconnectormobile=25.100.0&bitm_mail=26.200.100&bitm_sale=26.400.0&bitm_forum=26.100.0&bitm_support=26.0.0&bitm_learning=25.0.0&bitm_listsmobile=25.200.0&bitm_catalogmobile=26.100.0&bitm_rpa=26.0.0&bitm_abtest=26.0.0&bitm_humanresources=26.400.0&bitm_conversion=25.0.0&bitm_tasksmobile=26.200.0&bitm_crmmobile=26.200.0&bitm_pull=25.400.0&bitm_ui=26.500.0&bitm_biconnector=26.300.0&bitm_immobile=26.350.0&bitm_webservice=26.0.0&bitm_tasks=26.100.0&bitm_intranetmobile=26.600.0&bitm_currency=26.0.0&bitm_timeman=25.800.0&bitm_calendarmobile=26.300.0&bitm_seo=26.0.0&bitm_fileman=26.0.0&bitm_callmobile=26.350.0&bitm_imbot=26.100.0&bitm_socialservices=26.400.0&bitm_highloadblock=25.100.0&bitm_wiki=26.0.0&bitm_search=25.200.0&bitm_subscribe=25.0.0&bitm_workflow=26.0.0&bitm_iblock=26.0.0&bitm_advertising=24.200.0&bitm_crm=26.400.0&bitm_form=26.0.0&bitm_transformer=25.400.0&bitm_sender=26.200.0&bitm_lists=26.100.0&bitm_clouds=26.0.0&bitm_mobileapp=25.100.0&bitm_storeassist=24.0.0&bitm_xdimport=25.0.0&bitm_intranet=26.300.0&bitm_disk=26.500.100&bitm_calendar=25.170.100&bitm_market=26.0.100&bitm_location=26.100.100&bitm_call=26.300.200&bitm_imopenlines=26.200.100&bitm_photogallery=25.100.0&bitm_extranet=26.100.0&bitm_security=26.0.0&bitm_ai=26.700.0&bitm_dav=26.100.0&bitm_messageservice=26.100.0&bitm_signmobile=26.100.0&bitm_bizproc=26.700.0&bitm_statistic=26.0.0&bitm_landing=26.600.0&bitm_catalog=26.300.0&bitm_mobile=26.300.0&bitm_vote=26.200.0&bitm_booking=26.300.0&bitm_diskmobile=26.100.0&bitm_voximplant=26.500.0&bitm_imconnector=26.200.100&bitm_documentgenerator=26.100.0&bitm_bizprocdesigner=26.300.0&bitm_recyclebin=26.0.0&bitm_socialnetwork=25.600.0&bitm_translate=26.0.0&bitm_mailmobile=26.150.0&bitm_sign=26.400.100&bitm_controller=26.0.0&bitm_perfmon=25.300.0&bitm_blog=26.500.100&bitm_ldap=26.0.0&bitm_salescenter=26.0.0&bitm_b24connector=26.0.0&bitm_report=26.100.0&bitm_rest=26.400.200&bitm_baas=26.200.200&bitm_idea=25.0.0&bitm_meeting=26.0.0&bitm_webdav=23.200.0&bitm_xmpp=21.0.0&bitm_cluster=26.0.0&bitm_note=25.0.0&bitl_en=&bitl_ru=&SUPD_OFC=Portal%3AF%3A%2CCommunications%3AF%3A%2CEnterprise%3AF%3A&SUPD_SRS=RU&SUPD_CMP=N&SALE_15=Y&LICENSE_SIGNED=%7Enew_license24_400_sign-Y
2026-08-10 09:17:50 -  - exec CUpdateClient::GetHTTPPage
2026-08-10 09:17:50 -  - TIME LoadModulesUpdates(request) 0.156 sec
2026-08-10 09:17:50 -  - exec CUpdateClient::ParseServerData
2026-08-10 09:17:50 - S - STEP
2026-08-10 09:17:50 - LMU01 - LoadModulesUpdates-Step
2026-08-10 09:17:51 -  - exec CUpdateClient::LoadModulesUpdates
2026-08-10 09:17:51 -  - exec CUpdateClient::ParseServerData
2026-08-10 09:17:51 -  - loadFile
2026-08-10 09:17:51 - U - RETURN
2026-08-10 09:17:51 -  - exec CUpdateClient::UnGzipArchive
2026-08-10 09:17:51 -  - TIME UnGzipArchive 0.019 sec
2026-08-10 09:17:51 - CSURUS1 - Run updater '/bitrix/updates/update_m1786353471/mailmobile/updater26.200.0.php'
2026-08-10 09:17:51 - CSURUS1 - Run updater '/bitrix/updates/update_m1786353471/mailmobile/updater26.200.0.php'
2026-08-10 09:17:51 - CRUPDCF1 - Run updater '/bitrix/updates/update_m1786353471/mailmobile/updater26.200.0.php': CopyFiles(install/mobileapp, mobileapp)
2026-08-10 09:17:51 - CSURUS1 - Run updater '/bitrix/updates/update_m1786353471/mail/updater26.300.0.php'
2026-08-10 09:17:51 - CSURUS1 - Run updater '/bitrix/updates/update_m1786353471/mail/updater26.300.0.php'
2026-08-10 09:17:51 - CRUPDCF1 - Run updater '/bitrix/updates/update_m1786353471/mail/updater26.300.0.php': CopyFiles(install/components, components)
2026-08-10 09:17:51 - CRUPDCF1 - Run updater '/bitrix/updates/update_m1786353471/mail/updater26.300.0.php': CopyFiles(install/js, js)
2026-08-10 09:17:51 -  - TIME UpdateStepModules 0.072 sec
2026-08-10 09:17:51 - UPD_SUCCESS - Updated: mail (26.300.0)<br><li>Улучшенная обработка ошибок в мастере массового подключения. <li>Возможность обсудить письмо в чате. 
2026-08-10 09:17:51 - UPD_SUCCESS - Updated: mailmobile (26.200.0)<br><li>Улучшенная обработка ошибок в мастере подключения в мобильном приложении. <li>Добавлены новый счетчик непрочитанных писем в мобильной почте.
2026-08-10 09:17:51 -  - exec CUpdateClient::LoadModulesUpdates
2026-08-10 09:17:51 -  - exec CUpdateClient::CollectRequestData
2026-08-10 09:17:51 -  - LICENSE_KEY=X&lang=ru&SUPD_VER=26.500.0&VERSION=26.650.100&TYPENC=E&SUPD_STS=1&SUPD_URS=1&SUPD_DBS=MYSQL&XE=N&CLIENT_SITE=bx.local&SERVER_NAME=192.168.1.129&CHHB=bx.local%3A443&CSAB=127.0.0.1&SUID=f7vg30ov0a7vr9lgyzcmsjo8apnwonjb&CANGZIP=Y&CLIENT_PHPVER=8.2.30&stable=Y&mbfo=0&NGINX=Y&SMD=N&rerere=Y&bitm_main=26.650.100&bitm_bizprocmobile=26.100.0&bitm_bitrixcloud=25.100.0&bitm_im=26.300.100&bitm_imconnectormobile=25.100.0&bitm_mail=26.300.0&bitm_sale=26.400.0&bitm_forum=26.100.0&bitm_support=26.0.0&bitm_learning=25.0.0&bitm_listsmobile=25.200.0&bitm_catalogmobile=26.100.0&bitm_rpa=26.0.0&bitm_abtest=26.0.0&bitm_humanresources=26.400.0&bitm_conversion=25.0.0&bitm_tasksmobile=26.200.0&bitm_crmmobile=26.200.0&bitm_pull=25.400.0&bitm_ui=26.500.0&bitm_biconnector=26.300.0&bitm_immobile=26.350.0&bitm_webservice=26.0.0&bitm_tasks=26.100.0&bitm_intranetmobile=26.600.0&bitm_currency=26.0.0&bitm_timeman=25.800.0&bitm_calendarmobile=26.300.0&bitm_seo=26.0.0&bitm_fileman=26.0.0&bitm_callmobile=26.350.0&bitm_imbot=26.100.0&bitm_socialservices=26.400.0&bitm_highloadblock=25.100.0&bitm_wiki=26.0.0&bitm_search=25.200.0&bitm_subscribe=25.0.0&bitm_workflow=26.0.0&bitm_iblock=26.0.0&bitm_advertising=24.200.0&bitm_crm=26.400.0&bitm_form=26.0.0&bitm_transformer=25.400.0&bitm_sender=26.200.0&bitm_lists=26.100.0&bitm_clouds=26.0.0&bitm_mobileapp=25.100.0&bitm_storeassist=24.0.0&bitm_xdimport=25.0.0&bitm_intranet=26.300.0&bitm_disk=26.500.100&bitm_calendar=25.170.100&bitm_market=26.0.100&bitm_location=26.100.100&bitm_call=26.300.200&bitm_imopenlines=26.200.100&bitm_photogallery=25.100.0&bitm_extranet=26.100.0&bitm_security=26.0.0&bitm_ai=26.700.0&bitm_dav=26.100.0&bitm_messageservice=26.100.0&bitm_signmobile=26.100.0&bitm_bizproc=26.700.0&bitm_statistic=26.0.0&bitm_landing=26.600.0&bitm_catalog=26.300.0&bitm_mobile=26.300.0&bitm_vote=26.200.0&bitm_booking=26.300.0&bitm_diskmobile=26.100.0&bitm_voximplant=26.500.0&bitm_imconnector=26.200.100&bitm_documentgenerator=26.100.0&bitm_bizprocdesigner=26.300.0&bitm_recyclebin=26.0.0&bitm_socialnetwork=25.600.0&bitm_translate=26.0.0&bitm_mailmobile=26.200.0&bitm_sign=26.400.100&bitm_controller=26.0.0&bitm_perfmon=25.300.0&bitm_blog=26.500.100&bitm_ldap=26.0.0&bitm_salescenter=26.0.0&bitm_b24connector=26.0.0&bitm_report=26.100.0&bitm_rest=26.400.200&bitm_baas=26.200.200&bitm_idea=25.0.0&bitm_meeting=26.0.0&bitm_webdav=23.200.0&bitm_xmpp=21.0.0&bitm_cluster=26.0.0&bitm_note=25.0.0&bitl_en=&bitl_ru=&SUPD_OFC=Portal%3AF%3A%2CCommunications%3AF%3A%2CEnterprise%3AF%3A&SUPD_SRS=RU&SUPD_CMP=N&SALE_15=Y&LICENSE_SIGNED=%7Enew_license24_400_sign-Y
2026-08-10 09:17:51 -  - exec CUpdateClient::GetHTTPPage
2026-08-10 09:17:52 -  - TIME LoadModulesUpdates(request) 0.283 sec
2026-08-10 09:17:52 -  - exec CUpdateClient::ParseServerData
2026-08-10 09:17:52 - S - STEP
2026-08-10 09:17:52 - LMU01 - LoadModulesUpdates-Step
2026-08-10 09:17:52 -  - exec CUpdateClient::LoadModulesUpdates
2026-08-10 09:17:52 -  - exec CUpdateClient::ParseServerData
2026-08-10 09:17:52 -  - loadFile
2026-08-10 09:17:53 - U - RETURN
2026-08-10 09:17:53 -  - exec CUpdateClient::UnGzipArchive
2026-08-10 09:17:53 -  - TIME UnGzipArchive 0.076 sec
2026-08-10 09:17:53 - CSURUS1 - Run updater '/bitrix/updates/update_m1786353473/mail/updater26.400.0.php'
2026-08-10 09:17:53 - CSURUS1 - Run updater '/bitrix/updates/update_m1786353473/mail/updater26.400.0.php'
2026-08-10 09:17:53 - CRUPDCF1 - Run updater '/bitrix/updates/update_m1786353473/mail/updater26.400.0.php': CopyFiles(install/components, components)
2026-08-10 09:17:53 - CRUPDCF1 - Run updater '/bitrix/updates/update_m1786353473/mail/updater26.400.0.php': CopyFiles(install/js, js)
2026-08-10 09:17:53 - CRUPDCDF2 - Run updater '/bitrix/updates/update_m1786353473/mail/updater26.400.0.php': Query(
				CREATE TABLE b_mail_entity_data (
					MAILBOX_ID INT(11) UNSIGNED NOT NULL,
					ENTITY_TYPE VARCHAR(32) NOT NULL,
					ENTITY_ID VARCHAR(32) NOT NULL,
					PROPERTY_NAME VARCHAR(32) NOT NULL,
					VALUE MEDIUMTEXT NOT NULL,
					DATE_INSERT datetime,
					PRIMARY KEY(MAILBOX_ID, ENTITY_TYPE, ENTITY_ID, PROPERTY_NAME)
				)
			, )
2026-08-10 09:17:53 -  - TIME UpdateStepModules 0.496 sec
2026-08-10 09:17:53 - UPD_SUCCESS - Updated: mail (26.400.0)<br><li>Подключение ящиков без пароля в мастере массового подключения. <li>Отправка запроса на подключение почтового ящика. <li>Возможность обсудить письмо в чате в CRM. 
2026-08-10 09:17:53 -  - exec CUpdateClient::LoadModulesUpdates
2026-08-10 09:17:53 -  - exec CUpdateClient::CollectRequestData
2026-08-10 09:17:53 -  - LICENSE_KEY=X&lang=ru&SUPD_VER=26.500.0&VERSION=26.650.100&TYPENC=E&SUPD_STS=1&SUPD_URS=1&SUPD_DBS=MYSQL&XE=N&CLIENT_SITE=bx.local&SERVER_NAME=192.168.1.129&CHHB=bx.local%3A443&CSAB=127.0.0.1&SUID=f7vg30ov0a7vr9lgyzcmsjo8apnwonjb&CANGZIP=Y&CLIENT_PHPVER=8.2.30&stable=Y&mbfo=0&NGINX=Y&SMD=N&rerere=Y&bitm_main=26.650.100&bitm_bizprocmobile=26.100.0&bitm_bitrixcloud=25.100.0&bitm_im=26.300.100&bitm_imconnectormobile=25.100.0&bitm_mail=26.400.0&bitm_sale=26.400.0&bitm_forum=26.100.0&bitm_support=26.0.0&bitm_learning=25.0.0&bitm_listsmobile=25.200.0&bitm_catalogmobile=26.100.0&bitm_rpa=26.0.0&bitm_abtest=26.0.0&bitm_humanresources=26.400.0&bitm_conversion=25.0.0&bitm_tasksmobile=26.200.0&bitm_crmmobile=26.200.0&bitm_pull=25.400.0&bitm_ui=26.500.0&bitm_biconnector=26.300.0&bitm_immobile=26.350.0&bitm_webservice=26.0.0&bitm_tasks=26.100.0&bitm_intranetmobile=26.600.0&bitm_currency=26.0.0&bitm_timeman=25.800.0&bitm_calendarmobile=26.300.0&bitm_seo=26.0.0&bitm_fileman=26.0.0&bitm_callmobile=26.350.0&bitm_imbot=26.100.0&bitm_socialservices=26.400.0&bitm_highloadblock=25.100.0&bitm_wiki=26.0.0&bitm_search=25.200.0&bitm_subscribe=25.0.0&bitm_workflow=26.0.0&bitm_iblock=26.0.0&bitm_advertising=24.200.0&bitm_crm=26.400.0&bitm_form=26.0.0&bitm_transformer=25.400.0&bitm_sender=26.200.0&bitm_lists=26.100.0&bitm_clouds=26.0.0&bitm_mobileapp=25.100.0&bitm_storeassist=24.0.0&bitm_xdimport=25.0.0&bitm_intranet=26.300.0&bitm_disk=26.500.100&bitm_calendar=25.170.100&bitm_market=26.0.100&bitm_location=26.100.100&bitm_call=26.300.200&bitm_imopenlines=26.200.100&bitm_photogallery=25.100.0&bitm_extranet=26.100.0&bitm_security=26.0.0&bitm_ai=26.700.0&bitm_dav=26.100.0&bitm_messageservice=26.100.0&bitm_signmobile=26.100.0&bitm_bizproc=26.700.0&bitm_statistic=26.0.0&bitm_landing=26.600.0&bitm_catalog=26.300.0&bitm_mobile=26.300.0&bitm_vote=26.200.0&bitm_booking=26.300.0&bitm_diskmobile=26.100.0&bitm_voximplant=26.500.0&bitm_imconnector=26.200.100&bitm_documentgenerator=26.100.0&bitm_bizprocdesigner=26.300.0&bitm_recyclebin=26.0.0&bitm_socialnetwork=25.600.0&bitm_translate=26.0.0&bitm_mailmobile=26.200.0&bitm_sign=26.400.100&bitm_controller=26.0.0&bitm_perfmon=25.300.0&bitm_blog=26.500.100&bitm_ldap=26.0.0&bitm_salescenter=26.0.0&bitm_b24connector=26.0.0&bitm_report=26.100.0&bitm_rest=26.400.200&bitm_baas=26.200.200&bitm_idea=25.0.0&bitm_meeting=26.0.0&bitm_webdav=23.200.0&bitm_xmpp=21.0.0&bitm_cluster=26.0.0&bitm_note=25.0.0&bitl_en=&bitl_ru=&SUPD_OFC=Portal%3AF%3A%2CCommunications%3AF%3A%2CEnterprise%3AF%3A&SUPD_SRS=RU&SUPD_CMP=N&SALE_15=Y&LICENSE_SIGNED=%7Enew_license24_400_sign-Y
2026-08-10 09:17:53 -  - exec CUpdateClient::GetHTTPPage
2026-08-10 09:17:54 -  - TIME LoadModulesUpdates(request) 0.142 sec
2026-08-10 09:17:54 -  - exec CUpdateClient::ParseServerData
2026-08-10 09:17:54 - S - STEP
2026-08-10 09:17:54 - LMU01 - LoadModulesUpdates-Step
2026-08-10 09:17:54 -  - exec CUpdateClient::LoadModulesUpdates
2026-08-10 09:17:54 -  - exec CUpdateClient::ParseServerData
2026-08-10 09:17:54 -  - loadFile
2026-08-10 09:17:54 - U - RETURN
2026-08-10 09:17:54 -  - exec CUpdateClient::UnGzipArchive
2026-08-10 09:17:54 -  - TIME UnGzipArchive 0.02 sec
2026-08-10 09:17:54 - CSURUS1 - Run updater '/bitrix/updates/update_m1786353474/mail/updater26.500.0.php'
2026-08-10 09:17:54 - CSURUS1 - Run updater '/bitrix/updates/update_m1786353474/mail/updater26.500.0.php'
2026-08-10 09:17:54 - CRUPDCF1 - Run updater '/bitrix/updates/update_m1786353474/mail/updater26.500.0.php': CopyFiles(install/components, components)
2026-08-10 09:17:54 - CRUPDCF1 - Run updater '/bitrix/updates/update_m1786353474/mail/updater26.500.0.php': CopyFiles(install/js, js)
2026-08-10 09:17:54 -  - TIME UpdateStepModules 0.244 sec
2026-08-10 09:17:54 - UPD_SUCCESS - Updated: mail (26.500.0)<br><li>Улучшена скорость открытия спика писем. <li>Добавлен режим просмотра писем со всех доступных почтовых ящиков. <li>Улучшено отображение дат в письмах.
2026-08-10 09:17:55 -  - exec CUpdateClient::LoadModulesUpdates
2026-08-10 09:17:55 -  - exec CUpdateClient::CollectRequestData
2026-08-10 09:17:55 -  - LICENSE_KEY=X&lang=ru&SUPD_VER=26.500.0&VERSION=26.650.100&TYPENC=E&SUPD_STS=1&SUPD_URS=1&SUPD_DBS=MYSQL&XE=N&CLIENT_SITE=bx.local&SERVER_NAME=192.168.1.129&CHHB=bx.local%3A443&CSAB=127.0.0.1&SUID=f7vg30ov0a7vr9lgyzcmsjo8apnwonjb&CANGZIP=Y&CLIENT_PHPVER=8.2.30&stable=Y&mbfo=0&NGINX=Y&SMD=N&rerere=Y&bitm_main=26.650.100&bitm_bizprocmobile=26.100.0&bitm_bitrixcloud=25.100.0&bitm_im=26.300.100&bitm_imconnectormobile=25.100.0&bitm_mail=26.500.0&bitm_sale=26.400.0&bitm_forum=26.100.0&bitm_support=26.0.0&bitm_learning=25.0.0&bitm_listsmobile=25.200.0&bitm_catalogmobile=26.100.0&bitm_rpa=26.0.0&bitm_abtest=26.0.0&bitm_humanresources=26.400.0&bitm_conversion=25.0.0&bitm_tasksmobile=26.200.0&bitm_crmmobile=26.200.0&bitm_pull=25.400.0&bitm_ui=26.500.0&bitm_biconnector=26.300.0&bitm_immobile=26.350.0&bitm_webservice=26.0.0&bitm_tasks=26.100.0&bitm_intranetmobile=26.600.0&bitm_currency=26.0.0&bitm_timeman=25.800.0&bitm_calendarmobile=26.300.0&bitm_seo=26.0.0&bitm_fileman=26.0.0&bitm_callmobile=26.350.0&bitm_imbot=26.100.0&bitm_socialservices=26.400.0&bitm_highloadblock=25.100.0&bitm_wiki=26.0.0&bitm_search=25.200.0&bitm_subscribe=25.0.0&bitm_workflow=26.0.0&bitm_iblock=26.0.0&bitm_advertising=24.200.0&bitm_crm=26.400.0&bitm_form=26.0.0&bitm_transformer=25.400.0&bitm_sender=26.200.0&bitm_lists=26.100.0&bitm_clouds=26.0.0&bitm_mobileapp=25.100.0&bitm_storeassist=24.0.0&bitm_xdimport=25.0.0&bitm_intranet=26.300.0&bitm_disk=26.500.100&bitm_calendar=25.170.100&bitm_market=26.0.100&bitm_location=26.100.100&bitm_call=26.300.200&bitm_imopenlines=26.200.100&bitm_photogallery=25.100.0&bitm_extranet=26.100.0&bitm_security=26.0.0&bitm_ai=26.700.0&bitm_dav=26.100.0&bitm_messageservice=26.100.0&bitm_signmobile=26.100.0&bitm_bizproc=26.700.0&bitm_statistic=26.0.0&bitm_landing=26.600.0&bitm_catalog=26.300.0&bitm_mobile=26.300.0&bitm_vote=26.200.0&bitm_booking=26.300.0&bitm_diskmobile=26.100.0&bitm_voximplant=26.500.0&bitm_imconnector=26.200.100&bitm_documentgenerator=26.100.0&bitm_bizprocdesigner=26.300.0&bitm_recyclebin=26.0.0&bitm_socialnetwork=25.600.0&bitm_translate=26.0.0&bitm_mailmobile=26.200.0&bitm_sign=26.400.100&bitm_controller=26.0.0&bitm_perfmon=25.300.0&bitm_blog=26.500.100&bitm_ldap=26.0.0&bitm_salescenter=26.0.0&bitm_b24connector=26.0.0&bitm_report=26.100.0&bitm_rest=26.400.200&bitm_baas=26.200.200&bitm_idea=25.0.0&bitm_meeting=26.0.0&bitm_webdav=23.200.0&bitm_xmpp=21.0.0&bitm_cluster=26.0.0&bitm_note=25.0.0&bitl_en=&bitl_ru=&SUPD_OFC=Portal%3AF%3A%2CCommunications%3AF%3A%2CEnterprise%3AF%3A&SUPD_SRS=RU&SUPD_CMP=N&SALE_15=Y&LICENSE_SIGNED=%7Enew_license24_400_sign-Y
2026-08-10 09:17:55 -  - exec CUpdateClient::GetHTTPPage
2026-08-10 09:17:55 -  - TIME LoadModulesUpdates(request) 0.197 sec
2026-08-10 09:17:55 -  - exec CUpdateClient::ParseServerData
2026-08-10 09:17:55 - S - STEP
2026-08-10 09:17:55 - LMU01 - LoadModulesUpdates-Step
2026-08-10 09:17:55 -  - exec CUpdateClient::LoadModulesUpdates
2026-08-10 09:17:55 -  - exec CUpdateClient::ParseServerData
2026-08-10 09:17:55 -  - loadFile
2026-08-10 09:17:56 - U - RETURN
2026-08-10 09:17:56 -  - exec CUpdateClient::UnGzipArchive
2026-08-10 09:17:56 -  - TIME UnGzipArchive 0.02 sec
2026-08-10 09:17:56 - CSURUS1 - Run updater '/bitrix/updates/update_m1786353476/mailmobile/updater26.300.0.php'
2026-08-10 09:17:56 - CSURUS1 - Run updater '/bitrix/updates/update_m1786353476/mailmobile/updater26.300.0.php'
2026-08-10 09:17:56 - CRUPDCF1 - Run updater '/bitrix/updates/update_m1786353476/mailmobile/updater26.300.0.php': CopyFiles(install/mobileapp, mobileapp)
2026-08-10 09:17:56 -  - TIME UpdateStepModules 0.106 sec
2026-08-10 09:17:56 - UPD_SUCCESS - Updated: mailmobile (26.300.0)<br><li>Добавлены настройки почтового ящика. <li>Поддержана отправка письма без темы. <li>Добавлено многоуровневое меню в списке писем.
2026-08-10 09:17:56 -  - exec CUpdateClient::LoadModulesUpdates
2026-08-10 09:17:56 -  - exec CUpdateClient::CollectRequestData
2026-08-10 09:17:56 -  - LICENSE_KEY=X&lang=ru&SUPD_VER=26.500.0&VERSION=26.650.100&TYPENC=E&SUPD_STS=1&SUPD_URS=1&SUPD_DBS=MYSQL&XE=N&CLIENT_SITE=bx.local&SERVER_NAME=192.168.1.129&CHHB=bx.local%3A443&CSAB=127.0.0.1&SUID=f7vg30ov0a7vr9lgyzcmsjo8apnwonjb&CANGZIP=Y&CLIENT_PHPVER=8.2.30&stable=Y&mbfo=0&NGINX=Y&SMD=N&rerere=Y&bitm_main=26.650.100&bitm_bizprocmobile=26.100.0&bitm_bitrixcloud=25.100.0&bitm_im=26.300.100&bitm_imconnectormobile=25.100.0&bitm_mail=26.500.0&bitm_sale=26.400.0&bitm_forum=26.100.0&bitm_support=26.0.0&bitm_learning=25.0.0&bitm_listsmobile=25.200.0&bitm_catalogmobile=26.100.0&bitm_rpa=26.0.0&bitm_abtest=26.0.0&bitm_humanresources=26.400.0&bitm_conversion=25.0.0&bitm_tasksmobile=26.200.0&bitm_crmmobile=26.200.0&bitm_pull=25.400.0&bitm_ui=26.500.0&bitm_biconnector=26.300.0&bitm_immobile=26.350.0&bitm_webservice=26.0.0&bitm_tasks=26.100.0&bitm_intranetmobile=26.600.0&bitm_currency=26.0.0&bitm_timeman=25.800.0&bitm_calendarmobile=26.300.0&bitm_seo=26.0.0&bitm_fileman=26.0.0&bitm_callmobile=26.350.0&bitm_imbot=26.100.0&bitm_socialservices=26.400.0&bitm_highloadblock=25.100.0&bitm_wiki=26.0.0&bitm_search=25.200.0&bitm_subscribe=25.0.0&bitm_workflow=26.0.0&bitm_iblock=26.0.0&bitm_advertising=24.200.0&bitm_crm=26.400.0&bitm_form=26.0.0&bitm_transformer=25.400.0&bitm_sender=26.200.0&bitm_lists=26.100.0&bitm_clouds=26.0.0&bitm_mobileapp=25.100.0&bitm_storeassist=24.0.0&bitm_xdimport=25.0.0&bitm_intranet=26.300.0&bitm_disk=26.500.100&bitm_calendar=25.170.100&bitm_market=26.0.100&bitm_location=26.100.100&bitm_call=26.300.200&bitm_imopenlines=26.200.100&bitm_photogallery=25.100.0&bitm_extranet=26.100.0&bitm_security=26.0.0&bitm_ai=26.700.0&bitm_dav=26.100.0&bitm_messageservice=26.100.0&bitm_signmobile=26.100.0&bitm_bizproc=26.700.0&bitm_statistic=26.0.0&bitm_landing=26.600.0&bitm_catalog=26.300.0&bitm_mobile=26.300.0&bitm_vote=26.200.0&bitm_booking=26.300.0&bitm_diskmobile=26.100.0&bitm_voximplant=26.500.0&bitm_imconnector=26.200.100&bitm_documentgenerator=26.100.0&bitm_bizprocdesigner=26.300.0&bitm_recyclebin=26.0.0&bitm_socialnetwork=25.600.0&bitm_translate=26.0.0&bitm_mailmobile=26.300.0&bitm_sign=26.400.100&bitm_controller=26.0.0&bitm_perfmon=25.300.0&bitm_blog=26.500.100&bitm_ldap=26.0.0&bitm_salescenter=26.0.0&bitm_b24connector=26.0.0&bitm_report=26.100.0&bitm_rest=26.400.200&bitm_baas=26.200.200&bitm_idea=25.0.0&bitm_meeting=26.0.0&bitm_webdav=23.200.0&bitm_xmpp=21.0.0&bitm_cluster=26.0.0&bitm_note=25.0.0&bitl_en=&bitl_ru=&SUPD_OFC=Portal%3AF%3A%2CCommunications%3AF%3A%2CEnterprise%3AF%3A&SUPD_SRS=RU&SUPD_CMP=N&SALE_15=Y&LICENSE_SIGNED=%7Enew_license24_400_sign-Y
2026-08-10 09:17:56 -  - exec CUpdateClient::GetHTTPPage
2026-08-10 09:17:56 -  - TIME LoadModulesUpdates(request) 0.279 sec
2026-08-10 09:17:56 -  - exec CUpdateClient::ParseServerData
2026-08-10 09:17:56 - S - STEP
2026-08-10 09:17:56 - LMU01 - LoadModulesUpdates-Step
2026-08-10 09:17:57 -  - exec CUpdateClient::LoadModulesUpdates
2026-08-10 09:17:57 -  - exec CUpdateClient::ParseServerData
2026-08-10 09:17:57 -  - loadFile
2026-08-10 09:18:02 - U - RETURN
2026-08-10 09:18:02 -  - exec CUpdateClient::UnGzipArchive
2026-08-10 09:18:04 -  - TIME UnGzipArchive 1.799 sec
2026-08-10 09:18:04 - CSURUS1 - Run updater '/bitrix/updates/update_m1786353482/intranet/updater26.400.0.php'
2026-08-10 09:18:04 - CSURUS1 - Run updater '/bitrix/updates/update_m1786353482/intranet/updater26.400.100.php'
2026-08-10 09:18:04 - CSURUS1 - Run updater '/bitrix/updates/update_m1786353482/intranet/updater26.450.0.php'
2026-08-10 09:18:04 - CSURUS1 - Run updater '/bitrix/updates/update_m1786353482/intranet/updater26.500.0.php'
2026-08-10 09:18:04 - CSURUS1 - Run updater '/bitrix/updates/update_m1786353482/intranet/updater26.600.0.php'
2026-08-10 09:18:04 - CSURUS1 - Run updater '/bitrix/updates/update_m1786353482/intranet/updater26.700.0.php'
2026-08-10 09:18:04 - CSURUS1 - Run updater '/bitrix/updates/update_m1786353482/intranet/updater26.750.0.php'
2026-08-10 09:18:04 - CSURUS1 - Run updater '/bitrix/updates/update_m1786353482/intranet/updater26.400.0.php'
2026-08-10 09:18:04 - CRUPDCF1 - Run updater '/bitrix/updates/update_m1786353482/intranet/updater26.400.0.php': CopyFiles(install/components, components)
2026-08-10 09:18:04 - CRUPDCF1 - Run updater '/bitrix/updates/update_m1786353482/intranet/updater26.400.0.php': CopyFiles(install/js, js)
2026-08-10 09:18:04 - CRUPDCF1 - Run updater '/bitrix/updates/update_m1786353482/intranet/updater26.400.0.php': CopyFiles(install/routes, routes)
2026-08-10 09:18:04 - CRUPDCF1 - Run updater '/bitrix/updates/update_m1786353482/intranet/updater26.400.0.php': CopyFiles(install/wizards/bitrix/portal, wizards/bitrix/portal)
2026-08-10 09:18:04 - CRUPDCF1 - Run updater '/bitrix/updates/update_m1786353482/intranet/updater26.400.0.php': CopyFiles(install/templates/bitrix24, templates/bitrix24)
2026-08-10 09:18:04 - CRUPDCF1 - Run updater '/bitrix/updates/update_m1786353482/intranet/updater26.400.0.php': CopyFiles(install/templates/login, templates/login)
2026-08-10 09:18:04 - CRUPDCF1 - Run updater '/bitrix/updates/update_m1786353482/intranet/updater26.400.0.php': CopyFiles(install/templates/pub, templates/pub)
2026-08-10 09:18:04 - CSURUS1 - Run updater '/bitrix/updates/update_m1786353482/intranet/updater26.400.100.php'
2026-08-10 09:18:04 - CRUPDCF1 - Run updater '/bitrix/updates/update_m1786353482/intranet/updater26.400.100.php': CopyFiles(install/js, js)
2026-08-10 09:18:04 - CSURUS1 - Run updater '/bitrix/updates/update_m1786353482/intranet/updater26.450.0.php'
2026-08-10 09:18:04 - CRUPDCF1 - Run updater '/bitrix/updates/update_m1786353482/intranet/updater26.450.0.php': CopyFiles(install/routes, routes)
2026-08-10 09:18:04 - CRUPDCF1 - Run updater '/bitrix/updates/update_m1786353482/intranet/updater26.450.0.php': CopyFiles(install/templates/bitrix24, templates/bitrix24)
2026-08-10 09:18:04 - CRUPDCF1 - Run updater '/bitrix/updates/update_m1786353482/intranet/updater26.450.0.php': CopyFiles(install/templates/login, templates/login)
2026-08-10 09:18:04 - CRUPDCF1 - Run updater '/bitrix/updates/update_m1786353482/intranet/updater26.450.0.php': CopyFiles(install/templates/pub, templates/pub)
2026-08-10 09:18:04 - CSURUS1 - Run updater '/bitrix/updates/update_m1786353482/intranet/updater26.500.0.php'
2026-08-10 09:18:04 - CRUPDCF1 - Run updater '/bitrix/updates/update_m1786353482/intranet/updater26.500.0.php': CopyFiles(install/components, components)
2026-08-10 09:18:04 - CRUPDCF1 - Run updater '/bitrix/updates/update_m1786353482/intranet/updater26.500.0.php': CopyFiles(install/js, js)
2026-08-10 09:18:05 - CRUPDCF1 - Run updater '/bitrix/updates/update_m1786353482/intranet/updater26.500.0.php': CopyFiles(install/routes, routes)
2026-08-10 09:18:05 - CRUPDCF1 - Run updater '/bitrix/updates/update_m1786353482/intranet/updater26.500.0.php': CopyFiles(install/templates/bitrix24, templates/bitrix24)
2026-08-10 09:18:05 - CRUPDCF1 - Run updater '/bitrix/updates/update_m1786353482/intranet/updater26.500.0.php': CopyFiles(install/templates/login, templates/login)
2026-08-10 09:18:05 - CRUPDCF1 - Run updater '/bitrix/updates/update_m1786353482/intranet/updater26.500.0.php': CopyFiles(install/templates/pub, templates/pub)
2026-08-10 09:18:05 - CSURUS1 - Run updater '/bitrix/updates/update_m1786353482/intranet/updater26.600.0.php'
2026-08-10 09:18:05 - CRUPDCF1 - Run updater '/bitrix/updates/update_m1786353482/intranet/updater26.600.0.php': CopyFiles(install/components, components)
2026-08-10 09:18:05 - CRUPDCF1 - Run updater '/bitrix/updates/update_m1786353482/intranet/updater26.600.0.php': CopyFiles(install/js, js)
2026-08-10 09:18:05 - CRUPDCF1 - Run updater '/bitrix/updates/update_m1786353482/intranet/updater26.600.0.php': CopyFiles(install/templates/bitrix24, templates/bitrix24)
2026-08-10 09:18:05 - CRUPDCF1 - Run updater '/bitrix/updates/update_m1786353482/intranet/updater26.600.0.php': CopyFiles(install/templates/login, templates/login)
2026-08-10 09:18:05 - CRUPDCF1 - Run updater '/bitrix/updates/update_m1786353482/intranet/updater26.600.0.php': CopyFiles(install/templates/pub, templates/pub)
2026-08-10 09:18:05 - CSURUS1 - Run updater '/bitrix/updates/update_m1786353482/intranet/updater26.700.0.php'
2026-08-10 09:18:05 - CRUPDCF1 - Run updater '/bitrix/updates/update_m1786353482/intranet/updater26.700.0.php': CopyFiles(install/js, js)
2026-08-10 09:18:05 - CRUPDCF1 - Run updater '/bitrix/updates/update_m1786353482/intranet/updater26.700.0.php': CopyFiles(install/components, components)
2026-08-10 09:18:05 - CRUPDCF1 - Run updater '/bitrix/updates/update_m1786353482/intranet/updater26.700.0.php': CopyFiles(install/templates, templates)
2026-08-10 09:18:05 - CSURUS1 - Run updater '/bitrix/updates/update_m1786353482/intranet/updater26.750.0.php'
2026-08-10 09:18:05 - CRUPDCF1 - Run updater '/bitrix/updates/update_m1786353482/intranet/updater26.750.0.php': CopyFiles(install/components, components)
2026-08-10 09:18:05 - CRUPDCF1 - Run updater '/bitrix/updates/update_m1786353482/intranet/updater26.750.0.php': CopyFiles(install/js, js)
2026-08-10 09:18:05 - CRUPDCF1 - Run updater '/bitrix/updates/update_m1786353482/intranet/updater26.750.0.php': CopyFiles(install/routes, routes)
2026-08-10 09:18:05 - CRUPDCF1 - Run updater '/bitrix/updates/update_m1786353482/intranet/updater26.750.0.php': CopyFiles(install/templates/bitrix24, templates/bitrix24)
2026-08-10 09:18:05 - CRUPDCF1 - Run updater '/bitrix/updates/update_m1786353482/intranet/updater26.750.0.php': CopyFiles(install/templates/login, templates/login)
2026-08-10 09:18:05 - CRUPDCF1 - Run updater '/bitrix/updates/update_m1786353482/intranet/updater26.750.0.php': CopyFiles(install/templates/pub, templates/pub)
2026-08-10 09:18:06 - CSURUS1 - Run updater '/bitrix/updates/update_m1786353482/calendarmobile/updater26.400.0.php'
2026-08-10 09:18:06 - CSURUS1 - Run updater '/bitrix/updates/update_m1786353482/calendarmobile/updater26.400.0.php'
2026-08-10 09:18:06 - CRUPDCF1 - Run updater '/bitrix/updates/update_m1786353482/calendarmobile/updater26.400.0.php': CopyFiles(install/mobileapp, mobileapp)
2026-08-10 09:18:06 - CSURUS1 - Run updater '/bitrix/updates/update_m1786353482/call/updater26.350.0.php'
2026-08-10 09:18:06 - CSURUS1 - Run updater '/bitrix/updates/update_m1786353482/call/updater26.350.0.php'
2026-08-10 09:18:06 - CRUPDCF1 - Run updater '/bitrix/updates/update_m1786353482/call/updater26.350.0.php': CopyFiles(install/js, js)
2026-08-10 09:18:06 - CSURUS1 - Run updater '/bitrix/updates/update_m1786353482/imbot/updater26.150.0.php'
2026-08-10 09:18:06 - CSURUS1 - Run updater '/bitrix/updates/update_m1786353482/imbot/updater26.200.0.php'
2026-08-10 09:18:06 - CSURUS1 - Run updater '/bitrix/updates/update_m1786353482/imbot/updater26.150.0.php'
2026-08-10 09:18:06 - CRUPDCF1 - Run updater '/bitrix/updates/update_m1786353482/imbot/updater26.150.0.php': CopyFiles(install/activities, activities)
2026-08-10 09:18:06 - CSURUS1 - Run updater '/bitrix/updates/update_m1786353482/imbot/updater26.200.0.php'
2026-08-10 09:18:06 - CRUPDCF1 - Run updater '/bitrix/updates/update_m1786353482/imbot/updater26.200.0.php': CopyFiles(install/activities, activities)
2026-08-10 09:18:06 - CSURUS1 - Run updater '/bitrix/updates/update_m1786353482/immobile/updater26.400.0.php'
2026-08-10 09:18:06 - CSURUS1 - Run updater '/bitrix/updates/update_m1786353482/immobile/updater26.500.0.php'
2026-08-10 09:18:06 - CSURUS1 - Run updater '/bitrix/updates/update_m1786353482/immobile/updater26.550.0.php'
2026-08-10 09:18:06 - CSURUS1 - Run updater '/bitrix/updates/update_m1786353482/immobile/updater26.600.0.php'
2026-08-10 09:18:06 - CSURUS1 - Run updater '/bitrix/updates/update_m1786353482/immobile/updater26.400.0.php'
2026-08-10 09:18:06 - CRUPDCF1 - Run updater '/bitrix/updates/update_m1786353482/immobile/updater26.400.0.php': CopyFiles(install/components, components)
2026-08-10 09:18:06 - CRUPDCF1 - Run updater '/bitrix/updates/update_m1786353482/immobile/updater26.400.0.php': CopyFiles(install/mobileapp, mobileapp)
2026-08-10 09:18:07 - CSURUS1 - Run updater '/bitrix/updates/update_m1786353482/immobile/updater26.500.0.php'
2026-08-10 09:18:07 - CRUPDCF1 - Run updater '/bitrix/updates/update_m1786353482/immobile/updater26.500.0.php': CopyFiles(install/mobileapp, mobileapp)
2026-08-10 09:18:07 - CSURUS1 - Run updater '/bitrix/updates/update_m1786353482/immobile/updater26.550.0.php'
2026-08-10 09:18:07 - CRUPDCF1 - Run updater '/bitrix/updates/update_m1786353482/immobile/updater26.550.0.php': CopyFiles(install/mobileapp, mobileapp)
2026-08-10 09:18:08 - CSURUS1 - Run updater '/bitrix/updates/update_m1786353482/immobile/updater26.600.0.php'
2026-08-10 09:18:08 - CRUPDCF1 - Run updater '/bitrix/updates/update_m1786353482/immobile/updater26.600.0.php': CopyFiles(install/components, components)
2026-08-10 09:18:08 - CRUPDCF1 - Run updater '/bitrix/updates/update_m1786353482/immobile/updater26.600.0.php': CopyFiles(install/mobileapp, mobileapp)
2026-08-10 09:18:09 - CSURUS1 - Run updater '/bitrix/updates/update_m1786353482/im/updater26.400.0.php'
2026-08-10 09:18:09 - CSURUS1 - Run updater '/bitrix/updates/update_m1786353482/im/updater26.500.0.php'
2026-08-10 09:18:09 - CSURUS1 - Run updater '/bitrix/updates/update_m1786353482/im/updater26.550.0.php'
2026-08-10 09:18:09 - CSURUS1 - Run updater '/bitrix/updates/update_m1786353482/im/updater26.600.0.php'
2026-08-10 09:18:09 - CSURUS1 - Run updater '/bitrix/updates/update_m1786353482/im/updater26.400.0.php'
2026-08-10 09:18:09 - CRUPDCF1 - Run updater '/bitrix/updates/update_m1786353482/im/updater26.400.0.php': CopyFiles(install/js, js)
2026-08-10 09:18:11 - CRUPDCF1 - Run updater '/bitrix/updates/update_m1786353482/im/updater26.400.0.php': CopyFiles(install/activities, activities)
2026-08-10 09:18:11 - CSURUS1 - Run updater '/bitrix/updates/update_m1786353482/im/updater26.500.0.php'
2026-08-10 09:18:11 - CRUPDCF1 - Run updater '/bitrix/updates/update_m1786353482/im/updater26.500.0.php': CopyFiles(install/activities, activities)
2026-08-10 09:18:11 - CRUPDCF1 - Run updater '/bitrix/updates/update_m1786353482/im/updater26.500.0.php': CopyFiles(install/components, components)
2026-08-10 09:18:11 - CRUPDCF1 - Run updater '/bitrix/updates/update_m1786353482/im/updater26.500.0.php': CopyFiles(install/js, js)
2026-08-10 09:18:12 - CRUPDCF1 - Run updater '/bitrix/updates/update_m1786353482/im/updater26.500.0.php': CopyFiles(install/templates, templates)
2026-08-10 09:18:12 - CRUPDCF1 - Run updater '/bitrix/updates/update_m1786353482/im/updater26.500.0.php': CopyFiles(install/images, images/im)
2026-08-10 09:18:12 - CSURUS1 - Run updater '/bitrix/updates/update_m1786353482/im/updater26.550.0.php'
2026-08-10 09:18:12 - CRUPDCF1 - Run updater '/bitrix/updates/update_m1786353482/im/updater26.550.0.php': CopyFiles(install/js, js)
2026-08-10 09:18:14 - CSURUS1 - Run updater '/bitrix/updates/update_m1786353482/im/updater26.600.0.php'
2026-08-10 09:18:14 - CRUPDCF1 - Run updater '/bitrix/updates/update_m1786353482/im/updater26.600.0.php': CopyFiles(install/templates, templates)
2026-08-10 09:18:14 - CRUPDCF1 - Run updater '/bitrix/updates/update_m1786353482/im/updater26.600.0.php': CopyFiles(install/js, js)
2026-08-10 09:18:17 - CSURUS1 - Run updater '/bitrix/updates/update_m1786353482/imopenlines/updater26.300.0.php'
2026-08-10 09:18:17 - CSURUS1 - Run updater '/bitrix/updates/update_m1786353482/imopenlines/updater26.400.0.php'
2026-08-10 09:18:17 - CSURUS1 - Run updater '/bitrix/updates/update_m1786353482/imopenlines/updater26.300.0.php'
2026-08-10 09:18:17 - CRUPDCF1 - Run updater '/bitrix/updates/update_m1786353482/imopenlines/updater26.300.0.php': CopyFiles(install/activities, activities)
2026-08-10 09:18:17 - CRUPDCF1 - Run updater '/bitrix/updates/update_m1786353482/imopenlines/updater26.300.0.php': CopyFiles(install/js, js)
2026-08-10 09:18:17 - CRUPDCF1 - Run updater '/bitrix/updates/update_m1786353482/imopenlines/updater26.300.0.php': CopyFiles(install/components, components)
2026-08-10 09:18:17 - CSURUS1 - Run updater '/bitrix/updates/update_m1786353482/imopenlines/updater26.400.0.php'
2026-08-10 09:18:17 - CRUPDCF1 - Run updater '/bitrix/updates/update_m1786353482/imopenlines/updater26.400.0.php': CopyFiles(install/js, js)
2026-08-10 09:18:17 - CRUPDCF1 - Run updater '/bitrix/updates/update_m1786353482/imopenlines/updater26.400.0.php': CopyFiles(install/components, components)
2026-08-10 09:18:17 - CRUPDCF1 - Run updater '/bitrix/updates/update_m1786353482/imopenlines/updater26.400.0.php': CopyFiles(install/activities, activities)
2026-08-10 09:18:17 - CSURUS1 - Run updater '/bitrix/updates/update_m1786353482/tasksmobile/updater26.300.0.php'
2026-08-10 09:18:17 - CSURUS1 - Run updater '/bitrix/updates/update_m1786353482/tasksmobile/updater26.300.0.php'
2026-08-10 09:18:17 - CRUPDCF1 - Run updater '/bitrix/updates/update_m1786353482/tasksmobile/updater26.300.0.php': CopyFiles(install/mobileapp, mobileapp)
2026-08-10 09:18:17 - CSURUS1 - Run updater '/bitrix/updates/update_m1786353482/mobile/updater26.400.0.php'
2026-08-10 09:18:17 - CSURUS1 - Run updater '/bitrix/updates/update_m1786353482/mobile/updater26.400.0.php'
2026-08-10 09:18:17 - CRUPDCF1 - Run updater '/bitrix/updates/update_m1786353482/mobile/updater26.400.0.php': CopyFiles(install/mobileapp, mobileapp)
2026-08-10 09:18:18 - CRUPDCF1 - Run updater '/bitrix/updates/update_m1786353482/mobile/updater26.400.0.php': CopyFiles(install/images, images)
2026-08-10 09:18:18 - CSURUS1 - Run updater '/bitrix/updates/update_m1786353482/calendar/updater25.190.0.php'
2026-08-10 09:18:18 - CSURUS1 - Run updater '/bitrix/updates/update_m1786353482/calendar/updater25.190.0.php'
2026-08-10 09:18:18 - CRUPDCF1 - Run updater '/bitrix/updates/update_m1786353482/calendar/updater25.190.0.php': CopyFiles(install/components, components)
2026-08-10 09:18:18 - CRUPDCF1 - Run updater '/bitrix/updates/update_m1786353482/calendar/updater25.190.0.php': CopyFiles(install/js, js)
2026-08-10 09:18:18 - CSURUS1 - Run updater '/bitrix/updates/update_m1786353482/extranet/updater26.200.0.php'
2026-08-10 09:18:18 - CSURUS1 - Run updater '/bitrix/updates/update_m1786353482/extranet/updater26.200.0.php'
2026-08-10 09:18:18 - CRUPDCF1 - Run updater '/bitrix/updates/update_m1786353482/extranet/updater26.200.0.php': CopyFiles(install/components, components)
2026-08-10 09:18:18 - CRUPDCF1 - Run updater '/bitrix/updates/update_m1786353482/extranet/updater26.200.0.php': CopyFiles(install/gadgets, gadgets)
2026-08-10 09:18:18 - CRUPDCF1 - Run updater '/bitrix/updates/update_m1786353482/extranet/updater26.200.0.php': CopyFiles(install/wizards, wizards)
2026-08-10 09:18:18 - CSURUS1 - Run updater '/bitrix/updates/update_m1786353482/security/updater26.0.100.php'
2026-08-10 09:18:18 - CSURUS1 - Run updater '/bitrix/updates/update_m1786353482/security/updater26.0.100.php'
2026-08-10 09:18:18 - CRUPDCF1 - Run updater '/bitrix/updates/update_m1786353482/security/updater26.0.100.php': CopyFiles(install/components, components)
2026-08-10 09:18:18 - CSURUS1 - Run updater '/bitrix/updates/update_m1786353482/biconnector/updater26.300.100/index.php'
2026-08-10 09:18:18 - CSURUS1 - Run updater '/bitrix/updates/update_m1786353482/biconnector/updater26.400.0/index.php'
2026-08-10 09:18:18 - CSURUS1 - Run updater '/bitrix/updates/update_m1786353482/biconnector/updater26.500.0/index.php'
2026-08-10 09:18:18 - CSURUS1 - Run updater '/bitrix/updates/update_m1786353482/biconnector/updater26.300.100/index.php'
2026-08-10 09:18:18 - CRUPDCF1 - Run updater '/bitrix/updates/update_m1786353482/biconnector/updater26.300.100/index.php': CopyFiles(install/components, components)
2026-08-10 09:18:18 - CRUPDCF1 - Run updater '/bitrix/updates/update_m1786353482/biconnector/updater26.300.100/index.php': CopyFiles(install/js, js)
2026-08-10 09:18:18 - CSURUS1 - Run updater '/bitrix/updates/update_m1786353482/biconnector/updater26.400.0/index.php'
2026-08-10 09:18:18 - CRUPDCF1 - Run updater '/bitrix/updates/update_m1786353482/biconnector/updater26.400.0/index.php': CopyFiles(install/activities, activities)
2026-08-10 09:18:18 - CRUPDCF1 - Run updater '/bitrix/updates/update_m1786353482/biconnector/updater26.400.0/index.php': CopyFiles(install/components, components)
2026-08-10 09:18:19 - CRUPDCF1 - Run updater '/bitrix/updates/update_m1786353482/biconnector/updater26.400.0/index.php': CopyFiles(install/js, js)
2026-08-10 09:18:19 - CRUPDCF1 - Run updater '/bitrix/updates/update_m1786353482/biconnector/updater26.400.0/index.php': CopyFiles(install/templates, templates)
2026-08-10 09:18:19 - CRUPDCF1 - Run updater '/bitrix/updates/update_m1786353482/biconnector/updater26.400.0/index.php': CopyFiles(install/images, images)
2026-08-10 09:18:19 - CSURUS1 - Run updater '/bitrix/updates/update_m1786353482/biconnector/updater26.500.0/index.php'
2026-08-10 09:18:19 - CRUPDCF1 - Run updater '/bitrix/updates/update_m1786353482/biconnector/updater26.500.0/index.php': CopyFiles(install/components, components)
2026-08-10 09:18:19 - CRUPDCF1 - Run updater '/bitrix/updates/update_m1786353482/biconnector/updater26.500.0/index.php': CopyFiles(install/js, js)
2026-08-10 09:18:19 - CSURUS1 - Run updater '/bitrix/updates/update_m1786353482/socialnetwork/updater26.0.0.php'
2026-08-10 09:18:19 - CSURUS1 - Run updater '/bitrix/updates/update_m1786353482/socialnetwork/updater26.0.0.php'
2026-08-10 09:18:19 - CRUPDCF1 - Run updater '/bitrix/updates/update_m1786353482/socialnetwork/updater26.0.0.php': CopyFiles(install/components, components)
2026-08-10 09:18:19 - CRUPDCF1 - Run updater '/bitrix/updates/update_m1786353482/socialnetwork/updater26.0.0.php': CopyFiles(install/activities, activities)
2026-08-10 09:18:19 - CRUPDCF1 - Run updater '/bitrix/updates/update_m1786353482/socialnetwork/updater26.0.0.php': CopyFiles(install/js, js)
2026-08-10 09:18:21 - CSURUS1 - Run updater '/bitrix/updates/update_m1786353482/tasks/updater26.200.0.php'
2026-08-10 09:18:21 - CSURUS1 - Run updater '/bitrix/updates/update_m1786353482/tasks/updater26.200.0.php'
2026-08-10 09:18:21 - CRUPDCDF2 - Run updater '/bitrix/updates/update_m1786353482/tasks/updater26.200.0.php': Query(update b_tasks set PRIORITY = 1 where PRIORITY = 0, )
2026-08-10 09:18:21 - CRUPDCDF2 - Run updater '/bitrix/updates/update_m1786353482/tasks/updater26.200.0.php': Query(CREATE TABLE IF NOT EXISTS b_tasks_viewed_absence (
			ID int not null auto_increment,
			VIEWED_BY int not null,
			USER_ID int not null,
			ABSENCE_ID int not null,
			ABSENCE_END datetime not null,
			PRIMARY KEY (ID),
			UNIQUE INDEX ix_tasks_viewed_absence_unique (VIEWED_BY, USER_ID, ABSENCE_ID),
			INDEX ix_tasks_viewed_absence_end (ABSENCE_END)
		), )
2026-08-10 09:18:21 - CRUPDCF1 - Run updater '/bitrix/updates/update_m1786353482/tasks/updater26.200.0.php': CopyFiles(install/activities, activities)
2026-08-10 09:18:21 - CRUPDCF1 - Run updater '/bitrix/updates/update_m1786353482/tasks/updater26.200.0.php': CopyFiles(install/components, components)
2026-08-10 09:18:21 - CRUPDCF1 - Run updater '/bitrix/updates/update_m1786353482/tasks/updater26.200.0.php': CopyFiles(install/js, js)
2026-08-10 09:18:22 - CSURUS1 - Run updater '/bitrix/updates/update_m1786353482/mail/updater26.600.0.php'
2026-08-10 09:18:22 - CSURUS1 - Run updater '/bitrix/updates/update_m1786353482/mail/updater26.600.0.php'
2026-08-10 09:18:22 - CRUPDCF1 - Run updater '/bitrix/updates/update_m1786353482/mail/updater26.600.0.php': CopyFiles(install/components, components)
2026-08-10 09:18:22 - CRUPDCF1 - Run updater '/bitrix/updates/update_m1786353482/mail/updater26.600.0.php': CopyFiles(install/images, images/mail)
2026-08-10 09:18:22 - CRUPDCF1 - Run updater '/bitrix/updates/update_m1786353482/mail/updater26.600.0.php': CopyFiles(install/js, js)
2026-08-10 09:18:22 - CRUPDCF1 - Run updater '/bitrix/updates/update_m1786353482/mail/updater26.600.0.php': CopyFiles(install/templates, templates)
2026-08-10 09:18:22 - CRUPDCDF2 - Run updater '/bitrix/updates/update_m1786353482/mail/updater26.600.0.php': Query(
			CREATE TABLE IF NOT EXISTS b_mail_mailbox_connection_request
			(
				ID INT NOT NULL AUTO_INCREMENT,
				REQUESTER_ID INT NOT NULL,
				STATUS VARCHAR(20) NOT NULL DEFAULT 'pending',
				ADMIN_ID INT NULL,
				MAILBOX_ID INT NULL,
				CHAT_ID INT NULL,
				CREATED_AT DATETIME NOT NULL,
				UPDATED_AT DATETIME NOT NULL,
				PRIMARY KEY(ID),
				INDEX IX_B_MAIL_CONN_REQ_REQUESTER (REQUESTER_ID)
			);
		, )
2026-08-10 09:18:23 -  - TIME UpdateStepModules 19.038 sec
2026-08-10 09:18:23 - UPD_SUCCESS - Updated: mail (26.600.0)<br><li>Добавлен запрос на подключения почтового ящика <li>Обновлена форма подключения почтового ящика <li>Улучшена обработка ошибок у проблемных ящиков 
2026-08-10 09:18:23 - UPD_SUCCESS - Updated: tasks (26.200.0)<br><li>Исправлена ошибка сортировки задач на странице планирования Скрама. <li>Убраны уведомления в чат при изменении описания задачи. <li>Уменьшено количество уведомлений при работе с чек-листами. <li>Файлы, добавленные в описание задачи, теперь привязываются к ней только после сохранения описания. <li>Добавлена возможность цитировать текст из задачи в чат.
2026-08-10 09:18:23 - UPD_SUCCESS - Updated: socialnetwork (26.0.0)<br><li>Улучшена совместимость с модулем \"Интранет\".
2026-08-10 09:18:23 - UPD_SUCCESS - Updated: intranet (26.400.0)<br><li>Добавлена возможность перенести веб-хуки на системного пользователя перед увольнением. <li>Улучшена доступность с клавиатуры в левом меню и верхней части портала.
2026-08-10 09:18:23 - UPD_SUCCESS - Updated: security (26.0.100)<br><li>Исправлена ошибка в сценарии переподключения устройства.
2026-08-10 09:18:23 - UPD_SUCCESS - Updated: intranet (26.400.100)<br><li>Незначительные изменения. 
2026-08-10 09:18:23 - UPD_SUCCESS - Updated: intranet (26.400.200)<br><li>Исправлена ошибка определения статуса отсутствия сотрудника в случае, когда у него накануне было оформлено отсутствие на весь день.
2026-08-10 09:18:23 - UPD_SUCCESS - Updated: intranet (26.400.300)<br><li>Незначительные изменения в настройках инструмента BI Конструктор. 
2026-08-10 09:18:23 - UPD_SUCCESS - Updated: biconnector (26.300.100)<br><li>Улучшен импорт отчётов из Маркетплейс. <li>Исправлена ошибка с регистрацией BI Конструктора. 
2026-08-10 09:18:23 - UPD_SUCCESS - Updated: intranet (26.450.0)<br><li>Поддержаны установка и удаление модуля мобильного учёта рабочего времени при переключении инструмента «Рабочее время и отчёты». 
2026-08-10 09:18:23 - UPD_SUCCESS - Updated: biconnector (26.400.0)<br><li>Добавлен слайдер \"Об отчёте\" с основной информацией по отчёту. <li>Добавлена возможность делиться отчётами BI Конструктора по прямой ссылке. <li>Добавлены системные источники данных с описаниями в раздел \"Таблицы\". 
2026-08-10 09:18:23 - UPD_SUCCESS - Updated: intranet (26.500.0)<br><li>Добавлена возможность удаления портала, если он сейчас бесплатный, но ранее был платным. <li>Исправлены ошибки в интерфейсе.
2026-08-10 09:18:23 - UPD_SUCCESS - Updated: intranet (26.600.0)<br><li>Сделаны улучшения для Проектов AI. <li>Исправлены ошибки в интерфейсе.
2026-08-10 09:18:23 - UPD_SUCCESS - Updated: biconnector (26.500.0)<br><li>Теперь данные BI Конструктора при отключении инструмента удаляются не сразу, а спустя 30 дней после отключения. <li>Теперь период отчёта по умолчанию - \"Последние 30 дней\". 
2026-08-10 09:18:23 - UPD_SUCCESS - Updated: security (26.100.0)<br><li>Незначительные изменения в функционале отправки OTP-кода через СМС.
2026-08-10 09:18:23 - UPD_SUCCESS - Updated: extranet (26.200.0)<br><li>Улучшена совместимость с модулем \"Интранет\".
2026-08-10 09:18:23 - UPD_SUCCESS - Updated: calendar (25.190.0)<br><li>Улучшена совместимость с модулем \"Социальная сеть\".
2026-08-10 09:18:23 - UPD_SUCCESS - Updated: im (26.400.0)<br><li>Изменены фразы в чатах задач для повышения удобства восприятия информации пользователями. <li>Исправлена ошибка создания чата видеоконференции при отсутствии установленного модуля звонков. <li>Исправлена ошибка отсутствующего сообщения \"Чат создан с помощью робота\" при создании чата роботом. <li>Улучшена совместимость с новыми версиями бот-платформы. 
2026-08-10 09:18:23 - UPD_SUCCESS - Updated: immobile (26.400.0)<br><li>Добавлен поиск чатов во вкладке BitrixGPT. <li>Ускорено открытие чата с BitrixGPT. <li>Обновлены иконки дня рождения и отпуска. <li>В список чатов добавлен баннер \"Пригласите коллег\". <li>Исправлена ошибка, из-за которой при нажатии на чат могло открываться несколько диалогов. 
2026-08-10 09:18:23 - UPD_SUCCESS - Updated: mobile (26.400.0)<br><li>Добавлена возможность оставить заявку на консультацию по настройке Битрикс24 в главном меню. <li>Улучшена поддержка мобильных устройств с широкими и раскладными экранами. <li>Добавлена поддержка календарей проектов в мобильном приложении.
2026-08-10 09:18:23 - UPD_SUCCESS - Updated: tasksmobile (26.300.0)<br><li>Добавлена поддержка шаблонов задач в мобильном приложении.
2026-08-10 09:18:23 - UPD_SUCCESS - Updated: imopenlines (26.300.0)<br><li>Упрощена проверка коннектора для повышения производительности. 
2026-08-10 09:18:23 - UPD_SUCCESS - Updated: imopenlines (26.400.0)<br><li>Улучшена совместимость с будущими версиями чата. 
2026-08-10 09:18:23 - UPD_SUCCESS - Updated: imbot (26.150.0)<br><li>Добавлена нода \"Добавить чат-бота в групповой чат\".
2026-08-10 09:18:23 - UPD_SUCCESS - Updated: im (26.500.0)<br><li>Улучшено визуальное представление сообщений BitrixGPT. <li>Улучшена совместимость с будущими версиями модуля \"Открытые линии\". <li>Улучшена совместимость с новыми версиями бот-платформы. 
2026-08-10 09:18:23 - UPD_SUCCESS - Updated: im (26.550.0)<br><li>Улучшена совместимость с будущими версиями модуля \"Мобильный мессенджер\". 
2026-08-10 09:18:23 - UPD_SUCCESS - Updated: im (26.600.0)<br><li>Улучшена совместимость с будущими версиями модуля \"Социальная сеть\". <li>Улучшена совместимость с модулем \"Мобильный мессенджер\". 
2026-08-10 09:18:23 - UPD_SUCCESS - Updated: immobile (26.500.0)<br><li>Улучшена совместимость с будущими версиями чата. 
2026-08-10 09:18:23 - UPD_SUCCESS - Updated: immobile (26.550.0)<br><li>Улучшена совместимость с будущими версиями чата. 
2026-08-10 09:18:23 - UPD_SUCCESS - Updated: immobile (26.600.0)<br><li>Улучшена совместимость с будущими версиями чата. <li>Ускорена работа списка чатов.
2026-08-10 09:18:23 - UPD_SUCCESS - Updated: imbot (26.200.0)<br><li>Улучшена совместимость с будущими версиями чата. 
2026-08-10 09:18:23 - UPD_SUCCESS - Updated: call (26.350.0)<br><li>Улучшена совместимость с модулем \"Веб-мессенджер\". 
2026-08-10 09:18:23 - UPD_SUCCESS - Updated: intranet (26.700.0)<br><li>Добавлено новое поле в список сотрудников со статусом подключения двухфакторной аутентификации для администраторов.
2026-08-10 09:18:23 - UPD_SUCCESS - Updated: calendarmobile (26.400.0)<br><li>Поддержка новых проектов в рамках модуля. 
2026-08-10 09:18:23 - UPD_SUCCESS - Updated: intranet (26.750.0)<br><li>Добавлена новая настройка: возможность выбора ответственного сотрудника за обработку запросов на подключение ящика.
2026-08-10 09:18:23 -  - exec CUpdateClient::LoadModulesUpdates
2026-08-10 09:18:23 -  - exec CUpdateClient::CollectRequestData
2026-08-10 09:18:23 -  - LICENSE_KEY=X&lang=ru&SUPD_VER=26.500.0&VERSION=26.650.100&TYPENC=E&SUPD_STS=1&SUPD_URS=1&SUPD_DBS=MYSQL&XE=N&CLIENT_SITE=bx.local&SERVER_NAME=192.168.1.129&CHHB=bx.local%3A443&CSAB=127.0.0.1&SUID=f7vg30ov0a7vr9lgyzcmsjo8apnwonjb&CANGZIP=Y&CLIENT_PHPVER=8.2.30&stable=Y&mbfo=0&NGINX=Y&SMD=N&rerere=Y&bitm_main=26.650.100&bitm_bizprocmobile=26.100.0&bitm_bitrixcloud=25.100.0&bitm_im=26.600.0&bitm_imconnectormobile=25.100.0&bitm_mail=26.600.0&bitm_sale=26.400.0&bitm_forum=26.100.0&bitm_support=26.0.0&bitm_learning=25.0.0&bitm_listsmobile=25.200.0&bitm_catalogmobile=26.100.0&bitm_rpa=26.0.0&bitm_abtest=26.0.0&bitm_humanresources=26.400.0&bitm_conversion=25.0.0&bitm_tasksmobile=26.300.0&bitm_crmmobile=26.200.0&bitm_pull=25.400.0&bitm_ui=26.500.0&bitm_biconnector=26.500.0&bitm_immobile=26.600.0&bitm_webservice=26.0.0&bitm_tasks=26.200.0&bitm_intranetmobile=26.600.0&bitm_currency=26.0.0&bitm_timeman=25.800.0&bitm_calendarmobile=26.400.0&bitm_seo=26.0.0&bitm_fileman=26.0.0&bitm_callmobile=26.350.0&bitm_imbot=26.200.0&bitm_socialservices=26.400.0&bitm_highloadblock=25.100.0&bitm_wiki=26.0.0&bitm_search=25.200.0&bitm_subscribe=25.0.0&bitm_workflow=26.0.0&bitm_iblock=26.0.0&bitm_advertising=24.200.0&bitm_crm=26.400.0&bitm_form=26.0.0&bitm_transformer=25.400.0&bitm_sender=26.200.0&bitm_lists=26.100.0&bitm_clouds=26.0.0&bitm_mobileapp=25.100.0&bitm_storeassist=24.0.0&bitm_xdimport=25.0.0&bitm_intranet=26.750.0&bitm_disk=26.500.100&bitm_calendar=25.190.0&bitm_market=26.0.100&bitm_location=26.100.100&bitm_call=26.350.0&bitm_imopenlines=26.400.0&bitm_photogallery=25.100.0&bitm_extranet=26.200.0&bitm_security=26.100.0&bitm_ai=26.700.0&bitm_dav=26.100.0&bitm_messageservice=26.100.0&bitm_signmobile=26.100.0&bitm_bizproc=26.700.0&bitm_statistic=26.0.0&bitm_landing=26.600.0&bitm_catalog=26.300.0&bitm_mobile=26.400.0&bitm_vote=26.200.0&bitm_booking=26.300.0&bitm_diskmobile=26.100.0&bitm_voximplant=26.500.0&bitm_imconnector=26.200.100&bitm_documentgenerator=26.100.0&bitm_bizprocdesigner=26.300.0&bitm_recyclebin=26.0.0&bitm_socialnetwork=26.0.0&bitm_translate=26.0.0&bitm_mailmobile=26.300.0&bitm_sign=26.400.100&bitm_controller=26.0.0&bitm_perfmon=25.300.0&bitm_blog=26.500.100&bitm_ldap=26.0.0&bitm_salescenter=26.0.0&bitm_b24connector=26.0.0&bitm_report=26.100.0&bitm_rest=26.400.200&bitm_baas=26.200.200&bitm_idea=25.0.0&bitm_meeting=26.0.0&bitm_webdav=23.200.0&bitm_xmpp=21.0.0&bitm_cluster=26.0.0&bitm_note=25.0.0&bitl_en=&bitl_ru=&SUPD_OFC=Portal%3AF%3A%2CCommunications%3AF%3A%2CEnterprise%3AF%3A&SUPD_SRS=RU&SUPD_CMP=N&SALE_15=Y&LICENSE_SIGNED=%7Enew_license24_400_sign-Y
2026-08-10 09:18:23 -  - exec CUpdateClient::GetHTTPPage
2026-08-10 09:18:23 -  - TIME LoadModulesUpdates(request) 0.143 sec
2026-08-10 09:18:23 -  - exec CUpdateClient::ParseServerData
2026-08-10 09:18:23 - S - STEP
2026-08-10 09:18:23 - LMU01 - LoadModulesUpdates-Step
2026-08-10 09:18:24 -  - exec CUpdateClient::LoadModulesUpdates
2026-08-10 09:18:24 -  - exec CUpdateClient::ParseServerData
2026-08-10 09:18:24 -  - loadFile
2026-08-10 09:18:24 - U - RETURN
2026-08-10 09:18:24 -  - exec CUpdateClient::UnGzipArchive
2026-08-10 09:18:24 -  - TIME UnGzipArchive 0.001 sec
2026-08-10 09:18:24 -  - TIME UpdateStepModules 0.002 sec
2026-08-10 09:18:24 - UPD_SUCCESS - Updated: mail (26.600.100)<br><li>Исправлена ошибка при деактивации пользователя в БУС. 
2026-08-10 09:18:24 -  - exec CUpdateClient::LoadModulesUpdates
2026-08-10 09:18:24 -  - exec CUpdateClient::CollectRequestData
2026-08-10 09:18:24 -  - LICENSE_KEY=X&lang=ru&SUPD_VER=26.500.0&VERSION=26.650.100&TYPENC=E&SUPD_STS=1&SUPD_URS=1&SUPD_DBS=MYSQL&XE=N&CLIENT_SITE=bx.local&SERVER_NAME=192.168.1.129&CHHB=bx.local%3A443&CSAB=127.0.0.1&SUID=f7vg30ov0a7vr9lgyzcmsjo8apnwonjb&CANGZIP=Y&CLIENT_PHPVER=8.2.30&stable=Y&mbfo=0&NGINX=Y&SMD=N&rerere=Y&bitm_main=26.650.100&bitm_bizprocmobile=26.100.0&bitm_bitrixcloud=25.100.0&bitm_im=26.600.0&bitm_imconnectormobile=25.100.0&bitm_mail=26.600.100&bitm_sale=26.400.0&bitm_forum=26.100.0&bitm_support=26.0.0&bitm_learning=25.0.0&bitm_listsmobile=25.200.0&bitm_catalogmobile=26.100.0&bitm_rpa=26.0.0&bitm_abtest=26.0.0&bitm_humanresources=26.400.0&bitm_conversion=25.0.0&bitm_tasksmobile=26.300.0&bitm_crmmobile=26.200.0&bitm_pull=25.400.0&bitm_ui=26.500.0&bitm_biconnector=26.500.0&bitm_immobile=26.600.0&bitm_webservice=26.0.0&bitm_tasks=26.200.0&bitm_intranetmobile=26.600.0&bitm_currency=26.0.0&bitm_timeman=25.800.0&bitm_calendarmobile=26.400.0&bitm_seo=26.0.0&bitm_fileman=26.0.0&bitm_callmobile=26.350.0&bitm_imbot=26.200.0&bitm_socialservices=26.400.0&bitm_highloadblock=25.100.0&bitm_wiki=26.0.0&bitm_search=25.200.0&bitm_subscribe=25.0.0&bitm_workflow=26.0.0&bitm_iblock=26.0.0&bitm_advertising=24.200.0&bitm_crm=26.400.0&bitm_form=26.0.0&bitm_transformer=25.400.0&bitm_sender=26.200.0&bitm_lists=26.100.0&bitm_clouds=26.0.0&bitm_mobileapp=25.100.0&bitm_storeassist=24.0.0&bitm_xdimport=25.0.0&bitm_intranet=26.750.0&bitm_disk=26.500.100&bitm_calendar=25.190.0&bitm_market=26.0.100&bitm_location=26.100.100&bitm_call=26.350.0&bitm_imopenlines=26.400.0&bitm_photogallery=25.100.0&bitm_extranet=26.200.0&bitm_security=26.100.0&bitm_ai=26.700.0&bitm_dav=26.100.0&bitm_messageservice=26.100.0&bitm_signmobile=26.100.0&bitm_bizproc=26.700.0&bitm_statistic=26.0.0&bitm_landing=26.600.0&bitm_catalog=26.300.0&bitm_mobile=26.400.0&bitm_vote=26.200.0&bitm_booking=26.300.0&bitm_diskmobile=26.100.0&bitm_voximplant=26.500.0&bitm_imconnector=26.200.100&bitm_documentgenerator=26.100.0&bitm_bizprocdesigner=26.300.0&bitm_recyclebin=26.0.0&bitm_socialnetwork=26.0.0&bitm_translate=26.0.0&bitm_mailmobile=26.300.0&bitm_sign=26.400.100&bitm_controller=26.0.0&bitm_perfmon=25.300.0&bitm_blog=26.500.100&bitm_ldap=26.0.0&bitm_salescenter=26.0.0&bitm_b24connector=26.0.0&bitm_report=26.100.0&bitm_rest=26.400.200&bitm_baas=26.200.200&bitm_idea=25.0.0&bitm_meeting=26.0.0&bitm_webdav=23.200.0&bitm_xmpp=21.0.0&bitm_cluster=26.0.0&bitm_note=25.0.0&bitl_en=&bitl_ru=&SUPD_OFC=Portal%3AF%3A%2CCommunications%3AF%3A%2CEnterprise%3AF%3A&SUPD_SRS=RU&SUPD_CMP=N&SALE_15=Y&LICENSE_SIGNED=%7Enew_license24_400_sign-Y
2026-08-10 09:18:24 -  - exec CUpdateClient::GetHTTPPage
2026-08-10 09:18:24 -  - TIME LoadModulesUpdates(request) 0.144 sec
2026-08-10 09:18:24 -  - exec CUpdateClient::ParseServerData
2026-08-10 09:18:24 - S - STEP
2026-08-10 09:18:24 - LMU01 - LoadModulesUpdates-Step
2026-08-10 09:18:25 -  - exec CUpdateClient::LoadModulesUpdates
2026-08-10 09:18:25 -  - exec CUpdateClient::ParseServerData
2026-08-10 09:18:25 -  - loadFile
2026-08-10 09:18:25 - U - RETURN
2026-08-10 09:18:25 -  - exec CUpdateClient::UnGzipArchive
2026-08-10 09:18:25 -  - TIME UnGzipArchive 0.008 sec
2026-08-10 09:18:25 - CSURUS1 - Run updater '/bitrix/updates/update_m1786353505/security/updater26.200.0/index.php'
2026-08-10 09:18:25 - CSURUS1 - Run updater '/bitrix/updates/update_m1786353505/security/updater26.200.0/index.php'
2026-08-10 09:18:25 - CRUPDCDF2 - Run updater '/bitrix/updates/update_m1786353505/security/updater26.200.0/index.php': Query(ALTER TABLE b_sec_user 
				ADD EMAIL varchar(255), 
				ADD DATE_SENT_EMAIL datetime, )
2026-08-10 09:18:25 -  - TIME UpdateStepModules 0.139 sec
2026-08-10 09:18:25 - UPD_SUCCESS - Updated: security (26.200.0)<br><li>Добавлена возможность использовать почту в качестве второго фактора авторизации.
2026-08-10 09:18:25 -  - exec CUpdateClient::LoadModulesUpdates
2026-08-10 09:18:25 -  - exec CUpdateClient::CollectRequestData
2026-08-10 09:18:25 -  - LICENSE_KEY=X&lang=ru&SUPD_VER=26.500.0&VERSION=26.650.100&TYPENC=E&SUPD_STS=1&SUPD_URS=1&SUPD_DBS=MYSQL&XE=N&CLIENT_SITE=bx.local&SERVER_NAME=192.168.1.129&CHHB=bx.local%3A443&CSAB=127.0.0.1&SUID=f7vg30ov0a7vr9lgyzcmsjo8apnwonjb&CANGZIP=Y&CLIENT_PHPVER=8.2.30&stable=Y&mbfo=0&NGINX=Y&SMD=N&rerere=Y&bitm_main=26.650.100&bitm_bizprocmobile=26.100.0&bitm_bitrixcloud=25.100.0&bitm_im=26.600.0&bitm_imconnectormobile=25.100.0&bitm_mail=26.600.100&bitm_sale=26.400.0&bitm_forum=26.100.0&bitm_support=26.0.0&bitm_learning=25.0.0&bitm_listsmobile=25.200.0&bitm_catalogmobile=26.100.0&bitm_rpa=26.0.0&bitm_abtest=26.0.0&bitm_humanresources=26.400.0&bitm_conversion=25.0.0&bitm_tasksmobile=26.300.0&bitm_crmmobile=26.200.0&bitm_pull=25.400.0&bitm_ui=26.500.0&bitm_biconnector=26.500.0&bitm_immobile=26.600.0&bitm_webservice=26.0.0&bitm_tasks=26.200.0&bitm_intranetmobile=26.600.0&bitm_currency=26.0.0&bitm_timeman=25.800.0&bitm_calendarmobile=26.400.0&bitm_seo=26.0.0&bitm_fileman=26.0.0&bitm_callmobile=26.350.0&bitm_imbot=26.200.0&bitm_socialservices=26.400.0&bitm_highloadblock=25.100.0&bitm_wiki=26.0.0&bitm_search=25.200.0&bitm_subscribe=25.0.0&bitm_workflow=26.0.0&bitm_iblock=26.0.0&bitm_advertising=24.200.0&bitm_crm=26.400.0&bitm_form=26.0.0&bitm_transformer=25.400.0&bitm_sender=26.200.0&bitm_lists=26.100.0&bitm_clouds=26.0.0&bitm_mobileapp=25.100.0&bitm_storeassist=24.0.0&bitm_xdimport=25.0.0&bitm_intranet=26.750.0&bitm_disk=26.500.100&bitm_calendar=25.190.0&bitm_market=26.0.100&bitm_location=26.100.100&bitm_call=26.350.0&bitm_imopenlines=26.400.0&bitm_photogallery=25.100.0&bitm_extranet=26.200.0&bitm_security=26.200.0&bitm_ai=26.700.0&bitm_dav=26.100.0&bitm_messageservice=26.100.0&bitm_signmobile=26.100.0&bitm_bizproc=26.700.0&bitm_statistic=26.0.0&bitm_landing=26.600.0&bitm_catalog=26.300.0&bitm_mobile=26.400.0&bitm_vote=26.200.0&bitm_booking=26.300.0&bitm_diskmobile=26.100.0&bitm_voximplant=26.500.0&bitm_imconnector=26.200.100&bitm_documentgenerator=26.100.0&bitm_bizprocdesigner=26.300.0&bitm_recyclebin=26.0.0&bitm_socialnetwork=26.0.0&bitm_translate=26.0.0&bitm_mailmobile=26.300.0&bitm_sign=26.400.100&bitm_controller=26.0.0&bitm_perfmon=25.300.0&bitm_blog=26.500.100&bitm_ldap=26.0.0&bitm_salescenter=26.0.0&bitm_b24connector=26.0.0&bitm_report=26.100.0&bitm_rest=26.400.200&bitm_baas=26.200.200&bitm_idea=25.0.0&bitm_meeting=26.0.0&bitm_webdav=23.200.0&bitm_xmpp=21.0.0&bitm_cluster=26.0.0&bitm_note=25.0.0&bitl_en=&bitl_ru=&SUPD_OFC=Portal%3AF%3A%2CCommunications%3AF%3A%2CEnterprise%3AF%3A&SUPD_SRS=RU&SUPD_CMP=N&SALE_15=Y&LICENSE_SIGNED=%7Enew_license24_400_sign-Y
2026-08-10 09:18:25 -  - exec CUpdateClient::GetHTTPPage
2026-08-10 09:18:25 -  - TIME LoadModulesUpdates(request) 0.143 sec
2026-08-10 09:18:25 -  - exec CUpdateClient::ParseServerData
2026-08-10 09:18:25 - S - STEP
2026-08-10 09:18:25 - LMU01 - LoadModulesUpdates-Step
2026-08-10 09:18:25 -  - exec CUpdateClient::LoadModulesUpdates
2026-08-10 09:18:25 -  - exec CUpdateClient::ParseServerData
2026-08-10 09:18:25 -  - loadFile
2026-08-10 09:18:26 - U - RETURN
2026-08-10 09:18:26 -  - exec CUpdateClient::UnGzipArchive
2026-08-10 09:18:27 -  - TIME UnGzipArchive 0.173 sec
2026-08-10 09:18:27 - CSURUS1 - Run updater '/bitrix/updates/update_m1786353506/crm/updater26.500.0.php'
2026-08-10 09:18:27 - CSURUS1 - Run updater '/bitrix/updates/update_m1786353506/crm/updater26.500.0.php'
2026-08-10 09:18:27 - CRUPDCDF2 - Run updater '/bitrix/updates/update_m1786353506/crm/updater26.500.0.php': Query(ALTER TABLE b_crm_repeat_sale_ai_screening ADD INDEX IX_B_CRM_REPEAT_SALE_AI_SCREENING_AO_DCD (AI_OPINION, DESIRED_CREATION_DATE), )
2026-08-10 09:18:27 - CRUPDCDF2 - Run updater '/bitrix/updates/update_m1786353506/crm/updater26.500.0.php': Query(ALTER TABLE b_crm_requisite ADD COLUMN RQ_TAX_REGIME VARCHAR(50) DEFAULT NULL, )
2026-08-10 09:18:27 - CRUPDCF1 - Run updater '/bitrix/updates/update_m1786353506/crm/updater26.500.0.php': CopyFiles(install/components, components)
2026-08-10 09:18:27 - CRUPDCF1 - Run updater '/bitrix/updates/update_m1786353506/crm/updater26.500.0.php': CopyFiles(install/js, js)
2026-08-10 09:18:27 - CRUPDCF1 - Run updater '/bitrix/updates/update_m1786353506/crm/updater26.500.0.php': CopyFiles(install/activities, activities)
2026-08-10 09:18:27 - CRUPDCF1 - Run updater '/bitrix/updates/update_m1786353506/crm/updater26.500.0.php': CopyFiles(install/gadgets, gadgets)
2026-08-10 09:18:27 - CRUPDCF1 - Run updater '/bitrix/updates/update_m1786353506/crm/updater26.500.0.php': CopyFiles(install/images, images)
2026-08-10 09:18:27 - CRUPDCF1 - Run updater '/bitrix/updates/update_m1786353506/crm/updater26.500.0.php': CopyFiles(install/themes, themes)
2026-08-10 09:18:28 -  - TIME UpdateStepModules 0.994 sec
2026-08-10 09:18:28 - UPD_SUCCESS - Updated: crm (26.500.0)<br><li>В смарт-процессах и счетах добавлена возможность выводить поля связанных контактов и компаний в режимах просмотра \"Список\" и \"Канбан\". <li>В роботах добавлено поле «Статус» для элементов CRM. <li>В режиме просмотра \"Канбан\" добавлена возможность перезапустить роботов на текущей стадии. <li>В анализ звонков и чатов с клиентами с помощью BitrixGPT добавлены автоматическое создание дел для менеджера и возможность отправить клиента в стоп-лист. <li>Добавлена возможность получать резюме разговора независимо от других AI-сценариев обработки звонков. <li>Добавлена возможность приглашать клиентов в мессенджер Max. 
2026-08-10 09:18:28 -  - exec CUpdateClient::LoadModulesUpdates
2026-08-10 09:18:28 -  - exec CUpdateClient::CollectRequestData
2026-08-10 09:18:28 -  - LICENSE_KEY=X&lang=ru&SUPD_VER=26.500.0&VERSION=26.650.100&TYPENC=E&SUPD_STS=1&SUPD_URS=1&SUPD_DBS=MYSQL&XE=N&CLIENT_SITE=bx.local&SERVER_NAME=192.168.1.129&CHHB=bx.local%3A443&CSAB=127.0.0.1&SUID=f7vg30ov0a7vr9lgyzcmsjo8apnwonjb&CANGZIP=Y&CLIENT_PHPVER=8.2.30&stable=Y&mbfo=0&NGINX=Y&SMD=N&rerere=Y&bitm_main=26.650.100&bitm_bizprocmobile=26.100.0&bitm_bitrixcloud=25.100.0&bitm_im=26.600.0&bitm_imconnectormobile=25.100.0&bitm_mail=26.600.100&bitm_sale=26.400.0&bitm_forum=26.100.0&bitm_support=26.0.0&bitm_learning=25.0.0&bitm_listsmobile=25.200.0&bitm_catalogmobile=26.100.0&bitm_rpa=26.0.0&bitm_abtest=26.0.0&bitm_humanresources=26.400.0&bitm_conversion=25.0.0&bitm_tasksmobile=26.300.0&bitm_crmmobile=26.200.0&bitm_pull=25.400.0&bitm_ui=26.500.0&bitm_biconnector=26.500.0&bitm_immobile=26.600.0&bitm_webservice=26.0.0&bitm_tasks=26.200.0&bitm_intranetmobile=26.600.0&bitm_currency=26.0.0&bitm_timeman=25.800.0&bitm_calendarmobile=26.400.0&bitm_seo=26.0.0&bitm_fileman=26.0.0&bitm_callmobile=26.350.0&bitm_imbot=26.200.0&bitm_socialservices=26.400.0&bitm_highloadblock=25.100.0&bitm_wiki=26.0.0&bitm_search=25.200.0&bitm_subscribe=25.0.0&bitm_workflow=26.0.0&bitm_iblock=26.0.0&bitm_advertising=24.200.0&bitm_crm=26.500.0&bitm_form=26.0.0&bitm_transformer=25.400.0&bitm_sender=26.200.0&bitm_lists=26.100.0&bitm_clouds=26.0.0&bitm_mobileapp=25.100.0&bitm_storeassist=24.0.0&bitm_xdimport=25.0.0&bitm_intranet=26.750.0&bitm_disk=26.500.100&bitm_calendar=25.190.0&bitm_market=26.0.100&bitm_location=26.100.100&bitm_call=26.350.0&bitm_imopenlines=26.400.0&bitm_photogallery=25.100.0&bitm_extranet=26.200.0&bitm_security=26.200.0&bitm_ai=26.700.0&bitm_dav=26.100.0&bitm_messageservice=26.100.0&bitm_signmobile=26.100.0&bitm_bizproc=26.700.0&bitm_statistic=26.0.0&bitm_landing=26.600.0&bitm_catalog=26.300.0&bitm_mobile=26.400.0&bitm_vote=26.200.0&bitm_booking=26.300.0&bitm_diskmobile=26.100.0&bitm_voximplant=26.500.0&bitm_imconnector=26.200.100&bitm_documentgenerator=26.100.0&bitm_bizprocdesigner=26.300.0&bitm_recyclebin=26.0.0&bitm_socialnetwork=26.0.0&bitm_translate=26.0.0&bitm_mailmobile=26.300.0&bitm_sign=26.400.100&bitm_controller=26.0.0&bitm_perfmon=25.300.0&bitm_blog=26.500.100&bitm_ldap=26.0.0&bitm_salescenter=26.0.0&bitm_b24connector=26.0.0&bitm_report=26.100.0&bitm_rest=26.400.200&bitm_baas=26.200.200&bitm_idea=25.0.0&bitm_meeting=26.0.0&bitm_webdav=23.200.0&bitm_xmpp=21.0.0&bitm_cluster=26.0.0&bitm_note=25.0.0&bitl_en=&bitl_ru=&SUPD_OFC=Portal%3AF%3A%2CCommunications%3AF%3A%2CEnterprise%3AF%3A&SUPD_SRS=RU&SUPD_CMP=N&SALE_15=Y&LICENSE_SIGNED=%7Enew_license24_400_sign-Y
2026-08-10 09:18:28 -  - exec CUpdateClient::GetHTTPPage
2026-08-10 09:18:28 -  - TIME LoadModulesUpdates(request) 0.147 sec
2026-08-10 09:18:28 -  - exec CUpdateClient::ParseServerData
2026-08-10 09:18:28 - S - STEP
2026-08-10 09:18:28 - LMU01 - LoadModulesUpdates-Step
2026-08-10 09:18:28 -  - exec CUpdateClient::LoadModulesUpdates
2026-08-10 09:18:28 -  - exec CUpdateClient::ParseServerData
2026-08-10 09:18:28 -  - loadFile
2026-08-10 09:18:28 - U - RETURN
2026-08-10 09:18:28 -  - exec CUpdateClient::UnGzipArchive
2026-08-10 09:18:28 -  - TIME UnGzipArchive 0.001 sec
2026-08-10 09:18:28 -  - TIME UpdateStepModules 0.002 sec
2026-08-10 09:18:28 - UPD_SUCCESS - Updated: crm (26.500.100)<br><li>Незначительные изменения.
2026-08-10 09:18:28 -  - exec CUpdateClient::LoadModulesUpdates
2026-08-10 09:18:28 -  - exec CUpdateClient::CollectRequestData
2026-08-10 09:18:28 -  - LICENSE_KEY=X&lang=ru&SUPD_VER=26.500.0&VERSION=26.650.100&TYPENC=E&SUPD_STS=1&SUPD_URS=1&SUPD_DBS=MYSQL&XE=N&CLIENT_SITE=bx.local&SERVER_NAME=192.168.1.129&CHHB=bx.local%3A443&CSAB=127.0.0.1&SUID=f7vg30ov0a7vr9lgyzcmsjo8apnwonjb&CANGZIP=Y&CLIENT_PHPVER=8.2.30&stable=Y&mbfo=0&NGINX=Y&SMD=N&rerere=Y&bitm_main=26.650.100&bitm_bizprocmobile=26.100.0&bitm_bitrixcloud=25.100.0&bitm_im=26.600.0&bitm_imconnectormobile=25.100.0&bitm_mail=26.600.100&bitm_sale=26.400.0&bitm_forum=26.100.0&bitm_support=26.0.0&bitm_learning=25.0.0&bitm_listsmobile=25.200.0&bitm_catalogmobile=26.100.0&bitm_rpa=26.0.0&bitm_abtest=26.0.0&bitm_humanresources=26.400.0&bitm_conversion=25.0.0&bitm_tasksmobile=26.300.0&bitm_crmmobile=26.200.0&bitm_pull=25.400.0&bitm_ui=26.500.0&bitm_biconnector=26.500.0&bitm_immobile=26.600.0&bitm_webservice=26.0.0&bitm_tasks=26.200.0&bitm_intranetmobile=26.600.0&bitm_currency=26.0.0&bitm_timeman=25.800.0&bitm_calendarmobile=26.400.0&bitm_seo=26.0.0&bitm_fileman=26.0.0&bitm_callmobile=26.350.0&bitm_imbot=26.200.0&bitm_socialservices=26.400.0&bitm_highloadblock=25.100.0&bitm_wiki=26.0.0&bitm_search=25.200.0&bitm_subscribe=25.0.0&bitm_workflow=26.0.0&bitm_iblock=26.0.0&bitm_advertising=24.200.0&bitm_crm=26.500.100&bitm_form=26.0.0&bitm_transformer=25.400.0&bitm_sender=26.200.0&bitm_lists=26.100.0&bitm_clouds=26.0.0&bitm_mobileapp=25.100.0&bitm_storeassist=24.0.0&bitm_xdimport=25.0.0&bitm_intranet=26.750.0&bitm_disk=26.500.100&bitm_calendar=25.190.0&bitm_market=26.0.100&bitm_location=26.100.100&bitm_call=26.350.0&bitm_imopenlines=26.400.0&bitm_photogallery=25.100.0&bitm_extranet=26.200.0&bitm_security=26.200.0&bitm_ai=26.700.0&bitm_dav=26.100.0&bitm_messageservice=26.100.0&bitm_signmobile=26.100.0&bitm_bizproc=26.700.0&bitm_statistic=26.0.0&bitm_landing=26.600.0&bitm_catalog=26.300.0&bitm_mobile=26.400.0&bitm_vote=26.200.0&bitm_booking=26.300.0&bitm_diskmobile=26.100.0&bitm_voximplant=26.500.0&bitm_imconnector=26.200.100&bitm_documentgenerator=26.100.0&bitm_bizprocdesigner=26.300.0&bitm_recyclebin=26.0.0&bitm_socialnetwork=26.0.0&bitm_translate=26.0.0&bitm_mailmobile=26.300.0&bitm_sign=26.400.100&bitm_controller=26.0.0&bitm_perfmon=25.300.0&bitm_blog=26.500.100&bitm_ldap=26.0.0&bitm_salescenter=26.0.0&bitm_b24connector=26.0.0&bitm_report=26.100.0&bitm_rest=26.400.200&bitm_baas=26.200.200&bitm_idea=25.0.0&bitm_meeting=26.0.0&bitm_webdav=23.200.0&bitm_xmpp=21.0.0&bitm_cluster=26.0.0&bitm_note=25.0.0&bitl_en=&bitl_ru=&SUPD_OFC=Portal%3AF%3A%2CCommunications%3AF%3A%2CEnterprise%3AF%3A&SUPD_SRS=RU&SUPD_CMP=N&SALE_15=Y&LICENSE_SIGNED=%7Enew_license24_400_sign-Y
2026-08-10 09:18:28 -  - exec CUpdateClient::GetHTTPPage
2026-08-10 09:18:29 -  - TIME LoadModulesUpdates(request) 0.149 sec
2026-08-10 09:18:29 -  - exec CUpdateClient::ParseServerData
2026-08-10 09:18:29 - S - STEP
2026-08-10 09:18:29 - LMU01 - LoadModulesUpdates-Step
2026-08-10 09:18:29 -  - exec CUpdateClient::LoadModulesUpdates
2026-08-10 09:18:29 -  - exec CUpdateClient::ParseServerData
2026-08-10 09:18:29 -  - loadFile
2026-08-10 09:18:29 - U - RETURN
2026-08-10 09:18:29 -  - exec CUpdateClient::UnGzipArchive
2026-08-10 09:18:29 -  - TIME UnGzipArchive 0.017 sec
2026-08-10 09:18:29 - CSURUS1 - Run updater '/bitrix/updates/update_m1786353509/tasks/updater26.250.0.php'
2026-08-10 09:18:29 - CSURUS1 - Run updater '/bitrix/updates/update_m1786353509/tasks/updater26.250.0.php'
2026-08-10 09:18:29 - CRUPDCF1 - Run updater '/bitrix/updates/update_m1786353509/tasks/updater26.250.0.php': CopyFiles(install/components, components)
2026-08-10 09:18:29 -  - TIME UpdateStepModules 0.06 sec
2026-08-10 09:18:29 - UPD_SUCCESS - Updated: tasks (26.250.0)<br><li>Улучшена совместимость с модулем чатов.
2026-08-10 09:18:30 -  - exec CUpdateClient::LoadModulesUpdates
2026-08-10 09:18:30 -  - exec CUpdateClient::CollectRequestData
2026-08-10 09:18:30 -  - LICENSE_KEY=X&lang=ru&SUPD_VER=26.500.0&VERSION=26.650.100&TYPENC=E&SUPD_STS=1&SUPD_URS=1&SUPD_DBS=MYSQL&XE=N&CLIENT_SITE=bx.local&SERVER_NAME=192.168.1.129&CHHB=bx.local%3A443&CSAB=127.0.0.1&SUID=f7vg30ov0a7vr9lgyzcmsjo8apnwonjb&CANGZIP=Y&CLIENT_PHPVER=8.2.30&stable=Y&mbfo=0&NGINX=Y&SMD=N&rerere=Y&bitm_main=26.650.100&bitm_bizprocmobile=26.100.0&bitm_bitrixcloud=25.100.0&bitm_im=26.600.0&bitm_imconnectormobile=25.100.0&bitm_mail=26.600.100&bitm_sale=26.400.0&bitm_forum=26.100.0&bitm_support=26.0.0&bitm_learning=25.0.0&bitm_listsmobile=25.200.0&bitm_catalogmobile=26.100.0&bitm_rpa=26.0.0&bitm_abtest=26.0.0&bitm_humanresources=26.400.0&bitm_conversion=25.0.0&bitm_tasksmobile=26.300.0&bitm_crmmobile=26.200.0&bitm_pull=25.400.0&bitm_ui=26.500.0&bitm_biconnector=26.500.0&bitm_immobile=26.600.0&bitm_webservice=26.0.0&bitm_tasks=26.250.0&bitm_intranetmobile=26.600.0&bitm_currency=26.0.0&bitm_timeman=25.800.0&bitm_calendarmobile=26.400.0&bitm_seo=26.0.0&bitm_fileman=26.0.0&bitm_callmobile=26.350.0&bitm_imbot=26.200.0&bitm_socialservices=26.400.0&bitm_highloadblock=25.100.0&bitm_wiki=26.0.0&bitm_search=25.200.0&bitm_subscribe=25.0.0&bitm_workflow=26.0.0&bitm_iblock=26.0.0&bitm_advertising=24.200.0&bitm_crm=26.500.100&bitm_form=26.0.0&bitm_transformer=25.400.0&bitm_sender=26.200.0&bitm_lists=26.100.0&bitm_clouds=26.0.0&bitm_mobileapp=25.100.0&bitm_storeassist=24.0.0&bitm_xdimport=25.0.0&bitm_intranet=26.750.0&bitm_disk=26.500.100&bitm_calendar=25.190.0&bitm_market=26.0.100&bitm_location=26.100.100&bitm_call=26.350.0&bitm_imopenlines=26.400.0&bitm_photogallery=25.100.0&bitm_extranet=26.200.0&bitm_security=26.200.0&bitm_ai=26.700.0&bitm_dav=26.100.0&bitm_messageservice=26.100.0&bitm_signmobile=26.100.0&bitm_bizproc=26.700.0&bitm_statistic=26.0.0&bitm_landing=26.600.0&bitm_catalog=26.300.0&bitm_mobile=26.400.0&bitm_vote=26.200.0&bitm_booking=26.300.0&bitm_diskmobile=26.100.0&bitm_voximplant=26.500.0&bitm_imconnector=26.200.100&bitm_documentgenerator=26.100.0&bitm_bizprocdesigner=26.300.0&bitm_recyclebin=26.0.0&bitm_socialnetwork=26.0.0&bitm_translate=26.0.0&bitm_mailmobile=26.300.0&bitm_sign=26.400.100&bitm_controller=26.0.0&bitm_perfmon=25.300.0&bitm_blog=26.500.100&bitm_ldap=26.0.0&bitm_salescenter=26.0.0&bitm_b24connector=26.0.0&bitm_report=26.100.0&bitm_rest=26.400.200&bitm_baas=26.200.200&bitm_idea=25.0.0&bitm_meeting=26.0.0&bitm_webdav=23.200.0&bitm_xmpp=21.0.0&bitm_cluster=26.0.0&bitm_note=25.0.0&bitl_en=&bitl_ru=&SUPD_OFC=Portal%3AF%3A%2CCommunications%3AF%3A%2CEnterprise%3AF%3A&SUPD_SRS=RU&SUPD_CMP=N&SALE_15=Y&LICENSE_SIGNED=%7Enew_license24_400_sign-Y
2026-08-10 09:18:30 -  - exec CUpdateClient::GetHTTPPage
2026-08-10 09:18:30 -  - TIME LoadModulesUpdates(request) 0.149 sec
2026-08-10 09:18:30 -  - exec CUpdateClient::ParseServerData
2026-08-10 09:18:30 - S - STEP
2026-08-10 09:18:30 - LMU01 - LoadModulesUpdates-Step
2026-08-10 09:18:30 -  - exec CUpdateClient::LoadModulesUpdates
2026-08-10 09:18:30 -  - exec CUpdateClient::ParseServerData
2026-08-10 09:18:30 -  - loadFile
2026-08-10 09:18:31 - U - RETURN
2026-08-10 09:18:31 -  - exec CUpdateClient::UnGzipArchive
2026-08-10 09:18:31 -  - TIME UnGzipArchive 0.062 sec
2026-08-10 09:18:31 - CSURUS1 - Run updater '/bitrix/updates/update_m1786353511/tasks/updater26.300.0.php'
2026-08-10 09:18:31 - CSURUS1 - Run updater '/bitrix/updates/update_m1786353511/tasks/updater26.300.0.php'
2026-08-10 09:18:31 - CRUPDCF1 - Run updater '/bitrix/updates/update_m1786353511/tasks/updater26.300.0.php': CopyFiles(install/activities, activities)
2026-08-10 09:18:31 - CRUPDCF1 - Run updater '/bitrix/updates/update_m1786353511/tasks/updater26.300.0.php': CopyFiles(install/components, components)
2026-08-10 09:18:31 - CRUPDCF1 - Run updater '/bitrix/updates/update_m1786353511/tasks/updater26.300.0.php': CopyFiles(install/js, js)
2026-08-10 09:18:31 - CRUPDCDF2 - Run updater '/bitrix/updates/update_m1786353511/tasks/updater26.300.0.php': Query(ALTER TABLE `b_tasks_task_chat`
ADD INDEX `task_chat_chat_index` (`CHAT_ID`, `TASK_ID`), b_tasks_task_chat)
2026-08-10 09:18:31 - CRUPDCDF2 - Run updater '/bitrix/updates/update_m1786353511/tasks/updater26.300.0.php': Query(ANALYZE TABLE `b_tasks_task_chat`, b_tasks_task_chat)
2026-08-10 09:18:31 -  - TIME UpdateStepModules 0.369 sec
2026-08-10 09:18:31 - UPD_SUCCESS - Updated: tasks (26.300.0)<br><li>Исправлены различные ошибки и внесены небольшие улучшения. <li>Регулярные задачи: обновленный дизайн и улучшенная функциональность.
2026-08-10 09:18:31 -  - exec CUpdateClient::LoadModulesUpdates
2026-08-10 09:18:31 -  - exec CUpdateClient::CollectRequestData
2026-08-10 09:18:31 -  - LICENSE_KEY=X&lang=ru&SUPD_VER=26.500.0&VERSION=26.650.100&TYPENC=E&SUPD_STS=1&SUPD_URS=1&SUPD_DBS=MYSQL&XE=N&CLIENT_SITE=bx.local&SERVER_NAME=192.168.1.129&CHHB=bx.local%3A443&CSAB=127.0.0.1&SUID=f7vg30ov0a7vr9lgyzcmsjo8apnwonjb&CANGZIP=Y&CLIENT_PHPVER=8.2.30&stable=Y&mbfo=0&NGINX=Y&SMD=N&rerere=Y&bitm_main=26.650.100&bitm_bizprocmobile=26.100.0&bitm_bitrixcloud=25.100.0&bitm_im=26.600.0&bitm_imconnectormobile=25.100.0&bitm_mail=26.600.100&bitm_sale=26.400.0&bitm_forum=26.100.0&bitm_support=26.0.0&bitm_learning=25.0.0&bitm_listsmobile=25.200.0&bitm_catalogmobile=26.100.0&bitm_rpa=26.0.0&bitm_abtest=26.0.0&bitm_humanresources=26.400.0&bitm_conversion=25.0.0&bitm_tasksmobile=26.300.0&bitm_crmmobile=26.200.0&bitm_pull=25.400.0&bitm_ui=26.500.0&bitm_biconnector=26.500.0&bitm_immobile=26.600.0&bitm_webservice=26.0.0&bitm_tasks=26.300.0&bitm_intranetmobile=26.600.0&bitm_currency=26.0.0&bitm_timeman=25.800.0&bitm_calendarmobile=26.400.0&bitm_seo=26.0.0&bitm_fileman=26.0.0&bitm_callmobile=26.350.0&bitm_imbot=26.200.0&bitm_socialservices=26.400.0&bitm_highloadblock=25.100.0&bitm_wiki=26.0.0&bitm_search=25.200.0&bitm_subscribe=25.0.0&bitm_workflow=26.0.0&bitm_iblock=26.0.0&bitm_advertising=24.200.0&bitm_crm=26.500.100&bitm_form=26.0.0&bitm_transformer=25.400.0&bitm_sender=26.200.0&bitm_lists=26.100.0&bitm_clouds=26.0.0&bitm_mobileapp=25.100.0&bitm_storeassist=24.0.0&bitm_xdimport=25.0.0&bitm_intranet=26.750.0&bitm_disk=26.500.100&bitm_calendar=25.190.0&bitm_market=26.0.100&bitm_location=26.100.100&bitm_call=26.350.0&bitm_imopenlines=26.400.0&bitm_photogallery=25.100.0&bitm_extranet=26.200.0&bitm_security=26.200.0&bitm_ai=26.700.0&bitm_dav=26.100.0&bitm_messageservice=26.100.0&bitm_signmobile=26.100.0&bitm_bizproc=26.700.0&bitm_statistic=26.0.0&bitm_landing=26.600.0&bitm_catalog=26.300.0&bitm_mobile=26.400.0&bitm_vote=26.200.0&bitm_booking=26.300.0&bitm_diskmobile=26.100.0&bitm_voximplant=26.500.0&bitm_imconnector=26.200.100&bitm_documentgenerator=26.100.0&bitm_bizprocdesigner=26.300.0&bitm_recyclebin=26.0.0&bitm_socialnetwork=26.0.0&bitm_translate=26.0.0&bitm_mailmobile=26.300.0&bitm_sign=26.400.100&bitm_controller=26.0.0&bitm_perfmon=25.300.0&bitm_blog=26.500.100&bitm_ldap=26.0.0&bitm_salescenter=26.0.0&bitm_b24connector=26.0.0&bitm_report=26.100.0&bitm_rest=26.400.200&bitm_baas=26.200.200&bitm_idea=25.0.0&bitm_meeting=26.0.0&bitm_webdav=23.200.0&bitm_xmpp=21.0.0&bitm_cluster=26.0.0&bitm_note=25.0.0&bitl_en=&bitl_ru=&SUPD_OFC=Portal%3AF%3A%2CCommunications%3AF%3A%2CEnterprise%3AF%3A&SUPD_SRS=RU&SUPD_CMP=N&SALE_15=Y&LICENSE_SIGNED=%7Enew_license24_400_sign-Y
2026-08-10 09:18:31 -  - exec CUpdateClient::GetHTTPPage
2026-08-10 09:18:31 -  - TIME LoadModulesUpdates(request) 0.159 sec
2026-08-10 09:18:31 -  - exec CUpdateClient::ParseServerData
2026-08-10 09:18:31 - S - STEP
2026-08-10 09:18:31 - LMU01 - LoadModulesUpdates-Step
2026-08-10 09:18:32 -  - exec CUpdateClient::LoadModulesUpdates
2026-08-10 09:18:32 -  - exec CUpdateClient::ParseServerData
2026-08-10 09:18:32 -  - loadFile
2026-08-10 09:18:32 - U - RETURN
2026-08-10 09:18:32 -  - exec CUpdateClient::UnGzipArchive
2026-08-10 09:18:32 -  - TIME UnGzipArchive 0.019 sec
2026-08-10 09:18:32 - CSURUS1 - Run updater '/bitrix/updates/update_m1786353512/calendar/updater25.195.0.php'
2026-08-10 09:18:32 - CSURUS1 - Run updater '/bitrix/updates/update_m1786353512/calendar/updater25.195.0.php'
2026-08-10 09:18:32 - CRUPDCF1 - Run updater '/bitrix/updates/update_m1786353512/calendar/updater25.195.0.php': CopyFiles(install/js, js)
2026-08-10 09:18:32 - CRUPDCF1 - Run updater '/bitrix/updates/update_m1786353512/calendar/updater25.195.0.php': CopyFiles(install/activities, activities)
2026-08-10 09:18:32 -  - TIME UpdateStepModules 0.036 sec
2026-08-10 09:18:32 - UPD_SUCCESS - Updated: calendar (25.195.0)<br><li>В действии бизнес-процессов «Получить события из календаря» добавлена возможность получать события списком.</li> 
2026-08-10 09:18:32 -  - exec CUpdateClient::LoadModulesUpdates
2026-08-10 09:18:32 -  - exec CUpdateClient::CollectRequestData
2026-08-10 09:18:32 -  - LICENSE_KEY=X&lang=ru&SUPD_VER=26.500.0&VERSION=26.650.100&TYPENC=E&SUPD_STS=1&SUPD_URS=1&SUPD_DBS=MYSQL&XE=N&CLIENT_SITE=bx.local&SERVER_NAME=192.168.1.129&CHHB=bx.local%3A443&CSAB=127.0.0.1&SUID=f7vg30ov0a7vr9lgyzcmsjo8apnwonjb&CANGZIP=Y&CLIENT_PHPVER=8.2.30&stable=Y&mbfo=0&NGINX=Y&SMD=N&rerere=Y&bitm_main=26.650.100&bitm_bizprocmobile=26.100.0&bitm_bitrixcloud=25.100.0&bitm_im=26.600.0&bitm_imconnectormobile=25.100.0&bitm_mail=26.600.100&bitm_sale=26.400.0&bitm_forum=26.100.0&bitm_support=26.0.0&bitm_learning=25.0.0&bitm_listsmobile=25.200.0&bitm_catalogmobile=26.100.0&bitm_rpa=26.0.0&bitm_abtest=26.0.0&bitm_humanresources=26.400.0&bitm_conversion=25.0.0&bitm_tasksmobile=26.300.0&bitm_crmmobile=26.200.0&bitm_pull=25.400.0&bitm_ui=26.500.0&bitm_biconnector=26.500.0&bitm_immobile=26.600.0&bitm_webservice=26.0.0&bitm_tasks=26.300.0&bitm_intranetmobile=26.600.0&bitm_currency=26.0.0&bitm_timeman=25.800.0&bitm_calendarmobile=26.400.0&bitm_seo=26.0.0&bitm_fileman=26.0.0&bitm_callmobile=26.350.0&bitm_imbot=26.200.0&bitm_socialservices=26.400.0&bitm_highloadblock=25.100.0&bitm_wiki=26.0.0&bitm_search=25.200.0&bitm_subscribe=25.0.0&bitm_workflow=26.0.0&bitm_iblock=26.0.0&bitm_advertising=24.200.0&bitm_crm=26.500.100&bitm_form=26.0.0&bitm_transformer=25.400.0&bitm_sender=26.200.0&bitm_lists=26.100.0&bitm_clouds=26.0.0&bitm_mobileapp=25.100.0&bitm_storeassist=24.0.0&bitm_xdimport=25.0.0&bitm_intranet=26.750.0&bitm_disk=26.500.100&bitm_calendar=25.195.0&bitm_market=26.0.100&bitm_location=26.100.100&bitm_call=26.350.0&bitm_imopenlines=26.400.0&bitm_photogallery=25.100.0&bitm_extranet=26.200.0&bitm_security=26.200.0&bitm_ai=26.700.0&bitm_dav=26.100.0&bitm_messageservice=26.100.0&bitm_signmobile=26.100.0&bitm_bizproc=26.700.0&bitm_statistic=26.0.0&bitm_landing=26.600.0&bitm_catalog=26.300.0&bitm_mobile=26.400.0&bitm_vote=26.200.0&bitm_booking=26.300.0&bitm_diskmobile=26.100.0&bitm_voximplant=26.500.0&bitm_imconnector=26.200.100&bitm_documentgenerator=26.100.0&bitm_bizprocdesigner=26.300.0&bitm_recyclebin=26.0.0&bitm_socialnetwork=26.0.0&bitm_translate=26.0.0&bitm_mailmobile=26.300.0&bitm_sign=26.400.100&bitm_controller=26.0.0&bitm_perfmon=25.300.0&bitm_blog=26.500.100&bitm_ldap=26.0.0&bitm_salescenter=26.0.0&bitm_b24connector=26.0.0&bitm_report=26.100.0&bitm_rest=26.400.200&bitm_baas=26.200.200&bitm_idea=25.0.0&bitm_meeting=26.0.0&bitm_webdav=23.200.0&bitm_xmpp=21.0.0&bitm_cluster=26.0.0&bitm_note=25.0.0&bitl_en=&bitl_ru=&SUPD_OFC=Portal%3AF%3A%2CCommunications%3AF%3A%2CEnterprise%3AF%3A&SUPD_SRS=RU&SUPD_CMP=N&SALE_15=Y&LICENSE_SIGNED=%7Enew_license24_400_sign-Y
2026-08-10 09:18:32 -  - exec CUpdateClient::GetHTTPPage
2026-08-10 09:18:32 -  - TIME LoadModulesUpdates(request) 0.157 sec
2026-08-10 09:18:32 -  - exec CUpdateClient::ParseServerData
2026-08-10 09:18:32 - S - STEP
2026-08-10 09:18:32 - LMU01 - LoadModulesUpdates-Step
2026-08-10 09:18:33 -  - exec CUpdateClient::LoadModulesUpdates
2026-08-10 09:18:33 -  - exec CUpdateClient::ParseServerData
2026-08-10 09:18:33 -  - loadFile
2026-08-10 09:18:33 - U - RETURN
2026-08-10 09:18:33 -  - exec CUpdateClient::UnGzipArchive
2026-08-10 09:18:33 -  - TIME UnGzipArchive 0.017 sec
2026-08-10 09:18:33 - CSURUS1 - Run updater '/bitrix/updates/update_m1786353513/calendar/updater25.197.0.php'
2026-08-10 09:18:33 - CSURUS1 - Run updater '/bitrix/updates/update_m1786353513/calendar/updater25.197.0.php'
2026-08-10 09:18:33 - CRUPDCF1 - Run updater '/bitrix/updates/update_m1786353513/calendar/updater25.197.0.php': CopyFiles(install/js, js)
2026-08-10 09:18:33 - CRUPDCF1 - Run updater '/bitrix/updates/update_m1786353513/calendar/updater25.197.0.php': CopyFiles(install/activities, activities)
2026-08-10 09:18:33 -  - TIME UpdateStepModules 0.041 sec
2026-08-10 09:18:33 - UPD_SUCCESS - Updated: calendar (25.197.0)<br><li>Доработки модуля для работы модуля звонков. 
2026-08-10 09:18:33 -  - exec CUpdateClient::LoadModulesUpdates
2026-08-10 09:18:33 -  - exec CUpdateClient::CollectRequestData
2026-08-10 09:18:33 -  - LICENSE_KEY=X&lang=ru&SUPD_VER=26.500.0&VERSION=26.650.100&TYPENC=E&SUPD_STS=1&SUPD_URS=1&SUPD_DBS=MYSQL&XE=N&CLIENT_SITE=bx.local&SERVER_NAME=192.168.1.129&CHHB=bx.local%3A443&CSAB=127.0.0.1&SUID=f7vg30ov0a7vr9lgyzcmsjo8apnwonjb&CANGZIP=Y&CLIENT_PHPVER=8.2.30&stable=Y&mbfo=0&NGINX=Y&SMD=N&rerere=Y&bitm_main=26.650.100&bitm_bizprocmobile=26.100.0&bitm_bitrixcloud=25.100.0&bitm_im=26.600.0&bitm_imconnectormobile=25.100.0&bitm_mail=26.600.100&bitm_sale=26.400.0&bitm_forum=26.100.0&bitm_support=26.0.0&bitm_learning=25.0.0&bitm_listsmobile=25.200.0&bitm_catalogmobile=26.100.0&bitm_rpa=26.0.0&bitm_abtest=26.0.0&bitm_humanresources=26.400.0&bitm_conversion=25.0.0&bitm_tasksmobile=26.300.0&bitm_crmmobile=26.200.0&bitm_pull=25.400.0&bitm_ui=26.500.0&bitm_biconnector=26.500.0&bitm_immobile=26.600.0&bitm_webservice=26.0.0&bitm_tasks=26.300.0&bitm_intranetmobile=26.600.0&bitm_currency=26.0.0&bitm_timeman=25.800.0&bitm_calendarmobile=26.400.0&bitm_seo=26.0.0&bitm_fileman=26.0.0&bitm_callmobile=26.350.0&bitm_imbot=26.200.0&bitm_socialservices=26.400.0&bitm_highloadblock=25.100.0&bitm_wiki=26.0.0&bitm_search=25.200.0&bitm_subscribe=25.0.0&bitm_workflow=26.0.0&bitm_iblock=26.0.0&bitm_advertising=24.200.0&bitm_crm=26.500.100&bitm_form=26.0.0&bitm_transformer=25.400.0&bitm_sender=26.200.0&bitm_lists=26.100.0&bitm_clouds=26.0.0&bitm_mobileapp=25.100.0&bitm_storeassist=24.0.0&bitm_xdimport=25.0.0&bitm_intranet=26.750.0&bitm_disk=26.500.100&bitm_calendar=25.197.0&bitm_market=26.0.100&bitm_location=26.100.100&bitm_call=26.350.0&bitm_imopenlines=26.400.0&bitm_photogallery=25.100.0&bitm_extranet=26.200.0&bitm_security=26.200.0&bitm_ai=26.700.0&bitm_dav=26.100.0&bitm_messageservice=26.100.0&bitm_signmobile=26.100.0&bitm_bizproc=26.700.0&bitm_statistic=26.0.0&bitm_landing=26.600.0&bitm_catalog=26.300.0&bitm_mobile=26.400.0&bitm_vote=26.200.0&bitm_booking=26.300.0&bitm_diskmobile=26.100.0&bitm_voximplant=26.500.0&bitm_imconnector=26.200.100&bitm_documentgenerator=26.100.0&bitm_bizprocdesigner=26.300.0&bitm_recyclebin=26.0.0&bitm_socialnetwork=26.0.0&bitm_translate=26.0.0&bitm_mailmobile=26.300.0&bitm_sign=26.400.100&bitm_controller=26.0.0&bitm_perfmon=25.300.0&bitm_blog=26.500.100&bitm_ldap=26.0.0&bitm_salescenter=26.0.0&bitm_b24connector=26.0.0&bitm_report=26.100.0&bitm_rest=26.400.200&bitm_baas=26.200.200&bitm_idea=25.0.0&bitm_meeting=26.0.0&bitm_webdav=23.200.0&bitm_xmpp=21.0.0&bitm_cluster=26.0.0&bitm_note=25.0.0&bitl_en=&bitl_ru=&SUPD_OFC=Portal%3AF%3A%2CCommunications%3AF%3A%2CEnterprise%3AF%3A&SUPD_SRS=RU&SUPD_CMP=N&SALE_15=Y&LICENSE_SIGNED=%7Enew_license24_400_sign-Y
2026-08-10 09:18:33 -  - exec CUpdateClient::GetHTTPPage
2026-08-10 09:18:34 -  - TIME LoadModulesUpdates(request) 0.142 sec
2026-08-10 09:18:34 -  - exec CUpdateClient::ParseServerData
2026-08-10 09:18:34 - S - STEP
2026-08-10 09:18:34 - LMU01 - LoadModulesUpdates-Step
2026-08-10 09:18:34 -  - exec CUpdateClient::LoadModulesUpdates
2026-08-10 09:18:34 -  - exec CUpdateClient::ParseServerData
2026-08-10 09:18:34 -  - loadFile
2026-08-10 09:18:34 - U - RETURN
2026-08-10 09:18:34 -  - exec CUpdateClient::UnGzipArchive
2026-08-10 09:18:35 -  - TIME UnGzipArchive 0.089 sec
2026-08-10 09:18:35 - CSURUS1 - Run updater '/bitrix/updates/update_m1786353514/calendar/updater25.200.0.php'
2026-08-10 09:18:35 - CSURUS1 - Run updater '/bitrix/updates/update_m1786353514/calendar/updater25.200.0.php'
2026-08-10 09:18:35 - CRUPDCF1 - Run updater '/bitrix/updates/update_m1786353514/calendar/updater25.200.0.php': CopyFiles(install/components, components)
2026-08-10 09:18:35 - CRUPDCF1 - Run updater '/bitrix/updates/update_m1786353514/calendar/updater25.200.0.php': CopyFiles(install/js, js)
2026-08-10 09:18:35 - CRUPDCF1 - Run updater '/bitrix/updates/update_m1786353514/calendar/updater25.200.0.php': CopyFiles(install/activities, activities)
2026-08-10 09:18:35 -  - TIME UpdateStepModules 0.283 sec
2026-08-10 09:18:35 - UPD_SUCCESS - Updated: calendar (25.200.0)<br><li>Часовой пояс пользователя теперь единый с настройками из основного модуля. <li>Улучшение производительности модуля. <li>Исправление найденных ошибок. <li>Удалены лишние файлы. 
2026-08-10 09:18:35 -  - exec CUpdateClient::LoadModulesUpdates
2026-08-10 09:18:35 -  - exec CUpdateClient::CollectRequestData
2026-08-10 09:18:35 -  - LICENSE_KEY=X&lang=ru&SUPD_VER=26.500.0&VERSION=26.650.100&TYPENC=E&SUPD_STS=1&SUPD_URS=1&SUPD_DBS=MYSQL&XE=N&CLIENT_SITE=bx.local&SERVER_NAME=192.168.1.129&CHHB=bx.local%3A443&CSAB=127.0.0.1&SUID=f7vg30ov0a7vr9lgyzcmsjo8apnwonjb&CANGZIP=Y&CLIENT_PHPVER=8.2.30&stable=Y&mbfo=0&NGINX=Y&SMD=N&rerere=Y&bitm_main=26.650.100&bitm_bizprocmobile=26.100.0&bitm_bitrixcloud=25.100.0&bitm_im=26.600.0&bitm_imconnectormobile=25.100.0&bitm_mail=26.600.100&bitm_sale=26.400.0&bitm_forum=26.100.0&bitm_support=26.0.0&bitm_learning=25.0.0&bitm_listsmobile=25.200.0&bitm_catalogmobile=26.100.0&bitm_rpa=26.0.0&bitm_abtest=26.0.0&bitm_humanresources=26.400.0&bitm_conversion=25.0.0&bitm_tasksmobile=26.300.0&bitm_crmmobile=26.200.0&bitm_pull=25.400.0&bitm_ui=26.500.0&bitm_biconnector=26.500.0&bitm_immobile=26.600.0&bitm_webservice=26.0.0&bitm_tasks=26.300.0&bitm_intranetmobile=26.600.0&bitm_currency=26.0.0&bitm_timeman=25.800.0&bitm_calendarmobile=26.400.0&bitm_seo=26.0.0&bitm_fileman=26.0.0&bitm_callmobile=26.350.0&bitm_imbot=26.200.0&bitm_socialservices=26.400.0&bitm_highloadblock=25.100.0&bitm_wiki=26.0.0&bitm_search=25.200.0&bitm_subscribe=25.0.0&bitm_workflow=26.0.0&bitm_iblock=26.0.0&bitm_advertising=24.200.0&bitm_crm=26.500.100&bitm_form=26.0.0&bitm_transformer=25.400.0&bitm_sender=26.200.0&bitm_lists=26.100.0&bitm_clouds=26.0.0&bitm_mobileapp=25.100.0&bitm_storeassist=24.0.0&bitm_xdimport=25.0.0&bitm_intranet=26.750.0&bitm_disk=26.500.100&bitm_calendar=25.200.0&bitm_market=26.0.100&bitm_location=26.100.100&bitm_call=26.350.0&bitm_imopenlines=26.400.0&bitm_photogallery=25.100.0&bitm_extranet=26.200.0&bitm_security=26.200.0&bitm_ai=26.700.0&bitm_dav=26.100.0&bitm_messageservice=26.100.0&bitm_signmobile=26.100.0&bitm_bizproc=26.700.0&bitm_statistic=26.0.0&bitm_landing=26.600.0&bitm_catalog=26.300.0&bitm_mobile=26.400.0&bitm_vote=26.200.0&bitm_booking=26.300.0&bitm_diskmobile=26.100.0&bitm_voximplant=26.500.0&bitm_imconnector=26.200.100&bitm_documentgenerator=26.100.0&bitm_bizprocdesigner=26.300.0&bitm_recyclebin=26.0.0&bitm_socialnetwork=26.0.0&bitm_translate=26.0.0&bitm_mailmobile=26.300.0&bitm_sign=26.400.100&bitm_controller=26.0.0&bitm_perfmon=25.300.0&bitm_blog=26.500.100&bitm_ldap=26.0.0&bitm_salescenter=26.0.0&bitm_b24connector=26.0.0&bitm_report=26.100.0&bitm_rest=26.400.200&bitm_baas=26.200.200&bitm_idea=25.0.0&bitm_meeting=26.0.0&bitm_webdav=23.200.0&bitm_xmpp=21.0.0&bitm_cluster=26.0.0&bitm_note=25.0.0&bitl_en=&bitl_ru=&SUPD_OFC=Portal%3AF%3A%2CCommunications%3AF%3A%2CEnterprise%3AF%3A&SUPD_SRS=RU&SUPD_CMP=N&SALE_15=Y&LICENSE_SIGNED=%7Enew_license24_400_sign-Y
2026-08-10 09:18:35 -  - exec CUpdateClient::GetHTTPPage
2026-08-10 09:18:35 -  - TIME LoadModulesUpdates(request) 0.166 sec
2026-08-10 09:18:35 -  - exec CUpdateClient::ParseServerData
2026-08-10 09:18:35 - S - STEP
2026-08-10 09:18:35 - LMU01 - LoadModulesUpdates-Step
2026-08-10 09:18:36 -  - exec CUpdateClient::LoadModulesUpdates
2026-08-10 09:18:36 -  - exec CUpdateClient::ParseServerData
2026-08-10 09:18:36 -  - loadFile
2026-08-10 09:18:36 - U - RETURN
2026-08-10 09:18:36 -  - exec CUpdateClient::UnGzipArchive
2026-08-10 09:18:36 -  - TIME UnGzipArchive 0.089 sec
2026-08-10 09:18:36 - CSURUS1 - Run updater '/bitrix/updates/update_m1786353516/calendar/updater26.0.0.php'
2026-08-10 09:18:36 - CSURUS1 - Run updater '/bitrix/updates/update_m1786353516/calendar/updater26.0.0.php'
2026-08-10 09:18:36 - CRUPDCF1 - Process module 'calendar': copyInstallFiles(install/js, js)
2026-08-10 09:18:36 - CRUPDCF1 - Process module 'calendar': copyInstallFiles(install/activities, activities)
2026-08-10 09:18:36 - CRUPDCF1 - Process module 'calendar': copyInstallFiles(install/components, components)
2026-08-10 09:18:36 - CRUPDCF1 - Process module 'calendar': copyInstallFiles(install/templates, templates)
2026-08-10 09:18:37 -  - TIME UpdateStepModules 0.341 sec
2026-08-10 09:18:37 - UPD_SUCCESS - Updated: calendar (26.0.0)<br><li>Исправлены различные ошибки и внесены небольшие улучшения.
2026-08-10 09:18:37 -  - exec CUpdateClient::LoadModulesUpdates
2026-08-10 09:18:37 -  - exec CUpdateClient::CollectRequestData
2026-08-10 09:18:37 -  - LICENSE_KEY=X&lang=ru&SUPD_VER=26.500.0&VERSION=26.650.100&TYPENC=E&SUPD_STS=1&SUPD_URS=1&SUPD_DBS=MYSQL&XE=N&CLIENT_SITE=bx.local&SERVER_NAME=192.168.1.129&CHHB=bx.local%3A443&CSAB=127.0.0.1&SUID=f7vg30ov0a7vr9lgyzcmsjo8apnwonjb&CANGZIP=Y&CLIENT_PHPVER=8.2.30&stable=Y&mbfo=0&NGINX=Y&SMD=N&rerere=Y&bitm_main=26.650.100&bitm_bizprocmobile=26.100.0&bitm_bitrixcloud=25.100.0&bitm_im=26.600.0&bitm_imconnectormobile=25.100.0&bitm_mail=26.600.100&bitm_sale=26.400.0&bitm_forum=26.100.0&bitm_support=26.0.0&bitm_learning=25.0.0&bitm_listsmobile=25.200.0&bitm_catalogmobile=26.100.0&bitm_rpa=26.0.0&bitm_abtest=26.0.0&bitm_humanresources=26.400.0&bitm_conversion=25.0.0&bitm_tasksmobile=26.300.0&bitm_crmmobile=26.200.0&bitm_pull=25.400.0&bitm_ui=26.500.0&bitm_biconnector=26.500.0&bitm_immobile=26.600.0&bitm_webservice=26.0.0&bitm_tasks=26.300.0&bitm_intranetmobile=26.600.0&bitm_currency=26.0.0&bitm_timeman=25.800.0&bitm_calendarmobile=26.400.0&bitm_seo=26.0.0&bitm_fileman=26.0.0&bitm_callmobile=26.350.0&bitm_imbot=26.200.0&bitm_socialservices=26.400.0&bitm_highloadblock=25.100.0&bitm_wiki=26.0.0&bitm_search=25.200.0&bitm_subscribe=25.0.0&bitm_workflow=26.0.0&bitm_iblock=26.0.0&bitm_advertising=24.200.0&bitm_crm=26.500.100&bitm_form=26.0.0&bitm_transformer=25.400.0&bitm_sender=26.200.0&bitm_lists=26.100.0&bitm_clouds=26.0.0&bitm_mobileapp=25.100.0&bitm_storeassist=24.0.0&bitm_xdimport=25.0.0&bitm_intranet=26.750.0&bitm_disk=26.500.100&bitm_calendar=26.0.0&bitm_market=26.0.100&bitm_location=26.100.100&bitm_call=26.350.0&bitm_imopenlines=26.400.0&bitm_photogallery=25.100.0&bitm_extranet=26.200.0&bitm_security=26.200.0&bitm_ai=26.700.0&bitm_dav=26.100.0&bitm_messageservice=26.100.0&bitm_signmobile=26.100.0&bitm_bizproc=26.700.0&bitm_statistic=26.0.0&bitm_landing=26.600.0&bitm_catalog=26.300.0&bitm_mobile=26.400.0&bitm_vote=26.200.0&bitm_booking=26.300.0&bitm_diskmobile=26.100.0&bitm_voximplant=26.500.0&bitm_imconnector=26.200.100&bitm_documentgenerator=26.100.0&bitm_bizprocdesigner=26.300.0&bitm_recyclebin=26.0.0&bitm_socialnetwork=26.0.0&bitm_translate=26.0.0&bitm_mailmobile=26.300.0&bitm_sign=26.400.100&bitm_controller=26.0.0&bitm_perfmon=25.300.0&bitm_blog=26.500.100&bitm_ldap=26.0.0&bitm_salescenter=26.0.0&bitm_b24connector=26.0.0&bitm_report=26.100.0&bitm_rest=26.400.200&bitm_baas=26.200.200&bitm_idea=25.0.0&bitm_meeting=26.0.0&bitm_webdav=23.200.0&bitm_xmpp=21.0.0&bitm_cluster=26.0.0&bitm_note=25.0.0&bitl_en=&bitl_ru=&SUPD_OFC=Portal%3AF%3A%2CCommunications%3AF%3A%2CEnterprise%3AF%3A&SUPD_SRS=RU&SUPD_CMP=N&SALE_15=Y&LICENSE_SIGNED=%7Enew_license24_400_sign-Y
2026-08-10 09:18:37 -  - exec CUpdateClient::GetHTTPPage
2026-08-10 09:18:37 -  - TIME LoadModulesUpdates(request) 0.171 sec
2026-08-10 09:18:37 -  - exec CUpdateClient::ParseServerData
2026-08-10 09:18:37 - S - STEP
2026-08-10 09:18:37 - LMU01 - LoadModulesUpdates-Step
2026-08-10 09:18:37 -  - exec CUpdateClient::LoadModulesUpdates
2026-08-10 09:18:37 -  - exec CUpdateClient::ParseServerData
2026-08-10 09:18:37 -  - loadFile
2026-08-10 09:18:38 - U - RETURN
2026-08-10 09:18:38 -  - exec CUpdateClient::UnGzipArchive
2026-08-10 09:18:38 -  - TIME UnGzipArchive 0.023 sec
2026-08-10 09:18:38 - CSURUS1 - Run updater '/bitrix/updates/update_m1786353518/mobile/updater26.500.0.php'
2026-08-10 09:18:38 - CSURUS1 - Run updater '/bitrix/updates/update_m1786353518/mobile/updater26.500.0.php'
2026-08-10 09:18:38 - CRUPDCF1 - Run updater '/bitrix/updates/update_m1786353518/mobile/updater26.500.0.php': CopyFiles(install/components, components)
2026-08-10 09:18:38 - CRUPDCF1 - Run updater '/bitrix/updates/update_m1786353518/mobile/updater26.500.0.php': CopyFiles(install/images, images)
2026-08-10 09:18:38 - CRUPDCF1 - Run updater '/bitrix/updates/update_m1786353518/mobile/updater26.500.0.php': CopyFiles(install/mobileapp, mobileapp)
2026-08-10 09:18:38 - CRUPDCF1 - Run updater '/bitrix/updates/update_m1786353518/mobile/updater26.500.0.php': CopyFiles(install/templates, templates)
2026-08-10 09:18:38 -  - TIME UpdateStepModules 0.117 sec
2026-08-10 09:18:38 - UPD_SUCCESS - Updated: mobile (26.500.0)<br><li>Добавлена возможность интеграции в мобильное приложение сторонних приложений партнеров из маркетплейса Битрикс24. 
2026-08-10 09:18:38 -  - exec CUpdateClient::LoadModulesUpdates
2026-08-10 09:18:38 -  - exec CUpdateClient::CollectRequestData
2026-08-10 09:18:38 -  - LICENSE_KEY=X&lang=ru&SUPD_VER=26.500.0&VERSION=26.650.100&TYPENC=E&SUPD_STS=1&SUPD_URS=1&SUPD_DBS=MYSQL&XE=N&CLIENT_SITE=bx.local&SERVER_NAME=192.168.1.129&CHHB=bx.local%3A443&CSAB=127.0.0.1&SUID=f7vg30ov0a7vr9lgyzcmsjo8apnwonjb&CANGZIP=Y&CLIENT_PHPVER=8.2.30&stable=Y&mbfo=0&NGINX=Y&SMD=N&rerere=Y&bitm_main=26.650.100&bitm_bizprocmobile=26.100.0&bitm_bitrixcloud=25.100.0&bitm_im=26.600.0&bitm_imconnectormobile=25.100.0&bitm_mail=26.600.100&bitm_sale=26.400.0&bitm_forum=26.100.0&bitm_support=26.0.0&bitm_learning=25.0.0&bitm_listsmobile=25.200.0&bitm_catalogmobile=26.100.0&bitm_rpa=26.0.0&bitm_abtest=26.0.0&bitm_humanresources=26.400.0&bitm_conversion=25.0.0&bitm_tasksmobile=26.300.0&bitm_crmmobile=26.200.0&bitm_pull=25.400.0&bitm_ui=26.500.0&bitm_biconnector=26.500.0&bitm_immobile=26.600.0&bitm_webservice=26.0.0&bitm_tasks=26.300.0&bitm_intranetmobile=26.600.0&bitm_currency=26.0.0&bitm_timeman=25.800.0&bitm_calendarmobile=26.400.0&bitm_seo=26.0.0&bitm_fileman=26.0.0&bitm_callmobile=26.350.0&bitm_imbot=26.200.0&bitm_socialservices=26.400.0&bitm_highloadblock=25.100.0&bitm_wiki=26.0.0&bitm_search=25.200.0&bitm_subscribe=25.0.0&bitm_workflow=26.0.0&bitm_iblock=26.0.0&bitm_advertising=24.200.0&bitm_crm=26.500.100&bitm_form=26.0.0&bitm_transformer=25.400.0&bitm_sender=26.200.0&bitm_lists=26.100.0&bitm_clouds=26.0.0&bitm_mobileapp=25.100.0&bitm_storeassist=24.0.0&bitm_xdimport=25.0.0&bitm_intranet=26.750.0&bitm_disk=26.500.100&bitm_calendar=26.0.0&bitm_market=26.0.100&bitm_location=26.100.100&bitm_call=26.350.0&bitm_imopenlines=26.400.0&bitm_photogallery=25.100.0&bitm_extranet=26.200.0&bitm_security=26.200.0&bitm_ai=26.700.0&bitm_dav=26.100.0&bitm_messageservice=26.100.0&bitm_signmobile=26.100.0&bitm_bizproc=26.700.0&bitm_statistic=26.0.0&bitm_landing=26.600.0&bitm_catalog=26.300.0&bitm_mobile=26.500.0&bitm_vote=26.200.0&bitm_booking=26.300.0&bitm_diskmobile=26.100.0&bitm_voximplant=26.500.0&bitm_imconnector=26.200.100&bitm_documentgenerator=26.100.0&bitm_bizprocdesigner=26.300.0&bitm_recyclebin=26.0.0&bitm_socialnetwork=26.0.0&bitm_translate=26.0.0&bitm_mailmobile=26.300.0&bitm_sign=26.400.100&bitm_controller=26.0.0&bitm_perfmon=25.300.0&bitm_blog=26.500.100&bitm_ldap=26.0.0&bitm_salescenter=26.0.0&bitm_b24connector=26.0.0&bitm_report=26.100.0&bitm_rest=26.400.200&bitm_baas=26.200.200&bitm_idea=25.0.0&bitm_meeting=26.0.0&bitm_webdav=23.200.0&bitm_xmpp=21.0.0&bitm_cluster=26.0.0&bitm_note=25.0.0&bitl_en=&bitl_ru=&SUPD_OFC=Portal%3AF%3A%2CCommunications%3AF%3A%2CEnterprise%3AF%3A&SUPD_SRS=RU&SUPD_CMP=N&SALE_15=Y&LICENSE_SIGNED=%7Enew_license24_400_sign-Y
2026-08-10 09:18:38 -  - exec CUpdateClient::GetHTTPPage
2026-08-10 09:18:38 -  - TIME LoadModulesUpdates(request) 0.145 sec
2026-08-10 09:18:38 -  - exec CUpdateClient::ParseServerData
2026-08-10 09:18:38 - S - STEP
2026-08-10 09:18:38 - LMU01 - LoadModulesUpdates-Step
2026-08-10 09:18:39 -  - exec CUpdateClient::LoadModulesUpdates
2026-08-10 09:18:39 -  - exec CUpdateClient::ParseServerData
2026-08-10 09:18:39 -  - loadFile
2026-08-10 09:18:39 - U - RETURN
2026-08-10 09:18:39 -  - exec CUpdateClient::UnGzipArchive
2026-08-10 09:18:39 -  - TIME UnGzipArchive 0.003 sec
2026-08-10 09:18:39 - CSURUS1 - Run updater '/bitrix/updates/update_m1786353519/mobile/updater26.600.0.php'
2026-08-10 09:18:39 - CSURUS1 - Run updater '/bitrix/updates/update_m1786353519/mobile/updater26.600.0.php'
2026-08-10 09:18:39 - CRUPDCF1 - Run updater '/bitrix/updates/update_m1786353519/mobile/updater26.600.0.php': CopyFiles(install/js, js)
2026-08-10 09:18:39 - CRUPDCF1 - Run updater '/bitrix/updates/update_m1786353519/mobile/updater26.600.0.php': CopyFiles(install/mobileapp, mobileapp)
2026-08-10 09:18:39 -  - TIME UpdateStepModules 0.014 sec
2026-08-10 09:18:39 - UPD_SUCCESS - Updated: mobile (26.600.0)<br><li>Добавлена поддержка универсальной ссылки на все типы файлов.
2026-08-10 09:18:39 -  - exec CUpdateClient::LoadModulesUpdates
2026-08-10 09:18:39 -  - exec CUpdateClient::CollectRequestData
2026-08-10 09:18:39 -  - LICENSE_KEY=X&lang=ru&SUPD_VER=26.500.0&VERSION=26.650.100&TYPENC=E&SUPD_STS=1&SUPD_URS=1&SUPD_DBS=MYSQL&XE=N&CLIENT_SITE=bx.local&SERVER_NAME=192.168.1.129&CHHB=bx.local%3A443&CSAB=127.0.0.1&SUID=f7vg30ov0a7vr9lgyzcmsjo8apnwonjb&CANGZIP=Y&CLIENT_PHPVER=8.2.30&stable=Y&mbfo=0&NGINX=Y&SMD=N&rerere=Y&bitm_main=26.650.100&bitm_bizprocmobile=26.100.0&bitm_bitrixcloud=25.100.0&bitm_im=26.600.0&bitm_imconnectormobile=25.100.0&bitm_mail=26.600.100&bitm_sale=26.400.0&bitm_forum=26.100.0&bitm_support=26.0.0&bitm_learning=25.0.0&bitm_listsmobile=25.200.0&bitm_catalogmobile=26.100.0&bitm_rpa=26.0.0&bitm_abtest=26.0.0&bitm_humanresources=26.400.0&bitm_conversion=25.0.0&bitm_tasksmobile=26.300.0&bitm_crmmobile=26.200.0&bitm_pull=25.400.0&bitm_ui=26.500.0&bitm_biconnector=26.500.0&bitm_immobile=26.600.0&bitm_webservice=26.0.0&bitm_tasks=26.300.0&bitm_intranetmobile=26.600.0&bitm_currency=26.0.0&bitm_timeman=25.800.0&bitm_calendarmobile=26.400.0&bitm_seo=26.0.0&bitm_fileman=26.0.0&bitm_callmobile=26.350.0&bitm_imbot=26.200.0&bitm_socialservices=26.400.0&bitm_highloadblock=25.100.0&bitm_wiki=26.0.0&bitm_search=25.200.0&bitm_subscribe=25.0.0&bitm_workflow=26.0.0&bitm_iblock=26.0.0&bitm_advertising=24.200.0&bitm_crm=26.500.100&bitm_form=26.0.0&bitm_transformer=25.400.0&bitm_sender=26.200.0&bitm_lists=26.100.0&bitm_clouds=26.0.0&bitm_mobileapp=25.100.0&bitm_storeassist=24.0.0&bitm_xdimport=25.0.0&bitm_intranet=26.750.0&bitm_disk=26.500.100&bitm_calendar=26.0.0&bitm_market=26.0.100&bitm_location=26.100.100&bitm_call=26.350.0&bitm_imopenlines=26.400.0&bitm_photogallery=25.100.0&bitm_extranet=26.200.0&bitm_security=26.200.0&bitm_ai=26.700.0&bitm_dav=26.100.0&bitm_messageservice=26.100.0&bitm_signmobile=26.100.0&bitm_bizproc=26.700.0&bitm_statistic=26.0.0&bitm_landing=26.600.0&bitm_catalog=26.300.0&bitm_mobile=26.600.0&bitm_vote=26.200.0&bitm_booking=26.300.0&bitm_diskmobile=26.100.0&bitm_voximplant=26.500.0&bitm_imconnector=26.200.100&bitm_documentgenerator=26.100.0&bitm_bizprocdesigner=26.300.0&bitm_recyclebin=26.0.0&bitm_socialnetwork=26.0.0&bitm_translate=26.0.0&bitm_mailmobile=26.300.0&bitm_sign=26.400.100&bitm_controller=26.0.0&bitm_perfmon=25.300.0&bitm_blog=26.500.100&bitm_ldap=26.0.0&bitm_salescenter=26.0.0&bitm_b24connector=26.0.0&bitm_report=26.100.0&bitm_rest=26.400.200&bitm_baas=26.200.200&bitm_idea=25.0.0&bitm_meeting=26.0.0&bitm_webdav=23.200.0&bitm_xmpp=21.0.0&bitm_cluster=26.0.0&bitm_note=25.0.0&bitl_en=&bitl_ru=&SUPD_OFC=Portal%3AF%3A%2CCommunications%3AF%3A%2CEnterprise%3AF%3A&SUPD_SRS=RU&SUPD_CMP=N&SALE_15=Y&LICENSE_SIGNED=%7Enew_license24_400_sign-Y
2026-08-10 09:18:39 -  - exec CUpdateClient::GetHTTPPage
2026-08-10 09:18:39 -  - TIME LoadModulesUpdates(request) 0.17 sec
2026-08-10 09:18:39 -  - exec CUpdateClient::ParseServerData
2026-08-10 09:18:39 - S - STEP
2026-08-10 09:18:39 - LMU01 - LoadModulesUpdates-Step
2026-08-10 09:18:39 -  - exec CUpdateClient::LoadModulesUpdates
2026-08-10 09:18:39 -  - exec CUpdateClient::ParseServerData
2026-08-10 09:18:39 -  - loadFile
2026-08-10 09:18:40 - U - RETURN
2026-08-10 09:18:40 -  - exec CUpdateClient::UnGzipArchive
2026-08-10 09:18:40 -  - TIME UnGzipArchive 0.004 sec
2026-08-10 09:18:40 - CSURUS1 - Run updater '/bitrix/updates/update_m1786353520/mobile/updater26.700.0.php'
2026-08-10 09:18:40 - CSURUS1 - Run updater '/bitrix/updates/update_m1786353520/mobile/updater26.700.0.php'
2026-08-10 09:18:40 - CRUPDCF1 - Run updater '/bitrix/updates/update_m1786353520/mobile/updater26.700.0.php': CopyFiles(install/mobileapp, mobileapp)
2026-08-10 09:18:40 -  - TIME UpdateStepModules 0.019 sec
2026-08-10 09:18:40 - UPD_SUCCESS - Updated: mobile (26.700.0)<br><li>Улучшена совместимость с AI-инструментами. <li>Исправлены ошибки и повышена стабильность работы приложения. 
2026-08-10 09:18:40 -  - exec CUpdateClient::LoadModulesUpdates
2026-08-10 09:18:40 -  - exec CUpdateClient::CollectRequestData
2026-08-10 09:18:40 -  - LICENSE_KEY=X&lang=ru&SUPD_VER=26.500.0&VERSION=26.650.100&TYPENC=E&SUPD_STS=1&SUPD_URS=1&SUPD_DBS=MYSQL&XE=N&CLIENT_SITE=bx.local&SERVER_NAME=192.168.1.129&CHHB=bx.local%3A443&CSAB=127.0.0.1&SUID=f7vg30ov0a7vr9lgyzcmsjo8apnwonjb&CANGZIP=Y&CLIENT_PHPVER=8.2.30&stable=Y&mbfo=0&NGINX=Y&SMD=N&rerere=Y&bitm_main=26.650.100&bitm_bizprocmobile=26.100.0&bitm_bitrixcloud=25.100.0&bitm_im=26.600.0&bitm_imconnectormobile=25.100.0&bitm_mail=26.600.100&bitm_sale=26.400.0&bitm_forum=26.100.0&bitm_support=26.0.0&bitm_learning=25.0.0&bitm_listsmobile=25.200.0&bitm_catalogmobile=26.100.0&bitm_rpa=26.0.0&bitm_abtest=26.0.0&bitm_humanresources=26.400.0&bitm_conversion=25.0.0&bitm_tasksmobile=26.300.0&bitm_crmmobile=26.200.0&bitm_pull=25.400.0&bitm_ui=26.500.0&bitm_biconnector=26.500.0&bitm_immobile=26.600.0&bitm_webservice=26.0.0&bitm_tasks=26.300.0&bitm_intranetmobile=26.600.0&bitm_currency=26.0.0&bitm_timeman=25.800.0&bitm_calendarmobile=26.400.0&bitm_seo=26.0.0&bitm_fileman=26.0.0&bitm_callmobile=26.350.0&bitm_imbot=26.200.0&bitm_socialservices=26.400.0&bitm_highloadblock=25.100.0&bitm_wiki=26.0.0&bitm_search=25.200.0&bitm_subscribe=25.0.0&bitm_workflow=26.0.0&bitm_iblock=26.0.0&bitm_advertising=24.200.0&bitm_crm=26.500.100&bitm_form=26.0.0&bitm_transformer=25.400.0&bitm_sender=26.200.0&bitm_lists=26.100.0&bitm_clouds=26.0.0&bitm_mobileapp=25.100.0&bitm_storeassist=24.0.0&bitm_xdimport=25.0.0&bitm_intranet=26.750.0&bitm_disk=26.500.100&bitm_calendar=26.0.0&bitm_market=26.0.100&bitm_location=26.100.100&bitm_call=26.350.0&bitm_imopenlines=26.400.0&bitm_photogallery=25.100.0&bitm_extranet=26.200.0&bitm_security=26.200.0&bitm_ai=26.700.0&bitm_dav=26.100.0&bitm_messageservice=26.100.0&bitm_signmobile=26.100.0&bitm_bizproc=26.700.0&bitm_statistic=26.0.0&bitm_landing=26.600.0&bitm_catalog=26.300.0&bitm_mobile=26.700.0&bitm_vote=26.200.0&bitm_booking=26.300.0&bitm_diskmobile=26.100.0&bitm_voximplant=26.500.0&bitm_imconnector=26.200.100&bitm_documentgenerator=26.100.0&bitm_bizprocdesigner=26.300.0&bitm_recyclebin=26.0.0&bitm_socialnetwork=26.0.0&bitm_translate=26.0.0&bitm_mailmobile=26.300.0&bitm_sign=26.400.100&bitm_controller=26.0.0&bitm_perfmon=25.300.0&bitm_blog=26.500.100&bitm_ldap=26.0.0&bitm_salescenter=26.0.0&bitm_b24connector=26.0.0&bitm_report=26.100.0&bitm_rest=26.400.200&bitm_baas=26.200.200&bitm_idea=25.0.0&bitm_meeting=26.0.0&bitm_webdav=23.200.0&bitm_xmpp=21.0.0&bitm_cluster=26.0.0&bitm_note=25.0.0&bitl_en=&bitl_ru=&SUPD_OFC=Portal%3AF%3A%2CCommunications%3AF%3A%2CEnterprise%3AF%3A&SUPD_SRS=RU&SUPD_CMP=N&SALE_15=Y&LICENSE_SIGNED=%7Enew_license24_400_sign-Y
2026-08-10 09:18:40 -  - exec CUpdateClient::GetHTTPPage
2026-08-10 09:18:40 -  - TIME LoadModulesUpdates(request) 0.156 sec
2026-08-10 09:18:40 -  - exec CUpdateClient::ParseServerData
2026-08-10 09:18:40 - S - STEP
2026-08-10 09:18:40 - LMU01 - LoadModulesUpdates-Step
2026-08-10 09:18:40 -  - exec CUpdateClient::LoadModulesUpdates
2026-08-10 09:18:40 -  - exec CUpdateClient::ParseServerData
2026-08-10 09:18:40 -  - loadFile
2026-08-10 09:18:41 - U - RETURN
2026-08-10 09:18:41 -  - exec CUpdateClient::UnGzipArchive
2026-08-10 09:18:41 -  - TIME UnGzipArchive 0.005 sec
2026-08-10 09:18:41 - CSURUS1 - Run updater '/bitrix/updates/update_m1786353521/mobile/updater26.700.100.php'
2026-08-10 09:18:41 - CSURUS1 - Run updater '/bitrix/updates/update_m1786353521/mobile/updater26.700.100.php'
2026-08-10 09:18:41 - CRUPDCF1 - Run updater '/bitrix/updates/update_m1786353521/mobile/updater26.700.100.php': CopyFiles(install/mobileapp, mobileapp)
2026-08-10 09:18:41 - CRUPDCF1 - Run updater '/bitrix/updates/update_m1786353521/mobile/updater26.700.100.php': CopyFiles(install/images, images)
2026-08-10 09:18:41 -  - TIME UpdateStepModules 0.027 sec
2026-08-10 09:18:41 - UPD_SUCCESS - Updated: mobile (26.700.100)<br><li>Добавлен мобильный каталог вайбкод-приложений. 
2026-08-10 09:18:41 -  - exec CUpdateClient::LoadModulesUpdates
2026-08-10 09:18:41 -  - exec CUpdateClient::CollectRequestData
2026-08-10 09:18:41 -  - LICENSE_KEY=X&lang=ru&SUPD_VER=26.500.0&VERSION=26.650.100&TYPENC=E&SUPD_STS=1&SUPD_URS=1&SUPD_DBS=MYSQL&XE=N&CLIENT_SITE=bx.local&SERVER_NAME=192.168.1.129&CHHB=bx.local%3A443&CSAB=127.0.0.1&SUID=f7vg30ov0a7vr9lgyzcmsjo8apnwonjb&CANGZIP=Y&CLIENT_PHPVER=8.2.30&stable=Y&mbfo=0&NGINX=Y&SMD=N&rerere=Y&bitm_main=26.650.100&bitm_bizprocmobile=26.100.0&bitm_bitrixcloud=25.100.0&bitm_im=26.600.0&bitm_imconnectormobile=25.100.0&bitm_mail=26.600.100&bitm_sale=26.400.0&bitm_forum=26.100.0&bitm_support=26.0.0&bitm_learning=25.0.0&bitm_listsmobile=25.200.0&bitm_catalogmobile=26.100.0&bitm_rpa=26.0.0&bitm_abtest=26.0.0&bitm_humanresources=26.400.0&bitm_conversion=25.0.0&bitm_tasksmobile=26.300.0&bitm_crmmobile=26.200.0&bitm_pull=25.400.0&bitm_ui=26.500.0&bitm_biconnector=26.500.0&bitm_immobile=26.600.0&bitm_webservice=26.0.0&bitm_tasks=26.300.0&bitm_intranetmobile=26.600.0&bitm_currency=26.0.0&bitm_timeman=25.800.0&bitm_calendarmobile=26.400.0&bitm_seo=26.0.0&bitm_fileman=26.0.0&bitm_callmobile=26.350.0&bitm_imbot=26.200.0&bitm_socialservices=26.400.0&bitm_highloadblock=25.100.0&bitm_wiki=26.0.0&bitm_search=25.200.0&bitm_subscribe=25.0.0&bitm_workflow=26.0.0&bitm_iblock=26.0.0&bitm_advertising=24.200.0&bitm_crm=26.500.100&bitm_form=26.0.0&bitm_transformer=25.400.0&bitm_sender=26.200.0&bitm_lists=26.100.0&bitm_clouds=26.0.0&bitm_mobileapp=25.100.0&bitm_storeassist=24.0.0&bitm_xdimport=25.0.0&bitm_intranet=26.750.0&bitm_disk=26.500.100&bitm_calendar=26.0.0&bitm_market=26.0.100&bitm_location=26.100.100&bitm_call=26.350.0&bitm_imopenlines=26.400.0&bitm_photogallery=25.100.0&bitm_extranet=26.200.0&bitm_security=26.200.0&bitm_ai=26.700.0&bitm_dav=26.100.0&bitm_messageservice=26.100.0&bitm_signmobile=26.100.0&bitm_bizproc=26.700.0&bitm_statistic=26.0.0&bitm_landing=26.600.0&bitm_catalog=26.300.0&bitm_mobile=26.700.100&bitm_vote=26.200.0&bitm_booking=26.300.0&bitm_diskmobile=26.100.0&bitm_voximplant=26.500.0&bitm_imconnector=26.200.100&bitm_documentgenerator=26.100.0&bitm_bizprocdesigner=26.300.0&bitm_recyclebin=26.0.0&bitm_socialnetwork=26.0.0&bitm_translate=26.0.0&bitm_mailmobile=26.300.0&bitm_sign=26.400.100&bitm_controller=26.0.0&bitm_perfmon=25.300.0&bitm_blog=26.500.100&bitm_ldap=26.0.0&bitm_salescenter=26.0.0&bitm_b24connector=26.0.0&bitm_report=26.100.0&bitm_rest=26.400.200&bitm_baas=26.200.200&bitm_idea=25.0.0&bitm_meeting=26.0.0&bitm_webdav=23.200.0&bitm_xmpp=21.0.0&bitm_cluster=26.0.0&bitm_note=25.0.0&bitl_en=&bitl_ru=&SUPD_OFC=Portal%3AF%3A%2CCommunications%3AF%3A%2CEnterprise%3AF%3A&SUPD_SRS=RU&SUPD_CMP=N&SALE_15=Y&LICENSE_SIGNED=%7Enew_license24_400_sign-Y
2026-08-10 09:18:41 -  - exec CUpdateClient::GetHTTPPage
2026-08-10 09:18:41 -  - TIME LoadModulesUpdates(request) 0.154 sec
2026-08-10 09:18:41 -  - exec CUpdateClient::ParseServerData
2026-08-10 09:18:41 - S - STEP
2026-08-10 09:18:41 - LMU01 - LoadModulesUpdates-Step
2026-08-10 09:18:41 -  - exec CUpdateClient::LoadModulesUpdates
2026-08-10 09:18:41 -  - exec CUpdateClient::ParseServerData
2026-08-10 09:18:41 -  - loadFile
2026-08-10 09:18:42 - U - RETURN
2026-08-10 09:18:42 -  - exec CUpdateClient::UnGzipArchive
2026-08-10 09:18:42 -  - TIME UnGzipArchive 0.033 sec
2026-08-10 09:18:42 - CSURUS1 - Run updater '/bitrix/updates/update_m1786353522/disk/updater26.600.0.php'
2026-08-10 09:18:42 - CSURUS1 - Run updater '/bitrix/updates/update_m1786353522/disk/updater26.600.0.php'
2026-08-10 09:18:42 - CRUPDCF1 - Run updater '/bitrix/updates/update_m1786353522/disk/updater26.600.0.php': CopyFiles(install/components, components)
2026-08-10 09:18:42 - CRUPDCF1 - Run updater '/bitrix/updates/update_m1786353522/disk/updater26.600.0.php': CopyFiles(install/js, js)
2026-08-10 09:18:42 - CRUPDCDF2 - Run updater '/bitrix/updates/update_m1786353522/disk/updater26.600.0.php': Query(
					CREATE TABLE IF NOT EXISTS b_disk_object_options
					(
						ID int(11) not null auto_increment,
						OBJECT_ID int(11) not null,
						NAME varchar(255) not null,
						VALUE TEXT NULL DEFAULT NULL,
						
						PRIMARY KEY (ID),
						
						KEY IX_DISK_OO_OBJECT_ID (OBJECT_ID),
						UNIQUE KEY IX_DISK_OO_OBJECT_ID_NAME (OBJECT_ID, NAME)
					);
					, )
2026-08-10 09:18:42 - CRUPDCDF2 - Run updater '/bitrix/updates/update_m1786353522/disk/updater26.600.0.php': Query(ALTER TABLE b_disk_external_link ADD COLUMN CAN_DOWNLOAD_WITH_READ_ACCESS TINYINT(1) NOT NULL DEFAULT 1, )
2026-08-10 09:18:42 -  - TIME UpdateStepModules 0.363 sec
2026-08-10 09:18:42 - UPD_SUCCESS - Updated: disk (26.600.0)<br><li>Добавлена поддержка универсальной ссылки на все типы файлов.
2026-08-10 09:18:42 -  - exec CUpdateClient::LoadModulesUpdates
2026-08-10 09:18:42 -  - exec CUpdateClient::CollectRequestData
2026-08-10 09:18:42 -  - LICENSE_KEY=X&lang=ru&SUPD_VER=26.500.0&VERSION=26.650.100&TYPENC=E&SUPD_STS=1&SUPD_URS=1&SUPD_DBS=MYSQL&XE=N&CLIENT_SITE=bx.local&SERVER_NAME=192.168.1.129&CHHB=bx.local%3A443&CSAB=127.0.0.1&SUID=f7vg30ov0a7vr9lgyzcmsjo8apnwonjb&CANGZIP=Y&CLIENT_PHPVER=8.2.30&stable=Y&mbfo=0&NGINX=Y&SMD=N&rerere=Y&bitm_main=26.650.100&bitm_bizprocmobile=26.100.0&bitm_bitrixcloud=25.100.0&bitm_im=26.600.0&bitm_imconnectormobile=25.100.0&bitm_mail=26.600.100&bitm_sale=26.400.0&bitm_forum=26.100.0&bitm_support=26.0.0&bitm_learning=25.0.0&bitm_listsmobile=25.200.0&bitm_catalogmobile=26.100.0&bitm_rpa=26.0.0&bitm_abtest=26.0.0&bitm_humanresources=26.400.0&bitm_conversion=25.0.0&bitm_tasksmobile=26.300.0&bitm_crmmobile=26.200.0&bitm_pull=25.400.0&bitm_ui=26.500.0&bitm_biconnector=26.500.0&bitm_immobile=26.600.0&bitm_webservice=26.0.0&bitm_tasks=26.300.0&bitm_intranetmobile=26.600.0&bitm_currency=26.0.0&bitm_timeman=25.800.0&bitm_calendarmobile=26.400.0&bitm_seo=26.0.0&bitm_fileman=26.0.0&bitm_callmobile=26.350.0&bitm_imbot=26.200.0&bitm_socialservices=26.400.0&bitm_highloadblock=25.100.0&bitm_wiki=26.0.0&bitm_search=25.200.0&bitm_subscribe=25.0.0&bitm_workflow=26.0.0&bitm_iblock=26.0.0&bitm_advertising=24.200.0&bitm_crm=26.500.100&bitm_form=26.0.0&bitm_transformer=25.400.0&bitm_sender=26.200.0&bitm_lists=26.100.0&bitm_clouds=26.0.0&bitm_mobileapp=25.100.0&bitm_storeassist=24.0.0&bitm_xdimport=25.0.0&bitm_intranet=26.750.0&bitm_disk=26.600.0&bitm_calendar=26.0.0&bitm_market=26.0.100&bitm_location=26.100.100&bitm_call=26.350.0&bitm_imopenlines=26.400.0&bitm_photogallery=25.100.0&bitm_extranet=26.200.0&bitm_security=26.200.0&bitm_ai=26.700.0&bitm_dav=26.100.0&bitm_messageservice=26.100.0&bitm_signmobile=26.100.0&bitm_bizproc=26.700.0&bitm_statistic=26.0.0&bitm_landing=26.600.0&bitm_catalog=26.300.0&bitm_mobile=26.700.100&bitm_vote=26.200.0&bitm_booking=26.300.0&bitm_diskmobile=26.100.0&bitm_voximplant=26.500.0&bitm_imconnector=26.200.100&bitm_documentgenerator=26.100.0&bitm_bizprocdesigner=26.300.0&bitm_recyclebin=26.0.0&bitm_socialnetwork=26.0.0&bitm_translate=26.0.0&bitm_mailmobile=26.300.0&bitm_sign=26.400.100&bitm_controller=26.0.0&bitm_perfmon=25.300.0&bitm_blog=26.500.100&bitm_ldap=26.0.0&bitm_salescenter=26.0.0&bitm_b24connector=26.0.0&bitm_report=26.100.0&bitm_rest=26.400.200&bitm_baas=26.200.200&bitm_idea=25.0.0&bitm_meeting=26.0.0&bitm_webdav=23.200.0&bitm_xmpp=21.0.0&bitm_cluster=26.0.0&bitm_note=25.0.0&bitl_en=&bitl_ru=&SUPD_OFC=Portal%3AF%3A%2CCommunications%3AF%3A%2CEnterprise%3AF%3A&SUPD_SRS=RU&SUPD_CMP=N&SALE_15=Y&LICENSE_SIGNED=%7Enew_license24_400_sign-Y
2026-08-10 09:18:42 -  - exec CUpdateClient::GetHTTPPage
2026-08-10 09:18:42 -  - TIME LoadModulesUpdates(request) 0.155 sec
2026-08-10 09:18:42 -  - exec CUpdateClient::ParseServerData
2026-08-10 09:18:43 - S - STEP
2026-08-10 09:18:43 - LMU01 - LoadModulesUpdates-Step
2026-08-10 09:18:43 -  - exec CUpdateClient::LoadModulesUpdates
2026-08-10 09:18:43 -  - exec CUpdateClient::ParseServerData
2026-08-10 09:18:43 -  - loadFile
2026-08-10 09:18:43 - U - RETURN
2026-08-10 09:18:43 -  - exec CUpdateClient::UnGzipArchive
2026-08-10 09:18:43 -  - TIME UnGzipArchive 0.007 sec
2026-08-10 09:18:43 - CSURUS1 - Run updater '/bitrix/updates/update_m1786353523/disk/updater26.600.100.php'
2026-08-10 09:18:43 - CSURUS1 - Run updater '/bitrix/updates/update_m1786353523/disk/updater26.600.100.php'
2026-08-10 09:18:43 - CRUPDCF1 - Run updater '/bitrix/updates/update_m1786353523/disk/updater26.600.100.php': CopyFiles(install/components, components)
2026-08-10 09:18:43 - CRUPDCF1 - Run updater '/bitrix/updates/update_m1786353523/disk/updater26.600.100.php': CopyFiles(install/js, js)
2026-08-10 09:18:43 - CRUPDCDF2 - Run updater '/bitrix/updates/update_m1786353523/disk/updater26.600.100.php': Query(DROP INDEX IX_DISK_OO_OBJECT_ID ON b_disk_object_options, )
2026-08-10 09:18:43 -  - TIME UpdateStepModules 0.036 sec
2026-08-10 09:18:43 - UPD_SUCCESS - Updated: disk (26.600.100)<br><li>Убран лишний индекс из базы данных.
2026-08-10 09:18:43 -  - exec CUpdateClient::LoadModulesUpdates
2026-08-10 09:18:43 -  - exec CUpdateClient::CollectRequestData
2026-08-10 09:18:43 -  - LICENSE_KEY=X&lang=ru&SUPD_VER=26.500.0&VERSION=26.650.100&TYPENC=E&SUPD_STS=1&SUPD_URS=1&SUPD_DBS=MYSQL&XE=N&CLIENT_SITE=bx.local&SERVER_NAME=192.168.1.129&CHHB=bx.local%3A443&CSAB=127.0.0.1&SUID=f7vg30ov0a7vr9lgyzcmsjo8apnwonjb&CANGZIP=Y&CLIENT_PHPVER=8.2.30&stable=Y&mbfo=0&NGINX=Y&SMD=N&rerere=Y&bitm_main=26.650.100&bitm_bizprocmobile=26.100.0&bitm_bitrixcloud=25.100.0&bitm_im=26.600.0&bitm_imconnectormobile=25.100.0&bitm_mail=26.600.100&bitm_sale=26.400.0&bitm_forum=26.100.0&bitm_support=26.0.0&bitm_learning=25.0.0&bitm_listsmobile=25.200.0&bitm_catalogmobile=26.100.0&bitm_rpa=26.0.0&bitm_abtest=26.0.0&bitm_humanresources=26.400.0&bitm_conversion=25.0.0&bitm_tasksmobile=26.300.0&bitm_crmmobile=26.200.0&bitm_pull=25.400.0&bitm_ui=26.500.0&bitm_biconnector=26.500.0&bitm_immobile=26.600.0&bitm_webservice=26.0.0&bitm_tasks=26.300.0&bitm_intranetmobile=26.600.0&bitm_currency=26.0.0&bitm_timeman=25.800.0&bitm_calendarmobile=26.400.0&bitm_seo=26.0.0&bitm_fileman=26.0.0&bitm_callmobile=26.350.0&bitm_imbot=26.200.0&bitm_socialservices=26.400.0&bitm_highloadblock=25.100.0&bitm_wiki=26.0.0&bitm_search=25.200.0&bitm_subscribe=25.0.0&bitm_workflow=26.0.0&bitm_iblock=26.0.0&bitm_advertising=24.200.0&bitm_crm=26.500.100&bitm_form=26.0.0&bitm_transformer=25.400.0&bitm_sender=26.200.0&bitm_lists=26.100.0&bitm_clouds=26.0.0&bitm_mobileapp=25.100.0&bitm_storeassist=24.0.0&bitm_xdimport=25.0.0&bitm_intranet=26.750.0&bitm_disk=26.600.100&bitm_calendar=26.0.0&bitm_market=26.0.100&bitm_location=26.100.100&bitm_call=26.350.0&bitm_imopenlines=26.400.0&bitm_photogallery=25.100.0&bitm_extranet=26.200.0&bitm_security=26.200.0&bitm_ai=26.700.0&bitm_dav=26.100.0&bitm_messageservice=26.100.0&bitm_signmobile=26.100.0&bitm_bizproc=26.700.0&bitm_statistic=26.0.0&bitm_landing=26.600.0&bitm_catalog=26.300.0&bitm_mobile=26.700.100&bitm_vote=26.200.0&bitm_booking=26.300.0&bitm_diskmobile=26.100.0&bitm_voximplant=26.500.0&bitm_imconnector=26.200.100&bitm_documentgenerator=26.100.0&bitm_bizprocdesigner=26.300.0&bitm_recyclebin=26.0.0&bitm_socialnetwork=26.0.0&bitm_translate=26.0.0&bitm_mailmobile=26.300.0&bitm_sign=26.400.100&bitm_controller=26.0.0&bitm_perfmon=25.300.0&bitm_blog=26.500.100&bitm_ldap=26.0.0&bitm_salescenter=26.0.0&bitm_b24connector=26.0.0&bitm_report=26.100.0&bitm_rest=26.400.200&bitm_baas=26.200.200&bitm_idea=25.0.0&bitm_meeting=26.0.0&bitm_webdav=23.200.0&bitm_xmpp=21.0.0&bitm_cluster=26.0.0&bitm_note=25.0.0&bitl_en=&bitl_ru=&SUPD_OFC=Portal%3AF%3A%2CCommunications%3AF%3A%2CEnterprise%3AF%3A&SUPD_SRS=RU&SUPD_CMP=N&SALE_15=Y&LICENSE_SIGNED=%7Enew_license24_400_sign-Y
2026-08-10 09:18:43 -  - exec CUpdateClient::GetHTTPPage
2026-08-10 09:18:43 -  - TIME LoadModulesUpdates(request) 0.165 sec
2026-08-10 09:18:43 -  - exec CUpdateClient::ParseServerData
2026-08-10 09:18:44 - S - STEP
2026-08-10 09:18:44 - LMU01 - LoadModulesUpdates-Step
2026-08-10 09:18:44 -  - exec CUpdateClient::LoadModulesUpdates
2026-08-10 09:18:44 -  - exec CUpdateClient::ParseServerData
2026-08-10 09:18:44 -  - loadFile
2026-08-10 09:18:44 - U - RETURN
2026-08-10 09:18:44 -  - exec CUpdateClient::UnGzipArchive
2026-08-10 09:18:44 -  - TIME UnGzipArchive 0.001 sec
2026-08-10 09:18:44 - CSURUS1 - Run updater '/bitrix/updates/update_m1786353524/imbot/updater26.250.0.php'
2026-08-10 09:18:44 - CSURUS1 - Run updater '/bitrix/updates/update_m1786353524/imbot/updater26.250.0.php'
2026-08-10 09:18:44 -  - TIME UpdateStepModules 0.011 sec
2026-08-10 09:18:44 - UPD_SUCCESS - Updated: imbot (26.250.0)<br><li>Улучшена совместимость с будущими версиями чата. 
2026-08-10 09:18:44 -  - exec CUpdateClient::LoadModulesUpdates
2026-08-10 09:18:44 -  - exec CUpdateClient::CollectRequestData
2026-08-10 09:18:44 -  - LICENSE_KEY=X&lang=ru&SUPD_VER=26.500.0&VERSION=26.650.100&TYPENC=E&SUPD_STS=1&SUPD_URS=1&SUPD_DBS=MYSQL&XE=N&CLIENT_SITE=bx.local&SERVER_NAME=192.168.1.129&CHHB=bx.local%3A443&CSAB=127.0.0.1&SUID=f7vg30ov0a7vr9lgyzcmsjo8apnwonjb&CANGZIP=Y&CLIENT_PHPVER=8.2.30&stable=Y&mbfo=0&NGINX=Y&SMD=N&rerere=Y&bitm_main=26.650.100&bitm_bizprocmobile=26.100.0&bitm_bitrixcloud=25.100.0&bitm_im=26.600.0&bitm_imconnectormobile=25.100.0&bitm_mail=26.600.100&bitm_sale=26.400.0&bitm_forum=26.100.0&bitm_support=26.0.0&bitm_learning=25.0.0&bitm_listsmobile=25.200.0&bitm_catalogmobile=26.100.0&bitm_rpa=26.0.0&bitm_abtest=26.0.0&bitm_humanresources=26.400.0&bitm_conversion=25.0.0&bitm_tasksmobile=26.300.0&bitm_crmmobile=26.200.0&bitm_pull=25.400.0&bitm_ui=26.500.0&bitm_biconnector=26.500.0&bitm_immobile=26.600.0&bitm_webservice=26.0.0&bitm_tasks=26.300.0&bitm_intranetmobile=26.600.0&bitm_currency=26.0.0&bitm_timeman=25.800.0&bitm_calendarmobile=26.400.0&bitm_seo=26.0.0&bitm_fileman=26.0.0&bitm_callmobile=26.350.0&bitm_imbot=26.250.0&bitm_socialservices=26.400.0&bitm_highloadblock=25.100.0&bitm_wiki=26.0.0&bitm_search=25.200.0&bitm_subscribe=25.0.0&bitm_workflow=26.0.0&bitm_iblock=26.0.0&bitm_advertising=24.200.0&bitm_crm=26.500.100&bitm_form=26.0.0&bitm_transformer=25.400.0&bitm_sender=26.200.0&bitm_lists=26.100.0&bitm_clouds=26.0.0&bitm_mobileapp=25.100.0&bitm_storeassist=24.0.0&bitm_xdimport=25.0.0&bitm_intranet=26.750.0&bitm_disk=26.600.100&bitm_calendar=26.0.0&bitm_market=26.0.100&bitm_location=26.100.100&bitm_call=26.350.0&bitm_imopenlines=26.400.0&bitm_photogallery=25.100.0&bitm_extranet=26.200.0&bitm_security=26.200.0&bitm_ai=26.700.0&bitm_dav=26.100.0&bitm_messageservice=26.100.0&bitm_signmobile=26.100.0&bitm_bizproc=26.700.0&bitm_statistic=26.0.0&bitm_landing=26.600.0&bitm_catalog=26.300.0&bitm_mobile=26.700.100&bitm_vote=26.200.0&bitm_booking=26.300.0&bitm_diskmobile=26.100.0&bitm_voximplant=26.500.0&bitm_imconnector=26.200.100&bitm_documentgenerator=26.100.0&bitm_bizprocdesigner=26.300.0&bitm_recyclebin=26.0.0&bitm_socialnetwork=26.0.0&bitm_translate=26.0.0&bitm_mailmobile=26.300.0&bitm_sign=26.400.100&bitm_controller=26.0.0&bitm_perfmon=25.300.0&bitm_blog=26.500.100&bitm_ldap=26.0.0&bitm_salescenter=26.0.0&bitm_b24connector=26.0.0&bitm_report=26.100.0&bitm_rest=26.400.200&bitm_baas=26.200.200&bitm_idea=25.0.0&bitm_meeting=26.0.0&bitm_webdav=23.200.0&bitm_xmpp=21.0.0&bitm_cluster=26.0.0&bitm_note=25.0.0&bitl_en=&bitl_ru=&SUPD_OFC=Portal%3AF%3A%2CCommunications%3AF%3A%2CEnterprise%3AF%3A&SUPD_SRS=RU&SUPD_CMP=N&SALE_15=Y&LICENSE_SIGNED=%7Enew_license24_400_sign-Y
2026-08-10 09:18:44 -  - exec CUpdateClient::GetHTTPPage
2026-08-10 09:18:44 -  - TIME LoadModulesUpdates(request) 0.156 sec
2026-08-10 09:18:44 -  - exec CUpdateClient::ParseServerData
2026-08-10 09:18:44 - S - STEP
2026-08-10 09:18:44 - LMU01 - LoadModulesUpdates-Step
2026-08-10 09:18:45 -  - exec CUpdateClient::LoadModulesUpdates
2026-08-10 09:18:45 -  - exec CUpdateClient::ParseServerData
2026-08-10 09:18:45 -  - loadFile
2026-08-10 09:18:45 - U - RETURN
2026-08-10 09:18:45 -  - exec CUpdateClient::UnGzipArchive
2026-08-10 09:18:45 -  - TIME UnGzipArchive 0.031 sec
2026-08-10 09:18:45 - CSURUS1 - Run updater '/bitrix/updates/update_m1786353525/imopenlines/updater26.500.0.php'
2026-08-10 09:18:45 - CSURUS1 - Run updater '/bitrix/updates/update_m1786353525/imopenlines/updater26.500.0.php'
2026-08-10 09:18:45 - CRUPDCF1 - Run updater '/bitrix/updates/update_m1786353525/imopenlines/updater26.500.0.php': CopyFiles(install/js, js)
2026-08-10 09:18:45 - CRUPDCF1 - Run updater '/bitrix/updates/update_m1786353525/imopenlines/updater26.500.0.php': CopyFiles(install/activities, activities)
2026-08-10 09:18:45 - CRUPDCF1 - Run updater '/bitrix/updates/update_m1786353525/imopenlines/updater26.500.0.php': CopyFiles(install/components, components)
2026-08-10 09:18:45 -  - TIME UpdateStepModules 0.144 sec
2026-08-10 09:18:45 - UPD_SUCCESS - Updated: imopenlines (26.500.0)<br><li>Обновился чат для контакт-центра. <li>Добавлен AI-Агент для ответов в открытых линиях. <li>Добавлены закрепы сообщений в чате оператора в новом чате. <li>Реализована отправка ссылки на оплату в виде кнопки в мессенджере Max. <li>Исправлена отправка push-уведомлений при переадресации обращения в линию. <li>Исправлен сценарий «Обработка обращения в нерабочее время». <li>Исправлено подключение чат-бота при первом обращении клиента в мессенджере Max. <li>Исправлена отправка CRM-форм клиенту при работе оператора в скрытом режиме. 
2026-08-10 09:18:45 -  - exec CUpdateClient::LoadModulesUpdates
2026-08-10 09:18:45 -  - exec CUpdateClient::CollectRequestData
2026-08-10 09:18:45 -  - LICENSE_KEY=X&lang=ru&SUPD_VER=26.500.0&VERSION=26.650.100&TYPENC=E&SUPD_STS=1&SUPD_URS=1&SUPD_DBS=MYSQL&XE=N&CLIENT_SITE=bx.local&SERVER_NAME=192.168.1.129&CHHB=bx.local%3A443&CSAB=127.0.0.1&SUID=f7vg30ov0a7vr9lgyzcmsjo8apnwonjb&CANGZIP=Y&CLIENT_PHPVER=8.2.30&stable=Y&mbfo=0&NGINX=Y&SMD=N&rerere=Y&bitm_main=26.650.100&bitm_bizprocmobile=26.100.0&bitm_bitrixcloud=25.100.0&bitm_im=26.600.0&bitm_imconnectormobile=25.100.0&bitm_mail=26.600.100&bitm_sale=26.400.0&bitm_forum=26.100.0&bitm_support=26.0.0&bitm_learning=25.0.0&bitm_listsmobile=25.200.0&bitm_catalogmobile=26.100.0&bitm_rpa=26.0.0&bitm_abtest=26.0.0&bitm_humanresources=26.400.0&bitm_conversion=25.0.0&bitm_tasksmobile=26.300.0&bitm_crmmobile=26.200.0&bitm_pull=25.400.0&bitm_ui=26.500.0&bitm_biconnector=26.500.0&bitm_immobile=26.600.0&bitm_webservice=26.0.0&bitm_tasks=26.300.0&bitm_intranetmobile=26.600.0&bitm_currency=26.0.0&bitm_timeman=25.800.0&bitm_calendarmobile=26.400.0&bitm_seo=26.0.0&bitm_fileman=26.0.0&bitm_callmobile=26.350.0&bitm_imbot=26.250.0&bitm_socialservices=26.400.0&bitm_highloadblock=25.100.0&bitm_wiki=26.0.0&bitm_search=25.200.0&bitm_subscribe=25.0.0&bitm_workflow=26.0.0&bitm_iblock=26.0.0&bitm_advertising=24.200.0&bitm_crm=26.500.100&bitm_form=26.0.0&bitm_transformer=25.400.0&bitm_sender=26.200.0&bitm_lists=26.100.0&bitm_clouds=26.0.0&bitm_mobileapp=25.100.0&bitm_storeassist=24.0.0&bitm_xdimport=25.0.0&bitm_intranet=26.750.0&bitm_disk=26.600.100&bitm_calendar=26.0.0&bitm_market=26.0.100&bitm_location=26.100.100&bitm_call=26.350.0&bitm_imopenlines=26.500.0&bitm_photogallery=25.100.0&bitm_extranet=26.200.0&bitm_security=26.200.0&bitm_ai=26.700.0&bitm_dav=26.100.0&bitm_messageservice=26.100.0&bitm_signmobile=26.100.0&bitm_bizproc=26.700.0&bitm_statistic=26.0.0&bitm_landing=26.600.0&bitm_catalog=26.300.0&bitm_mobile=26.700.100&bitm_vote=26.200.0&bitm_booking=26.300.0&bitm_diskmobile=26.100.0&bitm_voximplant=26.500.0&bitm_imconnector=26.200.100&bitm_documentgenerator=26.100.0&bitm_bizprocdesigner=26.300.0&bitm_recyclebin=26.0.0&bitm_socialnetwork=26.0.0&bitm_translate=26.0.0&bitm_mailmobile=26.300.0&bitm_sign=26.400.100&bitm_controller=26.0.0&bitm_perfmon=25.300.0&bitm_blog=26.500.100&bitm_ldap=26.0.0&bitm_salescenter=26.0.0&bitm_b24connector=26.0.0&bitm_report=26.100.0&bitm_rest=26.400.200&bitm_baas=26.200.200&bitm_idea=25.0.0&bitm_meeting=26.0.0&bitm_webdav=23.200.0&bitm_xmpp=21.0.0&bitm_cluster=26.0.0&bitm_note=25.0.0&bitl_en=&bitl_ru=&SUPD_OFC=Portal%3AF%3A%2CCommunications%3AF%3A%2CEnterprise%3AF%3A&SUPD_SRS=RU&SUPD_CMP=N&SALE_15=Y&LICENSE_SIGNED=%7Enew_license24_400_sign-Y
2026-08-10 09:18:45 -  - exec CUpdateClient::GetHTTPPage
2026-08-10 09:18:46 -  - TIME LoadModulesUpdates(request) 0.166 sec
2026-08-10 09:18:46 -  - exec CUpdateClient::ParseServerData
2026-08-10 09:18:46 - S - STEP
2026-08-10 09:18:46 - LMU01 - LoadModulesUpdates-Step
2026-08-10 09:18:46 -  - exec CUpdateClient::LoadModulesUpdates
2026-08-10 09:18:46 -  - exec CUpdateClient::ParseServerData
2026-08-10 09:18:46 -  - loadFile
2026-08-10 09:18:46 - U - RETURN
2026-08-10 09:18:46 -  - exec CUpdateClient::UnGzipArchive
2026-08-10 09:18:46 -  - TIME UnGzipArchive 0.051 sec
2026-08-10 09:18:46 - CSURUS1 - Run updater '/bitrix/updates/update_m1786353526/immobile/updater26.700.0.php'
2026-08-10 09:18:46 - CSURUS1 - Run updater '/bitrix/updates/update_m1786353526/immobile/updater26.700.0.php'
2026-08-10 09:18:46 - CRUPDCF1 - Run updater '/bitrix/updates/update_m1786353526/immobile/updater26.700.0.php': CopyFiles(install/components, components)
2026-08-10 09:18:46 - CRUPDCF1 - Run updater '/bitrix/updates/update_m1786353526/immobile/updater26.700.0.php': CopyFiles(install/mobileapp, mobileapp)
2026-08-10 09:18:47 -  - TIME UpdateStepModules 0.342 sec
2026-08-10 09:18:47 - UPD_SUCCESS - Updated: immobile (26.700.0)<br><li>Улучшена совместимость с будущими версиями чата. 
2026-08-10 09:18:47 -  - exec CUpdateClient::LoadModulesUpdates
2026-08-10 09:18:47 -  - exec CUpdateClient::CollectRequestData
2026-08-10 09:18:47 -  - LICENSE_KEY=X&lang=ru&SUPD_VER=26.500.0&VERSION=26.650.100&TYPENC=E&SUPD_STS=1&SUPD_URS=1&SUPD_DBS=MYSQL&XE=N&CLIENT_SITE=bx.local&SERVER_NAME=192.168.1.129&CHHB=bx.local%3A443&CSAB=127.0.0.1&SUID=f7vg30ov0a7vr9lgyzcmsjo8apnwonjb&CANGZIP=Y&CLIENT_PHPVER=8.2.30&stable=Y&mbfo=0&NGINX=Y&SMD=N&rerere=Y&bitm_main=26.650.100&bitm_bizprocmobile=26.100.0&bitm_bitrixcloud=25.100.0&bitm_im=26.600.0&bitm_imconnectormobile=25.100.0&bitm_mail=26.600.100&bitm_sale=26.400.0&bitm_forum=26.100.0&bitm_support=26.0.0&bitm_learning=25.0.0&bitm_listsmobile=25.200.0&bitm_catalogmobile=26.100.0&bitm_rpa=26.0.0&bitm_abtest=26.0.0&bitm_humanresources=26.400.0&bitm_conversion=25.0.0&bitm_tasksmobile=26.300.0&bitm_crmmobile=26.200.0&bitm_pull=25.400.0&bitm_ui=26.500.0&bitm_biconnector=26.500.0&bitm_immobile=26.700.0&bitm_webservice=26.0.0&bitm_tasks=26.300.0&bitm_intranetmobile=26.600.0&bitm_currency=26.0.0&bitm_timeman=25.800.0&bitm_calendarmobile=26.400.0&bitm_seo=26.0.0&bitm_fileman=26.0.0&bitm_callmobile=26.350.0&bitm_imbot=26.250.0&bitm_socialservices=26.400.0&bitm_highloadblock=25.100.0&bitm_wiki=26.0.0&bitm_search=25.200.0&bitm_subscribe=25.0.0&bitm_workflow=26.0.0&bitm_iblock=26.0.0&bitm_advertising=24.200.0&bitm_crm=26.500.100&bitm_form=26.0.0&bitm_transformer=25.400.0&bitm_sender=26.200.0&bitm_lists=26.100.0&bitm_clouds=26.0.0&bitm_mobileapp=25.100.0&bitm_storeassist=24.0.0&bitm_xdimport=25.0.0&bitm_intranet=26.750.0&bitm_disk=26.600.100&bitm_calendar=26.0.0&bitm_market=26.0.100&bitm_location=26.100.100&bitm_call=26.350.0&bitm_imopenlines=26.500.0&bitm_photogallery=25.100.0&bitm_extranet=26.200.0&bitm_security=26.200.0&bitm_ai=26.700.0&bitm_dav=26.100.0&bitm_messageservice=26.100.0&bitm_signmobile=26.100.0&bitm_bizproc=26.700.0&bitm_statistic=26.0.0&bitm_landing=26.600.0&bitm_catalog=26.300.0&bitm_mobile=26.700.100&bitm_vote=26.200.0&bitm_booking=26.300.0&bitm_diskmobile=26.100.0&bitm_voximplant=26.500.0&bitm_imconnector=26.200.100&bitm_documentgenerator=26.100.0&bitm_bizprocdesigner=26.300.0&bitm_recyclebin=26.0.0&bitm_socialnetwork=26.0.0&bitm_translate=26.0.0&bitm_mailmobile=26.300.0&bitm_sign=26.400.100&bitm_controller=26.0.0&bitm_perfmon=25.300.0&bitm_blog=26.500.100&bitm_ldap=26.0.0&bitm_salescenter=26.0.0&bitm_b24connector=26.0.0&bitm_report=26.100.0&bitm_rest=26.400.200&bitm_baas=26.200.200&bitm_idea=25.0.0&bitm_meeting=26.0.0&bitm_webdav=23.200.0&bitm_xmpp=21.0.0&bitm_cluster=26.0.0&bitm_note=25.0.0&bitl_en=&bitl_ru=&SUPD_OFC=Portal%3AF%3A%2CCommunications%3AF%3A%2CEnterprise%3AF%3A&SUPD_SRS=RU&SUPD_CMP=N&SALE_15=Y&LICENSE_SIGNED=%7Enew_license24_400_sign-Y
2026-08-10 09:18:47 -  - exec CUpdateClient::GetHTTPPage
2026-08-10 09:18:47 -  - TIME LoadModulesUpdates(request) 0.165 sec
2026-08-10 09:18:47 -  - exec CUpdateClient::ParseServerData
2026-08-10 09:18:47 - S - STEP
2026-08-10 09:18:47 - LMU01 - LoadModulesUpdates-Step
2026-08-10 09:18:48 -  - exec CUpdateClient::LoadModulesUpdates
2026-08-10 09:18:48 -  - exec CUpdateClient::ParseServerData
2026-08-10 09:18:48 -  - loadFile
2026-08-10 09:18:48 - U - RETURN
2026-08-10 09:18:48 -  - exec CUpdateClient::UnGzipArchive
2026-08-10 09:18:48 -  - TIME UnGzipArchive 0.008 sec
2026-08-10 09:18:48 - CSURUS1 - Run updater '/bitrix/updates/update_m1786353528/tasksmobile/updater26.400.0.php'
2026-08-10 09:18:48 - CSURUS1 - Run updater '/bitrix/updates/update_m1786353528/tasksmobile/updater26.400.0.php'
2026-08-10 09:18:48 - CRUPDCF1 - Run updater '/bitrix/updates/update_m1786353528/tasksmobile/updater26.400.0.php': CopyFiles(install/mobileapp, mobileapp)
2026-08-10 09:18:48 -  - TIME UpdateStepModules 0.024 sec
2026-08-10 09:18:48 - UPD_SUCCESS - Updated: tasksmobile (26.400.0)<br><li>Исправлены ошибки и повышена стабильность работы приложения. 
2026-08-10 09:18:48 -  - exec CUpdateClient::LoadModulesUpdates
2026-08-10 09:18:48 -  - exec CUpdateClient::CollectRequestData
2026-08-10 09:18:48 -  - LICENSE_KEY=X&lang=ru&SUPD_VER=26.500.0&VERSION=26.650.100&TYPENC=E&SUPD_STS=1&SUPD_URS=1&SUPD_DBS=MYSQL&XE=N&CLIENT_SITE=bx.local&SERVER_NAME=192.168.1.129&CHHB=bx.local%3A443&CSAB=127.0.0.1&SUID=f7vg30ov0a7vr9lgyzcmsjo8apnwonjb&CANGZIP=Y&CLIENT_PHPVER=8.2.30&stable=Y&mbfo=0&NGINX=Y&SMD=N&rerere=Y&bitm_main=26.650.100&bitm_bizprocmobile=26.100.0&bitm_bitrixcloud=25.100.0&bitm_im=26.600.0&bitm_imconnectormobile=25.100.0&bitm_mail=26.600.100&bitm_sale=26.400.0&bitm_forum=26.100.0&bitm_support=26.0.0&bitm_learning=25.0.0&bitm_listsmobile=25.200.0&bitm_catalogmobile=26.100.0&bitm_rpa=26.0.0&bitm_abtest=26.0.0&bitm_humanresources=26.400.0&bitm_conversion=25.0.0&bitm_tasksmobile=26.400.0&bitm_crmmobile=26.200.0&bitm_pull=25.400.0&bitm_ui=26.500.0&bitm_biconnector=26.500.0&bitm_immobile=26.700.0&bitm_webservice=26.0.0&bitm_tasks=26.300.0&bitm_intranetmobile=26.600.0&bitm_currency=26.0.0&bitm_timeman=25.800.0&bitm_calendarmobile=26.400.0&bitm_seo=26.0.0&bitm_fileman=26.0.0&bitm_callmobile=26.350.0&bitm_imbot=26.250.0&bitm_socialservices=26.400.0&bitm_highloadblock=25.100.0&bitm_wiki=26.0.0&bitm_search=25.200.0&bitm_subscribe=25.0.0&bitm_workflow=26.0.0&bitm_iblock=26.0.0&bitm_advertising=24.200.0&bitm_crm=26.500.100&bitm_form=26.0.0&bitm_transformer=25.400.0&bitm_sender=26.200.0&bitm_lists=26.100.0&bitm_clouds=26.0.0&bitm_mobileapp=25.100.0&bitm_storeassist=24.0.0&bitm_xdimport=25.0.0&bitm_intranet=26.750.0&bitm_disk=26.600.100&bitm_calendar=26.0.0&bitm_market=26.0.100&bitm_location=26.100.100&bitm_call=26.350.0&bitm_imopenlines=26.500.0&bitm_photogallery=25.100.0&bitm_extranet=26.200.0&bitm_security=26.200.0&bitm_ai=26.700.0&bitm_dav=26.100.0&bitm_messageservice=26.100.0&bitm_signmobile=26.100.0&bitm_bizproc=26.700.0&bitm_statistic=26.0.0&bitm_landing=26.600.0&bitm_catalog=26.300.0&bitm_mobile=26.700.100&bitm_vote=26.200.0&bitm_booking=26.300.0&bitm_diskmobile=26.100.0&bitm_voximplant=26.500.0&bitm_imconnector=26.200.100&bitm_documentgenerator=26.100.0&bitm_bizprocdesigner=26.300.0&bitm_recyclebin=26.0.0&bitm_socialnetwork=26.0.0&bitm_translate=26.0.0&bitm_mailmobile=26.300.0&bitm_sign=26.400.100&bitm_controller=26.0.0&bitm_perfmon=25.300.0&bitm_blog=26.500.100&bitm_ldap=26.0.0&bitm_salescenter=26.0.0&bitm_b24connector=26.0.0&bitm_report=26.100.0&bitm_rest=26.400.200&bitm_baas=26.200.200&bitm_idea=25.0.0&bitm_meeting=26.0.0&bitm_webdav=23.200.0&bitm_xmpp=21.0.0&bitm_cluster=26.0.0&bitm_note=25.0.0&bitl_en=&bitl_ru=&SUPD_OFC=Portal%3AF%3A%2CCommunications%3AF%3A%2CEnterprise%3AF%3A&SUPD_SRS=RU&SUPD_CMP=N&SALE_15=Y&LICENSE_SIGNED=%7Enew_license24_400_sign-Y
2026-08-10 09:18:48 -  - exec CUpdateClient::GetHTTPPage
2026-08-10 09:18:48 -  - TIME LoadModulesUpdates(request) 0.17 sec
2026-08-10 09:18:48 -  - exec CUpdateClient::ParseServerData
2026-08-10 09:18:48 - S - STEP
2026-08-10 09:18:48 - LMU01 - LoadModulesUpdates-Step
2026-08-10 09:18:49 -  - exec CUpdateClient::LoadModulesUpdates
2026-08-10 09:18:49 -  - exec CUpdateClient::ParseServerData
2026-08-10 09:18:49 -  - loadFile
2026-08-10 09:18:49 - U - RETURN
2026-08-10 09:18:49 -  - exec CUpdateClient::UnGzipArchive
2026-08-10 09:18:49 -  - TIME UnGzipArchive 0.003 sec
2026-08-10 09:18:49 - CSURUS1 - Run updater '/bitrix/updates/update_m1786353529/tasksmobile/updater26.500.0.php'
2026-08-10 09:18:49 - CSURUS1 - Run updater '/bitrix/updates/update_m1786353529/tasksmobile/updater26.500.0.php'
2026-08-10 09:18:49 - CRUPDCF1 - Run updater '/bitrix/updates/update_m1786353529/tasksmobile/updater26.500.0.php': CopyFiles(install/mobileapp, mobileapp)
2026-08-10 09:18:49 -  - TIME UpdateStepModules 0.015 sec
2026-08-10 09:18:49 - UPD_SUCCESS - Updated: tasksmobile (26.500.0)<br><li>Исправлены ошибки и повышена стабильность работы приложения. 
2026-08-10 09:18:49 -  - exec CUpdateClient::LoadModulesUpdates
2026-08-10 09:18:49 -  - exec CUpdateClient::CollectRequestData
2026-08-10 09:18:49 -  - LICENSE_KEY=X&lang=ru&SUPD_VER=26.500.0&VERSION=26.650.100&TYPENC=E&SUPD_STS=1&SUPD_URS=1&SUPD_DBS=MYSQL&XE=N&CLIENT_SITE=bx.local&SERVER_NAME=192.168.1.129&CHHB=bx.local%3A443&CSAB=127.0.0.1&SUID=f7vg30ov0a7vr9lgyzcmsjo8apnwonjb&CANGZIP=Y&CLIENT_PHPVER=8.2.30&stable=Y&mbfo=0&NGINX=Y&SMD=N&rerere=Y&bitm_main=26.650.100&bitm_bizprocmobile=26.100.0&bitm_bitrixcloud=25.100.0&bitm_im=26.600.0&bitm_imconnectormobile=25.100.0&bitm_mail=26.600.100&bitm_sale=26.400.0&bitm_forum=26.100.0&bitm_support=26.0.0&bitm_learning=25.0.0&bitm_listsmobile=25.200.0&bitm_catalogmobile=26.100.0&bitm_rpa=26.0.0&bitm_abtest=26.0.0&bitm_humanresources=26.400.0&bitm_conversion=25.0.0&bitm_tasksmobile=26.500.0&bitm_crmmobile=26.200.0&bitm_pull=25.400.0&bitm_ui=26.500.0&bitm_biconnector=26.500.0&bitm_immobile=26.700.0&bitm_webservice=26.0.0&bitm_tasks=26.300.0&bitm_intranetmobile=26.600.0&bitm_currency=26.0.0&bitm_timeman=25.800.0&bitm_calendarmobile=26.400.0&bitm_seo=26.0.0&bitm_fileman=26.0.0&bitm_callmobile=26.350.0&bitm_imbot=26.250.0&bitm_socialservices=26.400.0&bitm_highloadblock=25.100.0&bitm_wiki=26.0.0&bitm_search=25.200.0&bitm_subscribe=25.0.0&bitm_workflow=26.0.0&bitm_iblock=26.0.0&bitm_advertising=24.200.0&bitm_crm=26.500.100&bitm_form=26.0.0&bitm_transformer=25.400.0&bitm_sender=26.200.0&bitm_lists=26.100.0&bitm_clouds=26.0.0&bitm_mobileapp=25.100.0&bitm_storeassist=24.0.0&bitm_xdimport=25.0.0&bitm_intranet=26.750.0&bitm_disk=26.600.100&bitm_calendar=26.0.0&bitm_market=26.0.100&bitm_location=26.100.100&bitm_call=26.350.0&bitm_imopenlines=26.500.0&bitm_photogallery=25.100.0&bitm_extranet=26.200.0&bitm_security=26.200.0&bitm_ai=26.700.0&bitm_dav=26.100.0&bitm_messageservice=26.100.0&bitm_signmobile=26.100.0&bitm_bizproc=26.700.0&bitm_statistic=26.0.0&bitm_landing=26.600.0&bitm_catalog=26.300.0&bitm_mobile=26.700.100&bitm_vote=26.200.0&bitm_booking=26.300.0&bitm_diskmobile=26.100.0&bitm_voximplant=26.500.0&bitm_imconnector=26.200.100&bitm_documentgenerator=26.100.0&bitm_bizprocdesigner=26.300.0&bitm_recyclebin=26.0.0&bitm_socialnetwork=26.0.0&bitm_translate=26.0.0&bitm_mailmobile=26.300.0&bitm_sign=26.400.100&bitm_controller=26.0.0&bitm_perfmon=25.300.0&bitm_blog=26.500.100&bitm_ldap=26.0.0&bitm_salescenter=26.0.0&bitm_b24connector=26.0.0&bitm_report=26.100.0&bitm_rest=26.400.200&bitm_baas=26.200.200&bitm_idea=25.0.0&bitm_meeting=26.0.0&bitm_webdav=23.200.0&bitm_xmpp=21.0.0&bitm_cluster=26.0.0&bitm_note=25.0.0&bitl_en=&bitl_ru=&SUPD_OFC=Portal%3AF%3A%2CCommunications%3AF%3A%2CEnterprise%3AF%3A&SUPD_SRS=RU&SUPD_CMP=N&SALE_15=Y&LICENSE_SIGNED=%7Enew_license24_400_sign-Y
2026-08-10 09:18:49 -  - exec CUpdateClient::GetHTTPPage
2026-08-10 09:18:49 -  - TIME LoadModulesUpdates(request) 0.157 sec
2026-08-10 09:18:49 -  - exec CUpdateClient::ParseServerData
2026-08-10 09:18:49 - S - STEP
2026-08-10 09:18:49 - LMU01 - LoadModulesUpdates-Step
2026-08-10 09:18:50 -  - exec CUpdateClient::LoadModulesUpdates
2026-08-10 09:18:50 -  - exec CUpdateClient::ParseServerData
2026-08-10 09:18:50 -  - loadFile
2026-08-10 09:18:50 - U - RETURN
2026-08-10 09:18:50 -  - exec CUpdateClient::UnGzipArchive
2026-08-10 09:18:50 -  - TIME UnGzipArchive 0.001 sec
2026-08-10 09:18:50 -  - TIME UpdateStepModules 0.002 sec
2026-08-10 09:18:50 - UPD_SUCCESS - Updated: call (26.350.100)<br><li>Улучшена работа видеозвонков. 
2026-08-10 09:18:50 -  - exec CUpdateClient::LoadModulesUpdates
2026-08-10 09:18:50 -  - exec CUpdateClient::CollectRequestData
2026-08-10 09:18:50 -  - LICENSE_KEY=X&lang=ru&SUPD_VER=26.500.0&VERSION=26.650.100&TYPENC=E&SUPD_STS=1&SUPD_URS=1&SUPD_DBS=MYSQL&XE=N&CLIENT_SITE=bx.local&SERVER_NAME=192.168.1.129&CHHB=bx.local%3A443&CSAB=127.0.0.1&SUID=f7vg30ov0a7vr9lgyzcmsjo8apnwonjb&CANGZIP=Y&CLIENT_PHPVER=8.2.30&stable=Y&mbfo=0&NGINX=Y&SMD=N&rerere=Y&bitm_main=26.650.100&bitm_bizprocmobile=26.100.0&bitm_bitrixcloud=25.100.0&bitm_im=26.600.0&bitm_imconnectormobile=25.100.0&bitm_mail=26.600.100&bitm_sale=26.400.0&bitm_forum=26.100.0&bitm_support=26.0.0&bitm_learning=25.0.0&bitm_listsmobile=25.200.0&bitm_catalogmobile=26.100.0&bitm_rpa=26.0.0&bitm_abtest=26.0.0&bitm_humanresources=26.400.0&bitm_conversion=25.0.0&bitm_tasksmobile=26.500.0&bitm_crmmobile=26.200.0&bitm_pull=25.400.0&bitm_ui=26.500.0&bitm_biconnector=26.500.0&bitm_immobile=26.700.0&bitm_webservice=26.0.0&bitm_tasks=26.300.0&bitm_intranetmobile=26.600.0&bitm_currency=26.0.0&bitm_timeman=25.800.0&bitm_calendarmobile=26.400.0&bitm_seo=26.0.0&bitm_fileman=26.0.0&bitm_callmobile=26.350.0&bitm_imbot=26.250.0&bitm_socialservices=26.400.0&bitm_highloadblock=25.100.0&bitm_wiki=26.0.0&bitm_search=25.200.0&bitm_subscribe=25.0.0&bitm_workflow=26.0.0&bitm_iblock=26.0.0&bitm_advertising=24.200.0&bitm_crm=26.500.100&bitm_form=26.0.0&bitm_transformer=25.400.0&bitm_sender=26.200.0&bitm_lists=26.100.0&bitm_clouds=26.0.0&bitm_mobileapp=25.100.0&bitm_storeassist=24.0.0&bitm_xdimport=25.0.0&bitm_intranet=26.750.0&bitm_disk=26.600.100&bitm_calendar=26.0.0&bitm_market=26.0.100&bitm_location=26.100.100&bitm_call=26.350.100&bitm_imopenlines=26.500.0&bitm_photogallery=25.100.0&bitm_extranet=26.200.0&bitm_security=26.200.0&bitm_ai=26.700.0&bitm_dav=26.100.0&bitm_messageservice=26.100.0&bitm_signmobile=26.100.0&bitm_bizproc=26.700.0&bitm_statistic=26.0.0&bitm_landing=26.600.0&bitm_catalog=26.300.0&bitm_mobile=26.700.100&bitm_vote=26.200.0&bitm_booking=26.300.0&bitm_diskmobile=26.100.0&bitm_voximplant=26.500.0&bitm_imconnector=26.200.100&bitm_documentgenerator=26.100.0&bitm_bizprocdesigner=26.300.0&bitm_recyclebin=26.0.0&bitm_socialnetwork=26.0.0&bitm_translate=26.0.0&bitm_mailmobile=26.300.0&bitm_sign=26.400.100&bitm_controller=26.0.0&bitm_perfmon=25.300.0&bitm_blog=26.500.100&bitm_ldap=26.0.0&bitm_salescenter=26.0.0&bitm_b24connector=26.0.0&bitm_report=26.100.0&bitm_rest=26.400.200&bitm_baas=26.200.200&bitm_idea=25.0.0&bitm_meeting=26.0.0&bitm_webdav=23.200.0&bitm_xmpp=21.0.0&bitm_cluster=26.0.0&bitm_note=25.0.0&bitl_en=&bitl_ru=&SUPD_OFC=Portal%3AF%3A%2CCommunications%3AF%3A%2CEnterprise%3AF%3A&SUPD_SRS=RU&SUPD_CMP=N&SALE_15=Y&LICENSE_SIGNED=%7Enew_license24_400_sign-Y
2026-08-10 09:18:50 -  - exec CUpdateClient::GetHTTPPage
2026-08-10 09:18:50 -  - TIME LoadModulesUpdates(request) 0.154 sec
2026-08-10 09:18:50 -  - exec CUpdateClient::ParseServerData
2026-08-10 09:18:50 - S - STEP
2026-08-10 09:18:50 - LMU01 - LoadModulesUpdates-Step
2026-08-10 09:18:51 -  - exec CUpdateClient::LoadModulesUpdates
2026-08-10 09:18:51 -  - exec CUpdateClient::ParseServerData
2026-08-10 09:18:51 -  - loadFile
2026-08-10 09:18:51 - U - RETURN
2026-08-10 09:18:51 -  - exec CUpdateClient::UnGzipArchive
2026-08-10 09:18:51 -  - TIME UnGzipArchive 0.095 sec
2026-08-10 09:18:51 - CSURUS1 - Run updater '/bitrix/updates/update_m1786353531/call/updater26.400.0.php'
2026-08-10 09:18:51 - CSURUS1 - Run updater '/bitrix/updates/update_m1786353531/call/updater26.400.0.php'
2026-08-10 09:18:51 - CRUPDCF1 - Run updater '/bitrix/updates/update_m1786353531/call/updater26.400.0.php': CopyFiles(install/activities, activities)
2026-08-10 09:18:51 - CRUPDCF1 - Run updater '/bitrix/updates/update_m1786353531/call/updater26.400.0.php': CopyFiles(install/components, components)
2026-08-10 09:18:51 - CRUPDCF1 - Run updater '/bitrix/updates/update_m1786353531/call/updater26.400.0.php': CopyFiles(install/js, js)
2026-08-10 09:18:51 -  - TIME UpdateStepModules 0.372 sec
2026-08-10 09:18:51 - UPD_SUCCESS - Updated: call (26.400.0)<br><li>Исправлена ошибка, когда при звонке 1 на 1 из-за отсутствия доступа к микрофону первый пользователь не мог попасть в звонок, но второму участнику вызов проходил. <li>Исправлена ошибка, когда не отрабатывает анализ BitrixGPT Follow-Up при повторе, после включения демо-режима Маркета. <li>Исправлена ошибка с показом карточки звонка при переходе из звонка 1 на 1 в групповой. <li>Исправлена ошибка, когда при отсутствии камеры на устройстве в звонках 1 на 1 или групповых автоматически включался микрофон. <li>Исправлена ошибка, когда звонок 1 на 1 между двумя пользователями завис в БД, то они не смогут созвониться. <li>Исправлена ошибка, когда на MacOS не работает автооткрытие PiP при смене фокуса в Desktop-приложении. <li>Исправлена ошибка, когда в Firefox собеседника слышно только в одном наушнике. <li>Исправлена ошибка, когда зависает плашка уведомления о говорящем участнике после реконнекта. <li>Исправлена ошибка с отображениями имён пользователей в BitrixGPT Follow-Up.
2026-08-10 09:18:52 -  - exec CUpdateClient::LoadModulesUpdates
2026-08-10 09:18:52 -  - exec CUpdateClient::CollectRequestData
2026-08-10 09:18:52 -  - LICENSE_KEY=X&lang=ru&SUPD_VER=26.500.0&VERSION=26.650.100&TYPENC=E&SUPD_STS=1&SUPD_URS=1&SUPD_DBS=MYSQL&XE=N&CLIENT_SITE=bx.local&SERVER_NAME=192.168.1.129&CHHB=bx.local%3A443&CSAB=127.0.0.1&SUID=f7vg30ov0a7vr9lgyzcmsjo8apnwonjb&CANGZIP=Y&CLIENT_PHPVER=8.2.30&stable=Y&mbfo=0&NGINX=Y&SMD=N&rerere=Y&bitm_main=26.650.100&bitm_bizprocmobile=26.100.0&bitm_bitrixcloud=25.100.0&bitm_im=26.600.0&bitm_imconnectormobile=25.100.0&bitm_mail=26.600.100&bitm_sale=26.400.0&bitm_forum=26.100.0&bitm_support=26.0.0&bitm_learning=25.0.0&bitm_listsmobile=25.200.0&bitm_catalogmobile=26.100.0&bitm_rpa=26.0.0&bitm_abtest=26.0.0&bitm_humanresources=26.400.0&bitm_conversion=25.0.0&bitm_tasksmobile=26.500.0&bitm_crmmobile=26.200.0&bitm_pull=25.400.0&bitm_ui=26.500.0&bitm_biconnector=26.500.0&bitm_immobile=26.700.0&bitm_webservice=26.0.0&bitm_tasks=26.300.0&bitm_intranetmobile=26.600.0&bitm_currency=26.0.0&bitm_timeman=25.800.0&bitm_calendarmobile=26.400.0&bitm_seo=26.0.0&bitm_fileman=26.0.0&bitm_callmobile=26.350.0&bitm_imbot=26.250.0&bitm_socialservices=26.400.0&bitm_highloadblock=25.100.0&bitm_wiki=26.0.0&bitm_search=25.200.0&bitm_subscribe=25.0.0&bitm_workflow=26.0.0&bitm_iblock=26.0.0&bitm_advertising=24.200.0&bitm_crm=26.500.100&bitm_form=26.0.0&bitm_transformer=25.400.0&bitm_sender=26.200.0&bitm_lists=26.100.0&bitm_clouds=26.0.0&bitm_mobileapp=25.100.0&bitm_storeassist=24.0.0&bitm_xdimport=25.0.0&bitm_intranet=26.750.0&bitm_disk=26.600.100&bitm_calendar=26.0.0&bitm_market=26.0.100&bitm_location=26.100.100&bitm_call=26.400.0&bitm_imopenlines=26.500.0&bitm_photogallery=25.100.0&bitm_extranet=26.200.0&bitm_security=26.200.0&bitm_ai=26.700.0&bitm_dav=26.100.0&bitm_messageservice=26.100.0&bitm_signmobile=26.100.0&bitm_bizproc=26.700.0&bitm_statistic=26.0.0&bitm_landing=26.600.0&bitm_catalog=26.300.0&bitm_mobile=26.700.100&bitm_vote=26.200.0&bitm_booking=26.300.0&bitm_diskmobile=26.100.0&bitm_voximplant=26.500.0&bitm_imconnector=26.200.100&bitm_documentgenerator=26.100.0&bitm_bizprocdesigner=26.300.0&bitm_recyclebin=26.0.0&bitm_socialnetwork=26.0.0&bitm_translate=26.0.0&bitm_mailmobile=26.300.0&bitm_sign=26.400.100&bitm_controller=26.0.0&bitm_perfmon=25.300.0&bitm_blog=26.500.100&bitm_ldap=26.0.0&bitm_salescenter=26.0.0&bitm_b24connector=26.0.0&bitm_report=26.100.0&bitm_rest=26.400.200&bitm_baas=26.200.200&bitm_idea=25.0.0&bitm_meeting=26.0.0&bitm_webdav=23.200.0&bitm_xmpp=21.0.0&bitm_cluster=26.0.0&bitm_note=25.0.0&bitl_en=&bitl_ru=&SUPD_OFC=Portal%3AF%3A%2CCommunications%3AF%3A%2CEnterprise%3AF%3A&SUPD_SRS=RU&SUPD_CMP=N&SALE_15=Y&LICENSE_SIGNED=%7Enew_license24_400_sign-Y
2026-08-10 09:18:52 -  - exec CUpdateClient::GetHTTPPage
2026-08-10 09:18:52 -  - TIME LoadModulesUpdates(request) 0.149 sec
2026-08-10 09:18:52 -  - exec CUpdateClient::ParseServerData
2026-08-10 09:18:52 - S - STEP
2026-08-10 09:18:52 - LMU01 - LoadModulesUpdates-Step
2026-08-10 09:18:52 -  - exec CUpdateClient::LoadModulesUpdates
2026-08-10 09:18:52 -  - exec CUpdateClient::ParseServerData
2026-08-10 09:18:52 -  - loadFile
2026-08-10 09:18:53 - U - RETURN
2026-08-10 09:18:53 -  - exec CUpdateClient::UnGzipArchive
2026-08-10 09:18:53 -  - TIME UnGzipArchive 0.012 sec
2026-08-10 09:18:53 - CSURUS1 - Run updater '/bitrix/updates/update_m1786353533/callmobile/updater26.400.0.php'
2026-08-10 09:18:53 - CSURUS1 - Run updater '/bitrix/updates/update_m1786353533/callmobile/updater26.400.0.php'
2026-08-10 09:18:53 - CRUPDCF1 - Run updater '/bitrix/updates/update_m1786353533/callmobile/updater26.400.0.php': CopyFiles(install/mobileapp, mobileapp)
2026-08-10 09:18:53 -  - TIME UpdateStepModules 0.063 sec
2026-08-10 09:18:53 - UPD_SUCCESS - Updated: callmobile (26.400.0)<br><li>Добавлена поддержка личных оценок BitrixGPT Follow-Up. <li>Полноэкранное уведомление о входящем групповом звонке автоматически скрывается после 30 секунд ожидания. <li>При старте видеозвонка по умолчанию установлен тип вывода звука «Динамик». <li>Исключена возможность создания группового звонка без выбора собеседника. <li>Сообщения об ошибках на английском языке заменены на локализованные всплывающие уведомления. <li>Исправлены название и цвет чата группового звонка, начатого из списка звонков. <li>Скорректированы уведомления об отключении камеры и микрофона с учётом пола пользователя. <li>Устранены ошибки отображения имени пользователя в уведомлениях, добавлено ограничение длины сообщения. <li>Исправлено отображение кнопок микрофона и динамика на экране исходящего звонка (iOS). <li>Скорректирован подсчёт участников группового звонка при частичном отклонении вызова. 
2026-08-10 09:18:53 -  - exec CUpdateClient::LoadModulesUpdates
2026-08-10 09:18:53 -  - exec CUpdateClient::CollectRequestData
2026-08-10 09:18:53 -  - LICENSE_KEY=X&lang=ru&SUPD_VER=26.500.0&VERSION=26.650.100&TYPENC=E&SUPD_STS=1&SUPD_URS=1&SUPD_DBS=MYSQL&XE=N&CLIENT_SITE=bx.local&SERVER_NAME=192.168.1.129&CHHB=bx.local%3A443&CSAB=127.0.0.1&SUID=f7vg30ov0a7vr9lgyzcmsjo8apnwonjb&CANGZIP=Y&CLIENT_PHPVER=8.2.30&stable=Y&mbfo=0&NGINX=Y&SMD=N&rerere=Y&bitm_main=26.650.100&bitm_bizprocmobile=26.100.0&bitm_bitrixcloud=25.100.0&bitm_im=26.600.0&bitm_imconnectormobile=25.100.0&bitm_mail=26.600.100&bitm_sale=26.400.0&bitm_forum=26.100.0&bitm_support=26.0.0&bitm_learning=25.0.0&bitm_listsmobile=25.200.0&bitm_catalogmobile=26.100.0&bitm_rpa=26.0.0&bitm_abtest=26.0.0&bitm_humanresources=26.400.0&bitm_conversion=25.0.0&bitm_tasksmobile=26.500.0&bitm_crmmobile=26.200.0&bitm_pull=25.400.0&bitm_ui=26.500.0&bitm_biconnector=26.500.0&bitm_immobile=26.700.0&bitm_webservice=26.0.0&bitm_tasks=26.300.0&bitm_intranetmobile=26.600.0&bitm_currency=26.0.0&bitm_timeman=25.800.0&bitm_calendarmobile=26.400.0&bitm_seo=26.0.0&bitm_fileman=26.0.0&bitm_callmobile=26.400.0&bitm_imbot=26.250.0&bitm_socialservices=26.400.0&bitm_highloadblock=25.100.0&bitm_wiki=26.0.0&bitm_search=25.200.0&bitm_subscribe=25.0.0&bitm_workflow=26.0.0&bitm_iblock=26.0.0&bitm_advertising=24.200.0&bitm_crm=26.500.100&bitm_form=26.0.0&bitm_transformer=25.400.0&bitm_sender=26.200.0&bitm_lists=26.100.0&bitm_clouds=26.0.0&bitm_mobileapp=25.100.0&bitm_storeassist=24.0.0&bitm_xdimport=25.0.0&bitm_intranet=26.750.0&bitm_disk=26.600.100&bitm_calendar=26.0.0&bitm_market=26.0.100&bitm_location=26.100.100&bitm_call=26.400.0&bitm_imopenlines=26.500.0&bitm_photogallery=25.100.0&bitm_extranet=26.200.0&bitm_security=26.200.0&bitm_ai=26.700.0&bitm_dav=26.100.0&bitm_messageservice=26.100.0&bitm_signmobile=26.100.0&bitm_bizproc=26.700.0&bitm_statistic=26.0.0&bitm_landing=26.600.0&bitm_catalog=26.300.0&bitm_mobile=26.700.100&bitm_vote=26.200.0&bitm_booking=26.300.0&bitm_diskmobile=26.100.0&bitm_voximplant=26.500.0&bitm_imconnector=26.200.100&bitm_documentgenerator=26.100.0&bitm_bizprocdesigner=26.300.0&bitm_recyclebin=26.0.0&bitm_socialnetwork=26.0.0&bitm_translate=26.0.0&bitm_mailmobile=26.300.0&bitm_sign=26.400.100&bitm_controller=26.0.0&bitm_perfmon=25.300.0&bitm_blog=26.500.100&bitm_ldap=26.0.0&bitm_salescenter=26.0.0&bitm_b24connector=26.0.0&bitm_report=26.100.0&bitm_rest=26.400.200&bitm_baas=26.200.200&bitm_idea=25.0.0&bitm_meeting=26.0.0&bitm_webdav=23.200.0&bitm_xmpp=21.0.0&bitm_cluster=26.0.0&bitm_note=25.0.0&bitl_en=&bitl_ru=&SUPD_OFC=Portal%3AF%3A%2CCommunications%3AF%3A%2CEnterprise%3AF%3A&SUPD_SRS=RU&SUPD_CMP=N&SALE_15=Y&LICENSE_SIGNED=%7Enew_license24_400_sign-Y
2026-08-10 09:18:53 -  - exec CUpdateClient::GetHTTPPage
2026-08-10 09:18:53 -  - TIME LoadModulesUpdates(request) 0.164 sec
2026-08-10 09:18:53 -  - exec CUpdateClient::ParseServerData
2026-08-10 09:18:53 - S - STEP
2026-08-10 09:18:53 - LMU01 - LoadModulesUpdates-Step
2026-08-10 09:18:53 -  - exec CUpdateClient::LoadModulesUpdates
2026-08-10 09:18:53 -  - exec CUpdateClient::ParseServerData
2026-08-10 09:18:53 -  - loadFile
2026-08-10 09:18:54 - U - RETURN
2026-08-10 09:18:54 -  - exec CUpdateClient::UnGzipArchive
2026-08-10 09:18:54 -  - TIME UnGzipArchive 0.002 sec
2026-08-10 09:18:54 - CSURUS1 - Run updater '/bitrix/updates/update_m1786353534/diskmobile/updater26.200.0.php'
2026-08-10 09:18:54 - CSURUS1 - Run updater '/bitrix/updates/update_m1786353534/diskmobile/updater26.200.0.php'
2026-08-10 09:18:54 - CRUPDCF1 - Run updater '/bitrix/updates/update_m1786353534/diskmobile/updater26.200.0.php': CopyFiles(install/mobileapp, mobileapp)
2026-08-10 09:18:54 -  - TIME UpdateStepModules 0.01 sec
2026-08-10 09:18:54 - UPD_SUCCESS - Updated: diskmobile (26.200.0)<br><li>Добавлена поддержка универсальной ссылки на все типы файлов.
2026-08-10 09:18:54 -  - exec CUpdateClient::LoadModulesUpdates
2026-08-10 09:18:54 -  - exec CUpdateClient::CollectRequestData
2026-08-10 09:18:54 -  - LICENSE_KEY=X&lang=ru&SUPD_VER=26.500.0&VERSION=26.650.100&TYPENC=E&SUPD_STS=1&SUPD_URS=1&SUPD_DBS=MYSQL&XE=N&CLIENT_SITE=bx.local&SERVER_NAME=192.168.1.129&CHHB=bx.local%3A443&CSAB=127.0.0.1&SUID=f7vg30ov0a7vr9lgyzcmsjo8apnwonjb&CANGZIP=Y&CLIENT_PHPVER=8.2.30&stable=Y&mbfo=0&NGINX=Y&SMD=N&rerere=Y&bitm_main=26.650.100&bitm_bizprocmobile=26.100.0&bitm_bitrixcloud=25.100.0&bitm_im=26.600.0&bitm_imconnectormobile=25.100.0&bitm_mail=26.600.100&bitm_sale=26.400.0&bitm_forum=26.100.0&bitm_support=26.0.0&bitm_learning=25.0.0&bitm_listsmobile=25.200.0&bitm_catalogmobile=26.100.0&bitm_rpa=26.0.0&bitm_abtest=26.0.0&bitm_humanresources=26.400.0&bitm_conversion=25.0.0&bitm_tasksmobile=26.500.0&bitm_crmmobile=26.200.0&bitm_pull=25.400.0&bitm_ui=26.500.0&bitm_biconnector=26.500.0&bitm_immobile=26.700.0&bitm_webservice=26.0.0&bitm_tasks=26.300.0&bitm_intranetmobile=26.600.0&bitm_currency=26.0.0&bitm_timeman=25.800.0&bitm_calendarmobile=26.400.0&bitm_seo=26.0.0&bitm_fileman=26.0.0&bitm_callmobile=26.400.0&bitm_imbot=26.250.0&bitm_socialservices=26.400.0&bitm_highloadblock=25.100.0&bitm_wiki=26.0.0&bitm_search=25.200.0&bitm_subscribe=25.0.0&bitm_workflow=26.0.0&bitm_iblock=26.0.0&bitm_advertising=24.200.0&bitm_crm=26.500.100&bitm_form=26.0.0&bitm_transformer=25.400.0&bitm_sender=26.200.0&bitm_lists=26.100.0&bitm_clouds=26.0.0&bitm_mobileapp=25.100.0&bitm_storeassist=24.0.0&bitm_xdimport=25.0.0&bitm_intranet=26.750.0&bitm_disk=26.600.100&bitm_calendar=26.0.0&bitm_market=26.0.100&bitm_location=26.100.100&bitm_call=26.400.0&bitm_imopenlines=26.500.0&bitm_photogallery=25.100.0&bitm_extranet=26.200.0&bitm_security=26.200.0&bitm_ai=26.700.0&bitm_dav=26.100.0&bitm_messageservice=26.100.0&bitm_signmobile=26.100.0&bitm_bizproc=26.700.0&bitm_statistic=26.0.0&bitm_landing=26.600.0&bitm_catalog=26.300.0&bitm_mobile=26.700.100&bitm_vote=26.200.0&bitm_booking=26.300.0&bitm_diskmobile=26.200.0&bitm_voximplant=26.500.0&bitm_imconnector=26.200.100&bitm_documentgenerator=26.100.0&bitm_bizprocdesigner=26.300.0&bitm_recyclebin=26.0.0&bitm_socialnetwork=26.0.0&bitm_translate=26.0.0&bitm_mailmobile=26.300.0&bitm_sign=26.400.100&bitm_controller=26.0.0&bitm_perfmon=25.300.0&bitm_blog=26.500.100&bitm_ldap=26.0.0&bitm_salescenter=26.0.0&bitm_b24connector=26.0.0&bitm_report=26.100.0&bitm_rest=26.400.200&bitm_baas=26.200.200&bitm_idea=25.0.0&bitm_meeting=26.0.0&bitm_webdav=23.200.0&bitm_xmpp=21.0.0&bitm_cluster=26.0.0&bitm_note=25.0.0&bitl_en=&bitl_ru=&SUPD_OFC=Portal%3AF%3A%2CCommunications%3AF%3A%2CEnterprise%3AF%3A&SUPD_SRS=RU&SUPD_CMP=N&SALE_15=Y&LICENSE_SIGNED=%7Enew_license24_400_sign-Y
2026-08-10 09:18:54 -  - exec CUpdateClient::GetHTTPPage
2026-08-10 09:18:54 -  - TIME LoadModulesUpdates(request) 0.151 sec
2026-08-10 09:18:54 -  - exec CUpdateClient::ParseServerData
2026-08-10 09:18:54 - S - STEP
2026-08-10 09:18:54 - LMU01 - LoadModulesUpdates-Step
2026-08-10 09:18:54 -  - exec CUpdateClient::LoadModulesUpdates
2026-08-10 09:18:54 -  - exec CUpdateClient::ParseServerData
2026-08-10 09:18:54 -  - loadFile
2026-08-10 09:18:55 - U - RETURN
2026-08-10 09:18:55 -  - exec CUpdateClient::UnGzipArchive
2026-08-10 09:18:55 -  - TIME UnGzipArchive 0.21 sec
2026-08-10 09:18:55 - CSURUS1 - Run updater '/bitrix/updates/update_m1786353535/note/updater26.0.0.php'
2026-08-10 09:18:55 - CSURUS1 - Run updater '/bitrix/updates/update_m1786353535/note/updater26.0.0.php'
2026-08-10 09:18:56 - CRUPDCF1 - Run updater '/bitrix/updates/update_m1786353535/note/updater26.0.0.php': CopyFiles(install/components, components)
2026-08-10 09:18:56 - CRUPDCF1 - Run updater '/bitrix/updates/update_m1786353535/note/updater26.0.0.php': CopyFiles(install/js, js)
2026-08-10 09:18:57 - CRUPDCF1 - Run updater '/bitrix/updates/update_m1786353535/note/updater26.0.0.php': CopyFiles(install/templates, templates)
2026-08-10 09:18:57 -  - TIME UpdateStepModules 1.82 sec
2026-08-10 09:18:57 - UPD_SUCCESS - Updated: note (26.0.0)<br><li>Новый функционал \"База знаний 2.0\". 
2026-08-10 09:18:57 -  - exec CUpdateClient::LoadModulesUpdates
2026-08-10 09:18:57 -  - exec CUpdateClient::CollectRequestData
2026-08-10 09:18:57 -  - LICENSE_KEY=X&lang=ru&SUPD_VER=26.500.0&VERSION=26.650.100&TYPENC=E&SUPD_STS=1&SUPD_URS=1&SUPD_DBS=MYSQL&XE=N&CLIENT_SITE=bx.local&SERVER_NAME=192.168.1.129&CHHB=bx.local%3A443&CSAB=127.0.0.1&SUID=f7vg30ov0a7vr9lgyzcmsjo8apnwonjb&CANGZIP=Y&CLIENT_PHPVER=8.2.30&stable=Y&mbfo=0&NGINX=Y&SMD=N&rerere=Y&bitm_main=26.650.100&bitm_bizprocmobile=26.100.0&bitm_bitrixcloud=25.100.0&bitm_im=26.600.0&bitm_imconnectormobile=25.100.0&bitm_mail=26.600.100&bitm_sale=26.400.0&bitm_forum=26.100.0&bitm_support=26.0.0&bitm_learning=25.0.0&bitm_listsmobile=25.200.0&bitm_catalogmobile=26.100.0&bitm_rpa=26.0.0&bitm_abtest=26.0.0&bitm_humanresources=26.400.0&bitm_conversion=25.0.0&bitm_tasksmobile=26.500.0&bitm_crmmobile=26.200.0&bitm_pull=25.400.0&bitm_ui=26.500.0&bitm_biconnector=26.500.0&bitm_immobile=26.700.0&bitm_webservice=26.0.0&bitm_tasks=26.300.0&bitm_intranetmobile=26.600.0&bitm_currency=26.0.0&bitm_timeman=25.800.0&bitm_calendarmobile=26.400.0&bitm_seo=26.0.0&bitm_fileman=26.0.0&bitm_callmobile=26.400.0&bitm_imbot=26.250.0&bitm_socialservices=26.400.0&bitm_highloadblock=25.100.0&bitm_wiki=26.0.0&bitm_search=25.200.0&bitm_subscribe=25.0.0&bitm_workflow=26.0.0&bitm_iblock=26.0.0&bitm_advertising=24.200.0&bitm_crm=26.500.100&bitm_form=26.0.0&bitm_transformer=25.400.0&bitm_sender=26.200.0&bitm_lists=26.100.0&bitm_clouds=26.0.0&bitm_mobileapp=25.100.0&bitm_storeassist=24.0.0&bitm_xdimport=25.0.0&bitm_intranet=26.750.0&bitm_disk=26.600.100&bitm_calendar=26.0.0&bitm_market=26.0.100&bitm_location=26.100.100&bitm_call=26.400.0&bitm_imopenlines=26.500.0&bitm_photogallery=25.100.0&bitm_extranet=26.200.0&bitm_security=26.200.0&bitm_ai=26.700.0&bitm_dav=26.100.0&bitm_messageservice=26.100.0&bitm_signmobile=26.100.0&bitm_bizproc=26.700.0&bitm_statistic=26.0.0&bitm_landing=26.600.0&bitm_catalog=26.300.0&bitm_mobile=26.700.100&bitm_vote=26.200.0&bitm_booking=26.300.0&bitm_diskmobile=26.200.0&bitm_voximplant=26.500.0&bitm_imconnector=26.200.100&bitm_documentgenerator=26.100.0&bitm_bizprocdesigner=26.300.0&bitm_recyclebin=26.0.0&bitm_socialnetwork=26.0.0&bitm_translate=26.0.0&bitm_mailmobile=26.300.0&bitm_sign=26.400.100&bitm_controller=26.0.0&bitm_perfmon=25.300.0&bitm_blog=26.500.100&bitm_ldap=26.0.0&bitm_salescenter=26.0.0&bitm_b24connector=26.0.0&bitm_report=26.100.0&bitm_rest=26.400.200&bitm_baas=26.200.200&bitm_idea=25.0.0&bitm_meeting=26.0.0&bitm_webdav=23.200.0&bitm_xmpp=21.0.0&bitm_cluster=26.0.0&bitm_note=26.0.0&bitl_en=&bitl_ru=&SUPD_OFC=Portal%3AF%3A%2CCommunications%3AF%3A%2CEnterprise%3AF%3A&SUPD_SRS=RU&SUPD_CMP=N&SALE_15=Y&LICENSE_SIGNED=%7Enew_license24_400_sign-Y
2026-08-10 09:18:57 -  - exec CUpdateClient::GetHTTPPage
2026-08-10 09:18:58 -  - TIME LoadModulesUpdates(request) 0.161 sec
2026-08-10 09:18:58 -  - exec CUpdateClient::ParseServerData
2026-08-10 09:18:58 - S - STEP
2026-08-10 09:18:58 - LMU01 - LoadModulesUpdates-Step
2026-08-10 09:18:58 -  - exec CUpdateClient::LoadModulesUpdates
2026-08-10 09:18:58 -  - exec CUpdateClient::ParseServerData
2026-08-10 09:18:58 -  - loadFile
2026-08-10 09:18:59 - U - RETURN
2026-08-10 09:18:59 -  - exec CUpdateClient::UnGzipArchive
2026-08-10 09:18:59 -  - TIME UnGzipArchive 0.106 sec
2026-08-10 09:18:59 - CSURUS1 - Run updater '/bitrix/updates/update_m1786353539/note/updater26.100.0.php'
2026-08-10 09:18:59 - CSURUS1 - Run updater '/bitrix/updates/update_m1786353539/note/updater26.100.0.php'
2026-08-10 09:18:59 - CRUPDCF1 - Run updater '/bitrix/updates/update_m1786353539/note/updater26.100.0.php': CopyFiles(install/components, components)
2026-08-10 09:18:59 - CRUPDCF1 - Run updater '/bitrix/updates/update_m1786353539/note/updater26.100.0.php': CopyFiles(install/js, js)
2026-08-10 09:18:59 -  - TIME UpdateStepModules 0.313 sec
2026-08-10 09:18:59 - UPD_SUCCESS - Updated: note (26.100.0)<br><li>Добавлена поддержка якорных ссылок на заголовках в документах. <li>Добавлена возможность скрыть текст под заголовками для удобной навигации по большим документам. <li>Реализованы REST методы создания, обновления, архивирования и удаления баз знаний и документов. 
2026-08-10 09:18:59 -  - exec CUpdateClient::LoadModulesUpdates
2026-08-10 09:18:59 -  - exec CUpdateClient::CollectRequestData
2026-08-10 09:18:59 -  - LICENSE_KEY=X&lang=ru&SUPD_VER=26.500.0&VERSION=26.650.100&TYPENC=E&SUPD_STS=1&SUPD_URS=1&SUPD_DBS=MYSQL&XE=N&CLIENT_SITE=bx.local&SERVER_NAME=192.168.1.129&CHHB=bx.local%3A443&CSAB=127.0.0.1&SUID=f7vg30ov0a7vr9lgyzcmsjo8apnwonjb&CANGZIP=Y&CLIENT_PHPVER=8.2.30&stable=Y&mbfo=0&NGINX=Y&SMD=N&rerere=Y&bitm_main=26.650.100&bitm_bizprocmobile=26.100.0&bitm_bitrixcloud=25.100.0&bitm_im=26.600.0&bitm_imconnectormobile=25.100.0&bitm_mail=26.600.100&bitm_sale=26.400.0&bitm_forum=26.100.0&bitm_support=26.0.0&bitm_learning=25.0.0&bitm_listsmobile=25.200.0&bitm_catalogmobile=26.100.0&bitm_rpa=26.0.0&bitm_abtest=26.0.0&bitm_humanresources=26.400.0&bitm_conversion=25.0.0&bitm_tasksmobile=26.500.0&bitm_crmmobile=26.200.0&bitm_pull=25.400.0&bitm_ui=26.500.0&bitm_biconnector=26.500.0&bitm_immobile=26.700.0&bitm_webservice=26.0.0&bitm_tasks=26.300.0&bitm_intranetmobile=26.600.0&bitm_currency=26.0.0&bitm_timeman=25.800.0&bitm_calendarmobile=26.400.0&bitm_seo=26.0.0&bitm_fileman=26.0.0&bitm_callmobile=26.400.0&bitm_imbot=26.250.0&bitm_socialservices=26.400.0&bitm_highloadblock=25.100.0&bitm_wiki=26.0.0&bitm_search=25.200.0&bitm_subscribe=25.0.0&bitm_workflow=26.0.0&bitm_iblock=26.0.0&bitm_advertising=24.200.0&bitm_crm=26.500.100&bitm_form=26.0.0&bitm_transformer=25.400.0&bitm_sender=26.200.0&bitm_lists=26.100.0&bitm_clouds=26.0.0&bitm_mobileapp=25.100.0&bitm_storeassist=24.0.0&bitm_xdimport=25.0.0&bitm_intranet=26.750.0&bitm_disk=26.600.100&bitm_calendar=26.0.0&bitm_market=26.0.100&bitm_location=26.100.100&bitm_call=26.400.0&bitm_imopenlines=26.500.0&bitm_photogallery=25.100.0&bitm_extranet=26.200.0&bitm_security=26.200.0&bitm_ai=26.700.0&bitm_dav=26.100.0&bitm_messageservice=26.100.0&bitm_signmobile=26.100.0&bitm_bizproc=26.700.0&bitm_statistic=26.0.0&bitm_landing=26.600.0&bitm_catalog=26.300.0&bitm_mobile=26.700.100&bitm_vote=26.200.0&bitm_booking=26.300.0&bitm_diskmobile=26.200.0&bitm_voximplant=26.500.0&bitm_imconnector=26.200.100&bitm_documentgenerator=26.100.0&bitm_bizprocdesigner=26.300.0&bitm_recyclebin=26.0.0&bitm_socialnetwork=26.0.0&bitm_translate=26.0.0&bitm_mailmobile=26.300.0&bitm_sign=26.400.100&bitm_controller=26.0.0&bitm_perfmon=25.300.0&bitm_blog=26.500.100&bitm_ldap=26.0.0&bitm_salescenter=26.0.0&bitm_b24connector=26.0.0&bitm_report=26.100.0&bitm_rest=26.400.200&bitm_baas=26.200.200&bitm_idea=25.0.0&bitm_meeting=26.0.0&bitm_webdav=23.200.0&bitm_xmpp=21.0.0&bitm_cluster=26.0.0&bitm_note=26.100.0&bitl_en=&bitl_ru=&SUPD_OFC=Portal%3AF%3A%2CCommunications%3AF%3A%2CEnterprise%3AF%3A&SUPD_SRS=RU&SUPD_CMP=N&SALE_15=Y&LICENSE_SIGNED=%7Enew_license24_400_sign-Y
2026-08-10 09:18:59 -  - exec CUpdateClient::GetHTTPPage
2026-08-10 09:18:59 -  - TIME LoadModulesUpdates(request) 0.153 sec
2026-08-10 09:18:59 -  - exec CUpdateClient::ParseServerData
2026-08-10 09:18:59 - S - STEP
2026-08-10 09:18:59 - LMU01 - LoadModulesUpdates-Step
2026-08-10 09:19:00 -  - exec CUpdateClient::LoadModulesUpdates
2026-08-10 09:19:00 -  - exec CUpdateClient::ParseServerData
2026-08-10 09:19:00 -  - loadFile
2026-08-10 09:19:00 - U - RETURN
2026-08-10 09:19:00 -  - exec CUpdateClient::UnGzipArchive
2026-08-10 09:19:00 -  - TIME UnGzipArchive 0.002 sec
2026-08-10 09:19:00 -  - TIME UpdateStepModules 0.006 sec
2026-08-10 09:19:00 - UPD_SUCCESS - Updated: note (26.150.0)<br><li>Добавлена поддержка работы модуля на PostgreSQL. 
2026-08-10 09:19:00 -  - exec CUpdateClient::LoadModulesUpdates
2026-08-10 09:19:00 -  - exec CUpdateClient::CollectRequestData
2026-08-10 09:19:00 -  - LICENSE_KEY=X&lang=ru&SUPD_VER=26.500.0&VERSION=26.650.100&TYPENC=E&SUPD_STS=1&SUPD_URS=1&SUPD_DBS=MYSQL&XE=N&CLIENT_SITE=bx.local&SERVER_NAME=192.168.1.129&CHHB=bx.local%3A443&CSAB=127.0.0.1&SUID=f7vg30ov0a7vr9lgyzcmsjo8apnwonjb&CANGZIP=Y&CLIENT_PHPVER=8.2.30&stable=Y&mbfo=0&NGINX=Y&SMD=N&rerere=Y&bitm_main=26.650.100&bitm_bizprocmobile=26.100.0&bitm_bitrixcloud=25.100.0&bitm_im=26.600.0&bitm_imconnectormobile=25.100.0&bitm_mail=26.600.100&bitm_sale=26.400.0&bitm_forum=26.100.0&bitm_support=26.0.0&bitm_learning=25.0.0&bitm_listsmobile=25.200.0&bitm_catalogmobile=26.100.0&bitm_rpa=26.0.0&bitm_abtest=26.0.0&bitm_humanresources=26.400.0&bitm_conversion=25.0.0&bitm_tasksmobile=26.500.0&bitm_crmmobile=26.200.0&bitm_pull=25.400.0&bitm_ui=26.500.0&bitm_biconnector=26.500.0&bitm_immobile=26.700.0&bitm_webservice=26.0.0&bitm_tasks=26.300.0&bitm_intranetmobile=26.600.0&bitm_currency=26.0.0&bitm_timeman=25.800.0&bitm_calendarmobile=26.400.0&bitm_seo=26.0.0&bitm_fileman=26.0.0&bitm_callmobile=26.400.0&bitm_imbot=26.250.0&bitm_socialservices=26.400.0&bitm_highloadblock=25.100.0&bitm_wiki=26.0.0&bitm_search=25.200.0&bitm_subscribe=25.0.0&bitm_workflow=26.0.0&bitm_iblock=26.0.0&bitm_advertising=24.200.0&bitm_crm=26.500.100&bitm_form=26.0.0&bitm_transformer=25.400.0&bitm_sender=26.200.0&bitm_lists=26.100.0&bitm_clouds=26.0.0&bitm_mobileapp=25.100.0&bitm_storeassist=24.0.0&bitm_xdimport=25.0.0&bitm_intranet=26.750.0&bitm_disk=26.600.100&bitm_calendar=26.0.0&bitm_market=26.0.100&bitm_location=26.100.100&bitm_call=26.400.0&bitm_imopenlines=26.500.0&bitm_photogallery=25.100.0&bitm_extranet=26.200.0&bitm_security=26.200.0&bitm_ai=26.700.0&bitm_dav=26.100.0&bitm_messageservice=26.100.0&bitm_signmobile=26.100.0&bitm_bizproc=26.700.0&bitm_statistic=26.0.0&bitm_landing=26.600.0&bitm_catalog=26.300.0&bitm_mobile=26.700.100&bitm_vote=26.200.0&bitm_booking=26.300.0&bitm_diskmobile=26.200.0&bitm_voximplant=26.500.0&bitm_imconnector=26.200.100&bitm_documentgenerator=26.100.0&bitm_bizprocdesigner=26.300.0&bitm_recyclebin=26.0.0&bitm_socialnetwork=26.0.0&bitm_translate=26.0.0&bitm_mailmobile=26.300.0&bitm_sign=26.400.100&bitm_controller=26.0.0&bitm_perfmon=25.300.0&bitm_blog=26.500.100&bitm_ldap=26.0.0&bitm_salescenter=26.0.0&bitm_b24connector=26.0.0&bitm_report=26.100.0&bitm_rest=26.400.200&bitm_baas=26.200.200&bitm_idea=25.0.0&bitm_meeting=26.0.0&bitm_webdav=23.200.0&bitm_xmpp=21.0.0&bitm_cluster=26.0.0&bitm_note=26.150.0&bitl_en=&bitl_ru=&SUPD_OFC=Portal%3AF%3A%2CCommunications%3AF%3A%2CEnterprise%3AF%3A&SUPD_SRS=RU&SUPD_CMP=N&SALE_15=Y&LICENSE_SIGNED=%7Enew_license24_400_sign-Y
2026-08-10 09:19:00 -  - exec CUpdateClient::GetHTTPPage
2026-08-10 09:19:00 -  - TIME LoadModulesUpdates(request) 0.157 sec
2026-08-10 09:19:00 -  - exec CUpdateClient::ParseServerData
2026-08-10 09:19:00 - S - STEP
2026-08-10 09:19:00 - LMU01 - LoadModulesUpdates-Step
2026-08-10 09:19:01 -  - exec CUpdateClient::LoadModulesUpdates
2026-08-10 09:19:01 -  - exec CUpdateClient::ParseServerData
2026-08-10 09:19:01 -  - loadFile
2026-08-10 09:19:01 - U - RETURN
2026-08-10 09:19:01 -  - exec CUpdateClient::UnGzipArchive
2026-08-10 09:19:01 -  - TIME UnGzipArchive 0.105 sec
2026-08-10 09:19:01 - CSURUS1 - Run updater '/bitrix/updates/update_m1786353541/note/updater26.200.0.php'
2026-08-10 09:19:01 - CSURUS1 - Run updater '/bitrix/updates/update_m1786353541/note/updater26.200.0.php'
2026-08-10 09:19:01 - CRUPDCF1 - Run updater '/bitrix/updates/update_m1786353541/note/updater26.200.0.php': CopyFiles(install/components, components)
2026-08-10 09:19:01 - CRUPDCF1 - Run updater '/bitrix/updates/update_m1786353541/note/updater26.200.0.php': CopyFiles(install/js, js)
2026-08-10 09:19:02 -  - TIME UpdateStepModules 0.477 sec
2026-08-10 09:19:02 - UPD_SUCCESS - Updated: note (26.200.0)<br><li>Добавлена возможность масштабировать и позиционировать изображения и видео внутри документа. <li>Добавлена возможность упомянуть пользователей, задачи, документы и базы знаний. <li>Техническое обновление API модуля Базы знаний 2.0. 
2026-08-10 09:19:02 -  - exec CUpdateClient::LoadModulesUpdates
2026-08-10 09:19:02 -  - exec CUpdateClient::CollectRequestData
2026-08-10 09:19:02 -  - LICENSE_KEY=X&lang=ru&SUPD_VER=26.500.0&VERSION=26.650.100&TYPENC=E&SUPD_STS=1&SUPD_URS=1&SUPD_DBS=MYSQL&XE=N&CLIENT_SITE=bx.local&SERVER_NAME=192.168.1.129&CHHB=bx.local%3A443&CSAB=127.0.0.1&SUID=f7vg30ov0a7vr9lgyzcmsjo8apnwonjb&CANGZIP=Y&CLIENT_PHPVER=8.2.30&stable=Y&mbfo=0&NGINX=Y&SMD=N&rerere=Y&bitm_main=26.650.100&bitm_bizprocmobile=26.100.0&bitm_bitrixcloud=25.100.0&bitm_im=26.600.0&bitm_imconnectormobile=25.100.0&bitm_mail=26.600.100&bitm_sale=26.400.0&bitm_forum=26.100.0&bitm_support=26.0.0&bitm_learning=25.0.0&bitm_listsmobile=25.200.0&bitm_catalogmobile=26.100.0&bitm_rpa=26.0.0&bitm_abtest=26.0.0&bitm_humanresources=26.400.0&bitm_conversion=25.0.0&bitm_tasksmobile=26.500.0&bitm_crmmobile=26.200.0&bitm_pull=25.400.0&bitm_ui=26.500.0&bitm_biconnector=26.500.0&bitm_immobile=26.700.0&bitm_webservice=26.0.0&bitm_tasks=26.300.0&bitm_intranetmobile=26.600.0&bitm_currency=26.0.0&bitm_timeman=25.800.0&bitm_calendarmobile=26.400.0&bitm_seo=26.0.0&bitm_fileman=26.0.0&bitm_callmobile=26.400.0&bitm_imbot=26.250.0&bitm_socialservices=26.400.0&bitm_highloadblock=25.100.0&bitm_wiki=26.0.0&bitm_search=25.200.0&bitm_subscribe=25.0.0&bitm_workflow=26.0.0&bitm_iblock=26.0.0&bitm_advertising=24.200.0&bitm_crm=26.500.100&bitm_form=26.0.0&bitm_transformer=25.400.0&bitm_sender=26.200.0&bitm_lists=26.100.0&bitm_clouds=26.0.0&bitm_mobileapp=25.100.0&bitm_storeassist=24.0.0&bitm_xdimport=25.0.0&bitm_intranet=26.750.0&bitm_disk=26.600.100&bitm_calendar=26.0.0&bitm_market=26.0.100&bitm_location=26.100.100&bitm_call=26.400.0&bitm_imopenlines=26.500.0&bitm_photogallery=25.100.0&bitm_extranet=26.200.0&bitm_security=26.200.0&bitm_ai=26.700.0&bitm_dav=26.100.0&bitm_messageservice=26.100.0&bitm_signmobile=26.100.0&bitm_bizproc=26.700.0&bitm_statistic=26.0.0&bitm_landing=26.600.0&bitm_catalog=26.300.0&bitm_mobile=26.700.100&bitm_vote=26.200.0&bitm_booking=26.300.0&bitm_diskmobile=26.200.0&bitm_voximplant=26.500.0&bitm_imconnector=26.200.100&bitm_documentgenerator=26.100.0&bitm_bizprocdesigner=26.300.0&bitm_recyclebin=26.0.0&bitm_socialnetwork=26.0.0&bitm_translate=26.0.0&bitm_mailmobile=26.300.0&bitm_sign=26.400.100&bitm_controller=26.0.0&bitm_perfmon=25.300.0&bitm_blog=26.500.100&bitm_ldap=26.0.0&bitm_salescenter=26.0.0&bitm_b24connector=26.0.0&bitm_report=26.100.0&bitm_rest=26.400.200&bitm_baas=26.200.200&bitm_idea=25.0.0&bitm_meeting=26.0.0&bitm_webdav=23.200.0&bitm_xmpp=21.0.0&bitm_cluster=26.0.0&bitm_note=26.200.0&bitl_en=&bitl_ru=&SUPD_OFC=Portal%3AF%3A%2CCommunications%3AF%3A%2CEnterprise%3AF%3A&SUPD_SRS=RU&SUPD_CMP=N&SALE_15=Y&LICENSE_SIGNED=%7Enew_license24_400_sign-Y
2026-08-10 09:19:02 -  - exec CUpdateClient::GetHTTPPage
2026-08-10 09:19:02 -  - TIME LoadModulesUpdates(request) 0.312 sec
2026-08-10 09:19:02 -  - exec CUpdateClient::ParseServerData
2026-08-10 09:19:02 - S - STEP
2026-08-10 09:19:02 - LMU01 - LoadModulesUpdates-Step
2026-08-10 09:19:03 -  - exec CUpdateClient::LoadModulesUpdates
2026-08-10 09:19:03 -  - exec CUpdateClient::ParseServerData
2026-08-10 09:19:03 -  - loadFile
2026-08-10 09:19:03 - U - RETURN
2026-08-10 09:19:03 -  - exec CUpdateClient::UnGzipArchive
2026-08-10 09:19:03 -  - TIME UnGzipArchive 0.097 sec
2026-08-10 09:19:04 -  - TIME UpdateStepModules 0.246 sec
2026-08-10 09:19:04 - UPD_SUCCESS - Updated: note (26.200.100)<br><li>Исправлена ошибка синхронизации данных в Базе знаний 2.0. 
2026-08-10 09:19:04 -  - exec CUpdateClient::LoadModulesUpdates
2026-08-10 09:19:04 -  - exec CUpdateClient::CollectRequestData
2026-08-10 09:19:04 -  - LICENSE_KEY=X&lang=ru&SUPD_VER=26.500.0&VERSION=26.650.100&TYPENC=E&SUPD_STS=1&SUPD_URS=1&SUPD_DBS=MYSQL&XE=N&CLIENT_SITE=bx.local&SERVER_NAME=192.168.1.129&CHHB=bx.local%3A443&CSAB=127.0.0.1&SUID=f7vg30ov0a7vr9lgyzcmsjo8apnwonjb&CANGZIP=Y&CLIENT_PHPVER=8.2.30&stable=Y&mbfo=0&NGINX=Y&SMD=N&rerere=Y&bitm_main=26.650.100&bitm_bizprocmobile=26.100.0&bitm_bitrixcloud=25.100.0&bitm_im=26.600.0&bitm_imconnectormobile=25.100.0&bitm_mail=26.600.100&bitm_sale=26.400.0&bitm_forum=26.100.0&bitm_support=26.0.0&bitm_learning=25.0.0&bitm_listsmobile=25.200.0&bitm_catalogmobile=26.100.0&bitm_rpa=26.0.0&bitm_abtest=26.0.0&bitm_humanresources=26.400.0&bitm_conversion=25.0.0&bitm_tasksmobile=26.500.0&bitm_crmmobile=26.200.0&bitm_pull=25.400.0&bitm_ui=26.500.0&bitm_biconnector=26.500.0&bitm_immobile=26.700.0&bitm_webservice=26.0.0&bitm_tasks=26.300.0&bitm_intranetmobile=26.600.0&bitm_currency=26.0.0&bitm_timeman=25.800.0&bitm_calendarmobile=26.400.0&bitm_seo=26.0.0&bitm_fileman=26.0.0&bitm_callmobile=26.400.0&bitm_imbot=26.250.0&bitm_socialservices=26.400.0&bitm_highloadblock=25.100.0&bitm_wiki=26.0.0&bitm_search=25.200.0&bitm_subscribe=25.0.0&bitm_workflow=26.0.0&bitm_iblock=26.0.0&bitm_advertising=24.200.0&bitm_crm=26.500.100&bitm_form=26.0.0&bitm_transformer=25.400.0&bitm_sender=26.200.0&bitm_lists=26.100.0&bitm_clouds=26.0.0&bitm_mobileapp=25.100.0&bitm_storeassist=24.0.0&bitm_xdimport=25.0.0&bitm_intranet=26.750.0&bitm_disk=26.600.100&bitm_calendar=26.0.0&bitm_market=26.0.100&bitm_location=26.100.100&bitm_call=26.400.0&bitm_imopenlines=26.500.0&bitm_photogallery=25.100.0&bitm_extranet=26.200.0&bitm_security=26.200.0&bitm_ai=26.700.0&bitm_dav=26.100.0&bitm_messageservice=26.100.0&bitm_signmobile=26.100.0&bitm_bizproc=26.700.0&bitm_statistic=26.0.0&bitm_landing=26.600.0&bitm_catalog=26.300.0&bitm_mobile=26.700.100&bitm_vote=26.200.0&bitm_booking=26.300.0&bitm_diskmobile=26.200.0&bitm_voximplant=26.500.0&bitm_imconnector=26.200.100&bitm_documentgenerator=26.100.0&bitm_bizprocdesigner=26.300.0&bitm_recyclebin=26.0.0&bitm_socialnetwork=26.0.0&bitm_translate=26.0.0&bitm_mailmobile=26.300.0&bitm_sign=26.400.100&bitm_controller=26.0.0&bitm_perfmon=25.300.0&bitm_blog=26.500.100&bitm_ldap=26.0.0&bitm_salescenter=26.0.0&bitm_b24connector=26.0.0&bitm_report=26.100.0&bitm_rest=26.400.200&bitm_baas=26.200.200&bitm_idea=25.0.0&bitm_meeting=26.0.0&bitm_webdav=23.200.0&bitm_xmpp=21.0.0&bitm_cluster=26.0.0&bitm_note=26.200.100&bitl_en=&bitl_ru=&SUPD_OFC=Portal%3AF%3A%2CCommunications%3AF%3A%2CEnterprise%3AF%3A&SUPD_SRS=RU&SUPD_CMP=N&SALE_15=Y&LICENSE_SIGNED=%7Enew_license24_400_sign-Y
2026-08-10 09:19:04 -  - exec CUpdateClient::GetHTTPPage
2026-08-10 09:19:04 -  - TIME LoadModulesUpdates(request) 0.158 sec
2026-08-10 09:19:04 -  - exec CUpdateClient::ParseServerData
2026-08-10 09:19:04 - S - STEP
2026-08-10 09:19:04 - LMU01 - LoadModulesUpdates-Step
2026-08-10 09:19:04 -  - exec CUpdateClient::LoadModulesUpdates
2026-08-10 09:19:04 -  - exec CUpdateClient::ParseServerData
2026-08-10 09:19:04 -  - loadFile
2026-08-10 09:19:05 - U - RETURN
2026-08-10 09:19:05 -  - exec CUpdateClient::UnGzipArchive
2026-08-10 09:19:05 -  - TIME UnGzipArchive 0.296 sec
2026-08-10 09:19:06 - CSURUS1 - Run updater '/bitrix/updates/update_m1786353545/im/updater26.700.0.php'
2026-08-10 09:19:06 - CSURUS1 - Run updater '/bitrix/updates/update_m1786353545/im/updater26.700.0.php'
2026-08-10 09:19:06 - CRUPDCF1 - Run updater '/bitrix/updates/update_m1786353545/im/updater26.700.0.php': CopyFiles(install/components, components)
2026-08-10 09:19:06 - CRUPDCF1 - Run updater '/bitrix/updates/update_m1786353545/im/updater26.700.0.php': CopyFiles(install/js, js)
2026-08-10 09:19:06 - CRUPDCF1 - Run updater '/bitrix/updates/update_m1786353545/im/updater26.700.0.php': CopyFiles(install/activities, activities)
2026-08-10 09:19:06 - CSURUS1 - Run updater '/bitrix/updates/update_m1786353545/biconnector/updater26.600.0/index.php'
2026-08-10 09:19:06 - CSURUS1 - Run updater '/bitrix/updates/update_m1786353545/biconnector/updater26.600.0/index.php'
2026-08-10 09:19:06 - CRUPDCF1 - Run updater '/bitrix/updates/update_m1786353545/biconnector/updater26.600.0/index.php': CopyFiles(install/activities, activities)
2026-08-10 09:19:06 - CRUPDCF1 - Run updater '/bitrix/updates/update_m1786353545/biconnector/updater26.600.0/index.php': CopyFiles(install/components, components)
2026-08-10 09:19:06 - CRUPDCF1 - Run updater '/bitrix/updates/update_m1786353545/biconnector/updater26.600.0/index.php': CopyFiles(install/js, js)
2026-08-10 09:19:06 - CRUPDCF1 - Run updater '/bitrix/updates/update_m1786353545/biconnector/updater26.600.0/index.php': CopyFiles(install/templates, templates)
2026-08-10 09:19:06 - CRUPDCF1 - Run updater '/bitrix/updates/update_m1786353545/biconnector/updater26.600.0/index.php': CopyFiles(install/images, images)
2026-08-10 09:19:07 - CSURUS1 - Run updater '/bitrix/updates/update_m1786353545/intranet/updater26.800.0.php'
2026-08-10 09:19:07 - CSURUS1 - Run updater '/bitrix/updates/update_m1786353545/intranet/updater26.800.0.php'
2026-08-10 09:19:07 - CRUPDCF1 - Run updater '/bitrix/updates/update_m1786353545/intranet/updater26.800.0.php': CopyFiles(install/components, components)
2026-08-10 09:19:07 - CRUPDCF1 - Run updater '/bitrix/updates/update_m1786353545/intranet/updater26.800.0.php': CopyFiles(install/js, js)
2026-08-10 09:19:07 - CRUPDCF1 - Run updater '/bitrix/updates/update_m1786353545/intranet/updater26.800.0.php': CopyFiles(install/templates, templates)
2026-08-10 09:19:07 - CRUPDCF1 - Run updater '/bitrix/updates/update_m1786353545/intranet/updater26.800.0.php': CopyFiles(install/routes, routes)
2026-08-10 09:19:07 - CRUPDCF1 - Run updater '/bitrix/updates/update_m1786353545/intranet/updater26.800.0.php': CopyFiles(install/wizards/bitrix/portal, wizards/bitrix/portal)
2026-08-10 09:19:07 - CRUPDCF1 - Run updater '/bitrix/updates/update_m1786353545/intranet/updater26.800.0.php': CopyFiles(install/templates/pub, templates/pub)
2026-08-10 09:19:07 - CRUPDCF1 - Run updater '/bitrix/updates/update_m1786353545/intranet/updater26.800.0.php': CopyFiles(install/templates/bitrix24, templates/bitrix24)
2026-08-10 09:19:07 - CRUPDCF1 - Run updater '/bitrix/updates/update_m1786353545/intranet/updater26.800.0.php': CopyFiles(install/templates/login, templates/login)
2026-08-10 09:19:07 -  - TIME UpdateStepModules 1.466 sec
2026-08-10 09:19:07 - UPD_SUCCESS - Updated: intranet (26.800.0)<br><li>Улучшена производительность модуля. <li>Исправлены ошибки в интерфейсе.
2026-08-10 09:19:07 - UPD_SUCCESS - Updated: biconnector (26.600.0)<br><li>Добавлен локальный режим работы BI Конструктора. <li>Добавлена возможность прикрепить отчёт, созданный в BI Конструкторе, на портале Битрикс24. 
2026-08-10 09:19:07 - UPD_SUCCESS - Updated: im (26.700.0)<br><li>Улучшена совместимость с модулем \"Диск\".
2026-08-10 09:19:07 -  - exec CUpdateClient::LoadModulesUpdates
2026-08-10 09:19:07 -  - exec CUpdateClient::CollectRequestData
2026-08-10 09:19:07 -  - LICENSE_KEY=X&lang=ru&SUPD_VER=26.500.0&VERSION=26.650.100&TYPENC=E&SUPD_STS=1&SUPD_URS=1&SUPD_DBS=MYSQL&XE=N&CLIENT_SITE=bx.local&SERVER_NAME=192.168.1.129&CHHB=bx.local%3A443&CSAB=127.0.0.1&SUID=f7vg30ov0a7vr9lgyzcmsjo8apnwonjb&CANGZIP=Y&CLIENT_PHPVER=8.2.30&stable=Y&mbfo=0&NGINX=Y&SMD=N&rerere=Y&bitm_main=26.650.100&bitm_bizprocmobile=26.100.0&bitm_bitrixcloud=25.100.0&bitm_im=26.700.0&bitm_imconnectormobile=25.100.0&bitm_mail=26.600.100&bitm_sale=26.400.0&bitm_forum=26.100.0&bitm_support=26.0.0&bitm_learning=25.0.0&bitm_listsmobile=25.200.0&bitm_catalogmobile=26.100.0&bitm_rpa=26.0.0&bitm_abtest=26.0.0&bitm_humanresources=26.400.0&bitm_conversion=25.0.0&bitm_tasksmobile=26.500.0&bitm_crmmobile=26.200.0&bitm_pull=25.400.0&bitm_ui=26.500.0&bitm_biconnector=26.600.0&bitm_immobile=26.700.0&bitm_webservice=26.0.0&bitm_tasks=26.300.0&bitm_intranetmobile=26.600.0&bitm_currency=26.0.0&bitm_timeman=25.800.0&bitm_calendarmobile=26.400.0&bitm_seo=26.0.0&bitm_fileman=26.0.0&bitm_callmobile=26.400.0&bitm_imbot=26.250.0&bitm_socialservices=26.400.0&bitm_highloadblock=25.100.0&bitm_wiki=26.0.0&bitm_search=25.200.0&bitm_subscribe=25.0.0&bitm_workflow=26.0.0&bitm_iblock=26.0.0&bitm_advertising=24.200.0&bitm_crm=26.500.100&bitm_form=26.0.0&bitm_transformer=25.400.0&bitm_sender=26.200.0&bitm_lists=26.100.0&bitm_clouds=26.0.0&bitm_mobileapp=25.100.0&bitm_storeassist=24.0.0&bitm_xdimport=25.0.0&bitm_intranet=26.800.0&bitm_disk=26.600.100&bitm_calendar=26.0.0&bitm_market=26.0.100&bitm_location=26.100.100&bitm_call=26.400.0&bitm_imopenlines=26.500.0&bitm_photogallery=25.100.0&bitm_extranet=26.200.0&bitm_security=26.200.0&bitm_ai=26.700.0&bitm_dav=26.100.0&bitm_messageservice=26.100.0&bitm_signmobile=26.100.0&bitm_bizproc=26.700.0&bitm_statistic=26.0.0&bitm_landing=26.600.0&bitm_catalog=26.300.0&bitm_mobile=26.700.100&bitm_vote=26.200.0&bitm_booking=26.300.0&bitm_diskmobile=26.200.0&bitm_voximplant=26.500.0&bitm_imconnector=26.200.100&bitm_documentgenerator=26.100.0&bitm_bizprocdesigner=26.300.0&bitm_recyclebin=26.0.0&bitm_socialnetwork=26.0.0&bitm_translate=26.0.0&bitm_mailmobile=26.300.0&bitm_sign=26.400.100&bitm_controller=26.0.0&bitm_perfmon=25.300.0&bitm_blog=26.500.100&bitm_ldap=26.0.0&bitm_salescenter=26.0.0&bitm_b24connector=26.0.0&bitm_report=26.100.0&bitm_rest=26.400.200&bitm_baas=26.200.200&bitm_idea=25.0.0&bitm_meeting=26.0.0&bitm_webdav=23.200.0&bitm_xmpp=21.0.0&bitm_cluster=26.0.0&bitm_note=26.200.100&bitl_en=&bitl_ru=&SUPD_OFC=Portal%3AF%3A%2CCommunications%3AF%3A%2CEnterprise%3AF%3A&SUPD_SRS=RU&SUPD_CMP=N&SALE_15=Y&LICENSE_SIGNED=%7Enew_license24_400_sign-Y
2026-08-10 09:19:07 -  - exec CUpdateClient::GetHTTPPage
2026-08-10 09:19:07 -  - TIME LoadModulesUpdates(request) 0.157 sec
2026-08-10 09:19:07 -  - exec CUpdateClient::ParseServerData
2026-08-10 09:19:07 - S - STEP
2026-08-10 09:19:07 - LMU01 - LoadModulesUpdates-Step
2026-08-10 09:19:08 -  - exec CUpdateClient::LoadModulesUpdates
2026-08-10 09:19:08 -  - exec CUpdateClient::ParseServerData
2026-08-10 09:19:08 -  - loadFile
2026-08-10 09:19:08 - U - RETURN
2026-08-10 09:19:08 -  - exec CUpdateClient::UnGzipArchive
2026-08-10 09:19:08 -  - TIME UnGzipArchive 0.001 sec
2026-08-10 09:19:08 - CSURUS1 - Run updater '/bitrix/updates/update_m1786353548/intranet/updater26.800.100.php'
2026-08-10 09:19:08 - CSURUS1 - Run updater '/bitrix/updates/update_m1786353548/intranet/updater26.800.100.php'
2026-08-10 09:19:08 -  - TIME UpdateStepModules 0.002 sec
2026-08-10 09:19:08 - UPD_SUCCESS - Updated: intranet (26.800.100)<br><li>Исправлена ошибка в работе роутинга.
2026-08-10 09:19:08 -  - exec CUpdateClient::LoadModulesUpdates
2026-08-10 09:19:08 -  - exec CUpdateClient::CollectRequestData
2026-08-10 09:19:08 -  - LICENSE_KEY=X&lang=ru&SUPD_VER=26.500.0&VERSION=26.650.100&TYPENC=E&SUPD_STS=1&SUPD_URS=1&SUPD_DBS=MYSQL&XE=N&CLIENT_SITE=bx.local&SERVER_NAME=192.168.1.129&CHHB=bx.local%3A443&CSAB=127.0.0.1&SUID=f7vg30ov0a7vr9lgyzcmsjo8apnwonjb&CANGZIP=Y&CLIENT_PHPVER=8.2.30&stable=Y&mbfo=0&NGINX=Y&SMD=N&rerere=Y&bitm_main=26.650.100&bitm_bizprocmobile=26.100.0&bitm_bitrixcloud=25.100.0&bitm_im=26.700.0&bitm_imconnectormobile=25.100.0&bitm_mail=26.600.100&bitm_sale=26.400.0&bitm_forum=26.100.0&bitm_support=26.0.0&bitm_learning=25.0.0&bitm_listsmobile=25.200.0&bitm_catalogmobile=26.100.0&bitm_rpa=26.0.0&bitm_abtest=26.0.0&bitm_humanresources=26.400.0&bitm_conversion=25.0.0&bitm_tasksmobile=26.500.0&bitm_crmmobile=26.200.0&bitm_pull=25.400.0&bitm_ui=26.500.0&bitm_biconnector=26.600.0&bitm_immobile=26.700.0&bitm_webservice=26.0.0&bitm_tasks=26.300.0&bitm_intranetmobile=26.600.0&bitm_currency=26.0.0&bitm_timeman=25.800.0&bitm_calendarmobile=26.400.0&bitm_seo=26.0.0&bitm_fileman=26.0.0&bitm_callmobile=26.400.0&bitm_imbot=26.250.0&bitm_socialservices=26.400.0&bitm_highloadblock=25.100.0&bitm_wiki=26.0.0&bitm_search=25.200.0&bitm_subscribe=25.0.0&bitm_workflow=26.0.0&bitm_iblock=26.0.0&bitm_advertising=24.200.0&bitm_crm=26.500.100&bitm_form=26.0.0&bitm_transformer=25.400.0&bitm_sender=26.200.0&bitm_lists=26.100.0&bitm_clouds=26.0.0&bitm_mobileapp=25.100.0&bitm_storeassist=24.0.0&bitm_xdimport=25.0.0&bitm_intranet=26.800.100&bitm_disk=26.600.100&bitm_calendar=26.0.0&bitm_market=26.0.100&bitm_location=26.100.100&bitm_call=26.400.0&bitm_imopenlines=26.500.0&bitm_photogallery=25.100.0&bitm_extranet=26.200.0&bitm_security=26.200.0&bitm_ai=26.700.0&bitm_dav=26.100.0&bitm_messageservice=26.100.0&bitm_signmobile=26.100.0&bitm_bizproc=26.700.0&bitm_statistic=26.0.0&bitm_landing=26.600.0&bitm_catalog=26.300.0&bitm_mobile=26.700.100&bitm_vote=26.200.0&bitm_booking=26.300.0&bitm_diskmobile=26.200.0&bitm_voximplant=26.500.0&bitm_imconnector=26.200.100&bitm_documentgenerator=26.100.0&bitm_bizprocdesigner=26.300.0&bitm_recyclebin=26.0.0&bitm_socialnetwork=26.0.0&bitm_translate=26.0.0&bitm_mailmobile=26.300.0&bitm_sign=26.400.100&bitm_controller=26.0.0&bitm_perfmon=25.300.0&bitm_blog=26.500.100&bitm_ldap=26.0.0&bitm_salescenter=26.0.0&bitm_b24connector=26.0.0&bitm_report=26.100.0&bitm_rest=26.400.200&bitm_baas=26.200.200&bitm_idea=25.0.0&bitm_meeting=26.0.0&bitm_webdav=23.200.0&bitm_xmpp=21.0.0&bitm_cluster=26.0.0&bitm_note=26.200.100&bitl_en=&bitl_ru=&SUPD_OFC=Portal%3AF%3A%2CCommunications%3AF%3A%2CEnterprise%3AF%3A&SUPD_SRS=RU&SUPD_CMP=N&SALE_15=Y&LICENSE_SIGNED=%7Enew_license24_400_sign-Y
2026-08-10 09:19:08 -  - exec CUpdateClient::GetHTTPPage
2026-08-10 09:19:08 -  - TIME LoadModulesUpdates(request) 0.162 sec
2026-08-10 09:19:08 -  - exec CUpdateClient::ParseServerData
2026-08-10 09:19:08 - S - STEP
2026-08-10 09:19:08 - LMU01 - LoadModulesUpdates-Step
2026-08-10 09:19:09 -  - exec CUpdateClient::LoadModulesUpdates
2026-08-10 09:19:09 -  - exec CUpdateClient::ParseServerData
2026-08-10 09:19:09 -  - loadFile
2026-08-10 09:19:09 - U - RETURN
2026-08-10 09:19:09 -  - exec CUpdateClient::UnGzipArchive
2026-08-10 09:19:09 -  - TIME UnGzipArchive 0.087 sec
2026-08-10 09:19:09 - CSURUS1 - Run updater '/bitrix/updates/update_m1786353549/intranet/updater26.900.0/index.php'
2026-08-10 09:19:09 - CSURUS1 - Run updater '/bitrix/updates/update_m1786353549/intranet/updater26.900.0/index.php'
2026-08-10 09:19:09 - CRUPDCF1 - Run updater '/bitrix/updates/update_m1786353549/intranet/updater26.900.0/index.php': CopyFiles(install/js, js)
2026-08-10 09:19:09 - CRUPDCF1 - Run updater '/bitrix/updates/update_m1786353549/intranet/updater26.900.0/index.php': CopyFiles(install/routes, routes)
2026-08-10 09:19:09 - CRUPDCF1 - Process module 'intranet': copyInstallFiles(install/components, components)
2026-08-10 09:19:09 - CRUPDCF1 - Process module 'intranet': copyInstallFiles(install/js, js)
2026-08-10 09:19:10 - CRUPDCF1 - Process module 'intranet': copyInstallFiles(install/routes, routes)
2026-08-10 09:19:10 - CRUPDCF1 - Process module 'intranet': copyInstallFiles(install/templates, templates)
2026-08-10 09:19:10 -  - TIME UpdateStepModules 0.44 sec
2026-08-10 09:19:10 - UPD_SUCCESS - Updated: intranet (26.900.0)<br><li>Добавлена возможность добавить почту в качестве второго фактора авторизации.
2026-08-10 09:19:10 -  - exec CUpdateClient::LoadModulesUpdates
2026-08-10 09:19:10 -  - exec CUpdateClient::CollectRequestData
2026-08-10 09:19:10 -  - LICENSE_KEY=X&lang=ru&SUPD_VER=26.500.0&VERSION=26.650.100&TYPENC=E&SUPD_STS=1&SUPD_URS=1&SUPD_DBS=MYSQL&XE=N&CLIENT_SITE=bx.local&SERVER_NAME=192.168.1.129&CHHB=bx.local%3A443&CSAB=127.0.0.1&SUID=f7vg30ov0a7vr9lgyzcmsjo8apnwonjb&CANGZIP=Y&CLIENT_PHPVER=8.2.30&stable=Y&mbfo=0&NGINX=Y&SMD=N&rerere=Y&bitm_main=26.650.100&bitm_bizprocmobile=26.100.0&bitm_bitrixcloud=25.100.0&bitm_im=26.700.0&bitm_imconnectormobile=25.100.0&bitm_mail=26.600.100&bitm_sale=26.400.0&bitm_forum=26.100.0&bitm_support=26.0.0&bitm_learning=25.0.0&bitm_listsmobile=25.200.0&bitm_catalogmobile=26.100.0&bitm_rpa=26.0.0&bitm_abtest=26.0.0&bitm_humanresources=26.400.0&bitm_conversion=25.0.0&bitm_tasksmobile=26.500.0&bitm_crmmobile=26.200.0&bitm_pull=25.400.0&bitm_ui=26.500.0&bitm_biconnector=26.600.0&bitm_immobile=26.700.0&bitm_webservice=26.0.0&bitm_tasks=26.300.0&bitm_intranetmobile=26.600.0&bitm_currency=26.0.0&bitm_timeman=25.800.0&bitm_calendarmobile=26.400.0&bitm_seo=26.0.0&bitm_fileman=26.0.0&bitm_callmobile=26.400.0&bitm_imbot=26.250.0&bitm_socialservices=26.400.0&bitm_highloadblock=25.100.0&bitm_wiki=26.0.0&bitm_search=25.200.0&bitm_subscribe=25.0.0&bitm_workflow=26.0.0&bitm_iblock=26.0.0&bitm_advertising=24.200.0&bitm_crm=26.500.100&bitm_form=26.0.0&bitm_transformer=25.400.0&bitm_sender=26.200.0&bitm_lists=26.100.0&bitm_clouds=26.0.0&bitm_mobileapp=25.100.0&bitm_storeassist=24.0.0&bitm_xdimport=25.0.0&bitm_intranet=26.900.0&bitm_disk=26.600.100&bitm_calendar=26.0.0&bitm_market=26.0.100&bitm_location=26.100.100&bitm_call=26.400.0&bitm_imopenlines=26.500.0&bitm_photogallery=25.100.0&bitm_extranet=26.200.0&bitm_security=26.200.0&bitm_ai=26.700.0&bitm_dav=26.100.0&bitm_messageservice=26.100.0&bitm_signmobile=26.100.0&bitm_bizproc=26.700.0&bitm_statistic=26.0.0&bitm_landing=26.600.0&bitm_catalog=26.300.0&bitm_mobile=26.700.100&bitm_vote=26.200.0&bitm_booking=26.300.0&bitm_diskmobile=26.200.0&bitm_voximplant=26.500.0&bitm_imconnector=26.200.100&bitm_documentgenerator=26.100.0&bitm_bizprocdesigner=26.300.0&bitm_recyclebin=26.0.0&bitm_socialnetwork=26.0.0&bitm_translate=26.0.0&bitm_mailmobile=26.300.0&bitm_sign=26.400.100&bitm_controller=26.0.0&bitm_perfmon=25.300.0&bitm_blog=26.500.100&bitm_ldap=26.0.0&bitm_salescenter=26.0.0&bitm_b24connector=26.0.0&bitm_report=26.100.0&bitm_rest=26.400.200&bitm_baas=26.200.200&bitm_idea=25.0.0&bitm_meeting=26.0.0&bitm_webdav=23.200.0&bitm_xmpp=21.0.0&bitm_cluster=26.0.0&bitm_note=26.200.100&bitl_en=&bitl_ru=&SUPD_OFC=Portal%3AF%3A%2CCommunications%3AF%3A%2CEnterprise%3AF%3A&SUPD_SRS=RU&SUPD_CMP=N&SALE_15=Y&LICENSE_SIGNED=%7Enew_license24_400_sign-Y
2026-08-10 09:19:10 -  - exec CUpdateClient::GetHTTPPage
2026-08-10 09:19:10 -  - TIME LoadModulesUpdates(request) 0.149 sec
2026-08-10 09:19:10 -  - exec CUpdateClient::ParseServerData
2026-08-10 09:19:10 - S - STEP
2026-08-10 09:19:10 - LMU01 - LoadModulesUpdates-Step
2026-08-10 09:19:10 -  - exec CUpdateClient::LoadModulesUpdates
2026-08-10 09:19:10 -  - exec CUpdateClient::ParseServerData
2026-08-10 09:19:11 -  - loadFile
2026-08-10 09:19:11 - U - RETURN
2026-08-10 09:19:11 -  - exec CUpdateClient::UnGzipArchive
2026-08-10 09:19:11 -  - TIME UnGzipArchive 0.017 sec
2026-08-10 09:19:11 - CSURUS1 - Run updater '/bitrix/updates/update_m1786353551/disk/updater26.700.0.php'
2026-08-10 09:19:11 - CSURUS1 - Run updater '/bitrix/updates/update_m1786353551/disk/updater26.700.0.php'
2026-08-10 09:19:11 - CRUPDCF1 - Run updater '/bitrix/updates/update_m1786353551/disk/updater26.700.0.php': CopyFiles(install/components, components)
2026-08-10 09:19:11 - CRUPDCF1 - Run updater '/bitrix/updates/update_m1786353551/disk/updater26.700.0.php': CopyFiles(install/js, js)
2026-08-10 09:19:11 - CRUPDCDF2 - Run updater '/bitrix/updates/update_m1786353551/disk/updater26.700.0.php': Query(ALTER TABLE b_disk_right ADD INDEX IX_DISK_R_3 (OBJECT_ID, TASK_ID), )
2026-08-10 09:19:11 - CRUPDCDF2 - Run updater '/bitrix/updates/update_m1786353551/disk/updater26.700.0.php': Query(ANALYZE TABLE b_disk_right, )
2026-08-10 09:19:11 - CRUPDCDF2 - Run updater '/bitrix/updates/update_m1786353551/disk/updater26.700.0.php': Query(ALTER TABLE b_disk_tracked_object ADD INDEX IX_DISK_TO_5 (OBJECT_ID), )
2026-08-10 09:19:11 -  - TIME UpdateStepModules 0.173 sec
2026-08-10 09:19:11 - UPD_SUCCESS - Updated: disk (26.700.0)<br><li>Доработана ускоренная отдача медиа-контента. <li>Улучшена производительность. <li>Разработчикам: добавлено событие onAfterDeleteAttachedObject, которое вызывается после удаления прикрепленного файла.
2026-08-10 09:19:11 -  - exec CUpdateClient::LoadModulesUpdates
2026-08-10 09:19:11 -  - exec CUpdateClient::CollectRequestData
2026-08-10 09:19:11 -  - LICENSE_KEY=X&lang=ru&SUPD_VER=26.500.0&VERSION=26.650.100&TYPENC=E&SUPD_STS=1&SUPD_URS=1&SUPD_DBS=MYSQL&XE=N&CLIENT_SITE=bx.local&SERVER_NAME=192.168.1.129&CHHB=bx.local%3A443&CSAB=127.0.0.1&SUID=f7vg30ov0a7vr9lgyzcmsjo8apnwonjb&CANGZIP=Y&CLIENT_PHPVER=8.2.30&stable=Y&mbfo=0&NGINX=Y&SMD=N&rerere=Y&bitm_main=26.650.100&bitm_bizprocmobile=26.100.0&bitm_bitrixcloud=25.100.0&bitm_im=26.700.0&bitm_imconnectormobile=25.100.0&bitm_mail=26.600.100&bitm_sale=26.400.0&bitm_forum=26.100.0&bitm_support=26.0.0&bitm_learning=25.0.0&bitm_listsmobile=25.200.0&bitm_catalogmobile=26.100.0&bitm_rpa=26.0.0&bitm_abtest=26.0.0&bitm_humanresources=26.400.0&bitm_conversion=25.0.0&bitm_tasksmobile=26.500.0&bitm_crmmobile=26.200.0&bitm_pull=25.400.0&bitm_ui=26.500.0&bitm_biconnector=26.600.0&bitm_immobile=26.700.0&bitm_webservice=26.0.0&bitm_tasks=26.300.0&bitm_intranetmobile=26.600.0&bitm_currency=26.0.0&bitm_timeman=25.800.0&bitm_calendarmobile=26.400.0&bitm_seo=26.0.0&bitm_fileman=26.0.0&bitm_callmobile=26.400.0&bitm_imbot=26.250.0&bitm_socialservices=26.400.0&bitm_highloadblock=25.100.0&bitm_wiki=26.0.0&bitm_search=25.200.0&bitm_subscribe=25.0.0&bitm_workflow=26.0.0&bitm_iblock=26.0.0&bitm_advertising=24.200.0&bitm_crm=26.500.100&bitm_form=26.0.0&bitm_transformer=25.400.0&bitm_sender=26.200.0&bitm_lists=26.100.0&bitm_clouds=26.0.0&bitm_mobileapp=25.100.0&bitm_storeassist=24.0.0&bitm_xdimport=25.0.0&bitm_intranet=26.900.0&bitm_disk=26.700.0&bitm_calendar=26.0.0&bitm_market=26.0.100&bitm_location=26.100.100&bitm_call=26.400.0&bitm_imopenlines=26.500.0&bitm_photogallery=25.100.0&bitm_extranet=26.200.0&bitm_security=26.200.0&bitm_ai=26.700.0&bitm_dav=26.100.0&bitm_messageservice=26.100.0&bitm_signmobile=26.100.0&bitm_bizproc=26.700.0&bitm_statistic=26.0.0&bitm_landing=26.600.0&bitm_catalog=26.300.0&bitm_mobile=26.700.100&bitm_vote=26.200.0&bitm_booking=26.300.0&bitm_diskmobile=26.200.0&bitm_voximplant=26.500.0&bitm_imconnector=26.200.100&bitm_documentgenerator=26.100.0&bitm_bizprocdesigner=26.300.0&bitm_recyclebin=26.0.0&bitm_socialnetwork=26.0.0&bitm_translate=26.0.0&bitm_mailmobile=26.300.0&bitm_sign=26.400.100&bitm_controller=26.0.0&bitm_perfmon=25.300.0&bitm_blog=26.500.100&bitm_ldap=26.0.0&bitm_salescenter=26.0.0&bitm_b24connector=26.0.0&bitm_report=26.100.0&bitm_rest=26.400.200&bitm_baas=26.200.200&bitm_idea=25.0.0&bitm_meeting=26.0.0&bitm_webdav=23.200.0&bitm_xmpp=21.0.0&bitm_cluster=26.0.0&bitm_note=26.200.100&bitl_en=&bitl_ru=&SUPD_OFC=Portal%3AF%3A%2CCommunications%3AF%3A%2CEnterprise%3AF%3A&SUPD_SRS=RU&SUPD_CMP=N&SALE_15=Y&LICENSE_SIGNED=%7Enew_license24_400_sign-Y
2026-08-10 09:19:11 -  - exec CUpdateClient::GetHTTPPage
2026-08-10 09:19:11 -  - TIME LoadModulesUpdates(request) 0.147 sec
2026-08-10 09:19:11 -  - exec CUpdateClient::ParseServerData
2026-08-10 09:19:11 - S - STEP
2026-08-10 09:19:11 - LMU01 - LoadModulesUpdates-Step
2026-08-10 09:19:12 -  - exec CUpdateClient::LoadModulesUpdates
2026-08-10 09:19:12 -  - exec CUpdateClient::ParseServerData
2026-08-10 09:19:12 -  - loadFile
2026-08-10 09:19:12 - U - RETURN
2026-08-10 09:19:12 -  - exec CUpdateClient::UnGzipArchive
2026-08-10 09:19:12 -  - TIME UnGzipArchive 0.025 sec
2026-08-10 09:19:12 - CSURUS1 - Run updater '/bitrix/updates/update_m1786353552/disk/updater26.800.0.php'
2026-08-10 09:19:12 - CSURUS1 - Run updater '/bitrix/updates/update_m1786353552/disk/updater26.800.0.php'
2026-08-10 09:19:12 - CRUPDCF1 - Run updater '/bitrix/updates/update_m1786353552/disk/updater26.800.0.php': CopyFiles(install/components, components)
2026-08-10 09:19:12 - CRUPDCF1 - Run updater '/bitrix/updates/update_m1786353552/disk/updater26.800.0.php': CopyFiles(install/js, js)
2026-08-10 09:19:12 -  - TIME UpdateStepModules 0.183 sec
2026-08-10 09:19:12 - UPD_SUCCESS - Updated: disk (26.800.0)<br><li>Добавлен провайдера, позволяющий обрабатывать docx-документы из Диска в анонимайзере.
2026-08-10 09:19:12 -  - exec CUpdateClient::LoadModulesUpdates
2026-08-10 09:19:12 -  - exec CUpdateClient::CollectRequestData
2026-08-10 09:19:12 -  - LICENSE_KEY=X&lang=ru&SUPD_VER=26.500.0&VERSION=26.650.100&TYPENC=E&SUPD_STS=1&SUPD_URS=1&SUPD_DBS=MYSQL&XE=N&CLIENT_SITE=bx.local&SERVER_NAME=192.168.1.129&CHHB=bx.local%3A443&CSAB=127.0.0.1&SUID=f7vg30ov0a7vr9lgyzcmsjo8apnwonjb&CANGZIP=Y&CLIENT_PHPVER=8.2.30&stable=Y&mbfo=0&NGINX=Y&SMD=N&rerere=Y&bitm_main=26.650.100&bitm_bizprocmobile=26.100.0&bitm_bitrixcloud=25.100.0&bitm_im=26.700.0&bitm_imconnectormobile=25.100.0&bitm_mail=26.600.100&bitm_sale=26.400.0&bitm_forum=26.100.0&bitm_support=26.0.0&bitm_learning=25.0.0&bitm_listsmobile=25.200.0&bitm_catalogmobile=26.100.0&bitm_rpa=26.0.0&bitm_abtest=26.0.0&bitm_humanresources=26.400.0&bitm_conversion=25.0.0&bitm_tasksmobile=26.500.0&bitm_crmmobile=26.200.0&bitm_pull=25.400.0&bitm_ui=26.500.0&bitm_biconnector=26.600.0&bitm_immobile=26.700.0&bitm_webservice=26.0.0&bitm_tasks=26.300.0&bitm_intranetmobile=26.600.0&bitm_currency=26.0.0&bitm_timeman=25.800.0&bitm_calendarmobile=26.400.0&bitm_seo=26.0.0&bitm_fileman=26.0.0&bitm_callmobile=26.400.0&bitm_imbot=26.250.0&bitm_socialservices=26.400.0&bitm_highloadblock=25.100.0&bitm_wiki=26.0.0&bitm_search=25.200.0&bitm_subscribe=25.0.0&bitm_workflow=26.0.0&bitm_iblock=26.0.0&bitm_advertising=24.200.0&bitm_crm=26.500.100&bitm_form=26.0.0&bitm_transformer=25.400.0&bitm_sender=26.200.0&bitm_lists=26.100.0&bitm_clouds=26.0.0&bitm_mobileapp=25.100.0&bitm_storeassist=24.0.0&bitm_xdimport=25.0.0&bitm_intranet=26.900.0&bitm_disk=26.800.0&bitm_calendar=26.0.0&bitm_market=26.0.100&bitm_location=26.100.100&bitm_call=26.400.0&bitm_imopenlines=26.500.0&bitm_photogallery=25.100.0&bitm_extranet=26.200.0&bitm_security=26.200.0&bitm_ai=26.700.0&bitm_dav=26.100.0&bitm_messageservice=26.100.0&bitm_signmobile=26.100.0&bitm_bizproc=26.700.0&bitm_statistic=26.0.0&bitm_landing=26.600.0&bitm_catalog=26.300.0&bitm_mobile=26.700.100&bitm_vote=26.200.0&bitm_booking=26.300.0&bitm_diskmobile=26.200.0&bitm_voximplant=26.500.0&bitm_imconnector=26.200.100&bitm_documentgenerator=26.100.0&bitm_bizprocdesigner=26.300.0&bitm_recyclebin=26.0.0&bitm_socialnetwork=26.0.0&bitm_translate=26.0.0&bitm_mailmobile=26.300.0&bitm_sign=26.400.100&bitm_controller=26.0.0&bitm_perfmon=25.300.0&bitm_blog=26.500.100&bitm_ldap=26.0.0&bitm_salescenter=26.0.0&bitm_b24connector=26.0.0&bitm_report=26.100.0&bitm_rest=26.400.200&bitm_baas=26.200.200&bitm_idea=25.0.0&bitm_meeting=26.0.0&bitm_webdav=23.200.0&bitm_xmpp=21.0.0&bitm_cluster=26.0.0&bitm_note=26.200.100&bitl_en=&bitl_ru=&SUPD_OFC=Portal%3AF%3A%2CCommunications%3AF%3A%2CEnterprise%3AF%3A&SUPD_SRS=RU&SUPD_CMP=N&SALE_15=Y&LICENSE_SIGNED=%7Enew_license24_400_sign-Y
2026-08-10 09:19:12 -  - exec CUpdateClient::GetHTTPPage
2026-08-10 09:19:13 -  - TIME LoadModulesUpdates(request) 0.151 sec
2026-08-10 09:19:13 -  - exec CUpdateClient::ParseServerData
2026-08-10 09:19:13 - S - STEP
2026-08-10 09:19:13 - LMU01 - LoadModulesUpdates-Step
2026-08-10 09:19:13 -  - exec CUpdateClient::LoadModulesUpdates
2026-08-10 09:19:13 -  - exec CUpdateClient::ParseServerData
2026-08-10 09:19:13 -  - loadFile
2026-08-10 09:19:13 - U - RETURN
2026-08-10 09:19:13 -  - exec CUpdateClient::UnGzipArchive
2026-08-10 09:19:13 -  - TIME UnGzipArchive 0.003 sec
2026-08-10 09:19:13 -  - TIME UpdateStepModules 0.01 sec
2026-08-10 09:19:13 - UPD_SUCCESS - Updated: disk (26.850.0)<br><li>Разработчикам: добавлен REST-метод disk.file.search для поиска файлов и папок по названию с учётом прав доступа, с фильтрацией по хранилищу или папке и постраничной выдачей результатов. 
2026-08-10 09:19:13 -  - exec CUpdateClient::LoadModulesUpdates
2026-08-10 09:19:13 -  - exec CUpdateClient::CollectRequestData
2026-08-10 09:19:13 -  - LICENSE_KEY=X&lang=ru&SUPD_VER=26.500.0&VERSION=26.650.100&TYPENC=E&SUPD_STS=1&SUPD_URS=1&SUPD_DBS=MYSQL&XE=N&CLIENT_SITE=bx.local&SERVER_NAME=192.168.1.129&CHHB=bx.local%3A443&CSAB=127.0.0.1&SUID=f7vg30ov0a7vr9lgyzcmsjo8apnwonjb&CANGZIP=Y&CLIENT_PHPVER=8.2.30&stable=Y&mbfo=0&NGINX=Y&SMD=N&rerere=Y&bitm_main=26.650.100&bitm_bizprocmobile=26.100.0&bitm_bitrixcloud=25.100.0&bitm_im=26.700.0&bitm_imconnectormobile=25.100.0&bitm_mail=26.600.100&bitm_sale=26.400.0&bitm_forum=26.100.0&bitm_support=26.0.0&bitm_learning=25.0.0&bitm_listsmobile=25.200.0&bitm_catalogmobile=26.100.0&bitm_rpa=26.0.0&bitm_abtest=26.0.0&bitm_humanresources=26.400.0&bitm_conversion=25.0.0&bitm_tasksmobile=26.500.0&bitm_crmmobile=26.200.0&bitm_pull=25.400.0&bitm_ui=26.500.0&bitm_biconnector=26.600.0&bitm_immobile=26.700.0&bitm_webservice=26.0.0&bitm_tasks=26.300.0&bitm_intranetmobile=26.600.0&bitm_currency=26.0.0&bitm_timeman=25.800.0&bitm_calendarmobile=26.400.0&bitm_seo=26.0.0&bitm_fileman=26.0.0&bitm_callmobile=26.400.0&bitm_imbot=26.250.0&bitm_socialservices=26.400.0&bitm_highloadblock=25.100.0&bitm_wiki=26.0.0&bitm_search=25.200.0&bitm_subscribe=25.0.0&bitm_workflow=26.0.0&bitm_iblock=26.0.0&bitm_advertising=24.200.0&bitm_crm=26.500.100&bitm_form=26.0.0&bitm_transformer=25.400.0&bitm_sender=26.200.0&bitm_lists=26.100.0&bitm_clouds=26.0.0&bitm_mobileapp=25.100.0&bitm_storeassist=24.0.0&bitm_xdimport=25.0.0&bitm_intranet=26.900.0&bitm_disk=26.850.0&bitm_calendar=26.0.0&bitm_market=26.0.100&bitm_location=26.100.100&bitm_call=26.400.0&bitm_imopenlines=26.500.0&bitm_photogallery=25.100.0&bitm_extranet=26.200.0&bitm_security=26.200.0&bitm_ai=26.700.0&bitm_dav=26.100.0&bitm_messageservice=26.100.0&bitm_signmobile=26.100.0&bitm_bizproc=26.700.0&bitm_statistic=26.0.0&bitm_landing=26.600.0&bitm_catalog=26.300.0&bitm_mobile=26.700.100&bitm_vote=26.200.0&bitm_booking=26.300.0&bitm_diskmobile=26.200.0&bitm_voximplant=26.500.0&bitm_imconnector=26.200.100&bitm_documentgenerator=26.100.0&bitm_bizprocdesigner=26.300.0&bitm_recyclebin=26.0.0&bitm_socialnetwork=26.0.0&bitm_translate=26.0.0&bitm_mailmobile=26.300.0&bitm_sign=26.400.100&bitm_controller=26.0.0&bitm_perfmon=25.300.0&bitm_blog=26.500.100&bitm_ldap=26.0.0&bitm_salescenter=26.0.0&bitm_b24connector=26.0.0&bitm_report=26.100.0&bitm_rest=26.400.200&bitm_baas=26.200.200&bitm_idea=25.0.0&bitm_meeting=26.0.0&bitm_webdav=23.200.0&bitm_xmpp=21.0.0&bitm_cluster=26.0.0&bitm_note=26.200.100&bitl_en=&bitl_ru=&SUPD_OFC=Portal%3AF%3A%2CCommunications%3AF%3A%2CEnterprise%3AF%3A&SUPD_SRS=RU&SUPD_CMP=N&SALE_15=Y&LICENSE_SIGNED=%7Enew_license24_400_sign-Y
2026-08-10 09:19:13 -  - exec CUpdateClient::GetHTTPPage
2026-08-10 09:19:14 -  - TIME LoadModulesUpdates(request) 0.165 sec
2026-08-10 09:19:14 -  - exec CUpdateClient::ParseServerData
2026-08-10 09:19:14 - S - STEP
2026-08-10 09:19:14 - LMU01 - LoadModulesUpdates-Step
2026-08-10 09:19:14 -  - exec CUpdateClient::LoadModulesUpdates
2026-08-10 09:19:14 -  - exec CUpdateClient::ParseServerData
2026-08-10 09:19:14 -  - loadFile
2026-08-10 09:19:14 - U - RETURN
2026-08-10 09:19:14 -  - exec CUpdateClient::UnGzipArchive
2026-08-10 09:19:14 -  - TIME UnGzipArchive 0.002 sec
2026-08-10 09:19:14 - CSURUS1 - Run updater '/bitrix/updates/update_m1786353554/biconnector/updater26.600.100/index.php'
2026-08-10 09:19:14 - CSURUS1 - Run updater '/bitrix/updates/update_m1786353554/biconnector/updater26.600.100/index.php'
2026-08-10 09:19:14 - CRUPDCF1 - Run updater '/bitrix/updates/update_m1786353554/biconnector/updater26.600.100/index.php': CopyFiles(install/components, components)
2026-08-10 09:19:14 -  - TIME UpdateStepModules 0.007 sec
2026-08-10 09:19:14 - UPD_SUCCESS - Updated: biconnector (26.600.100)<br><li>Исправлена ошибка прикрепления отчёта BI Конструктора к порталу.
2026-08-10 09:19:14 -  - exec CUpdateClient::LoadModulesUpdates
2026-08-10 09:19:14 -  - exec CUpdateClient::CollectRequestData
2026-08-10 09:19:14 -  - LICENSE_KEY=X&lang=ru&SUPD_VER=26.500.0&VERSION=26.650.100&TYPENC=E&SUPD_STS=1&SUPD_URS=1&SUPD_DBS=MYSQL&XE=N&CLIENT_SITE=bx.local&SERVER_NAME=192.168.1.129&CHHB=bx.local%3A443&CSAB=127.0.0.1&SUID=f7vg30ov0a7vr9lgyzcmsjo8apnwonjb&CANGZIP=Y&CLIENT_PHPVER=8.2.30&stable=Y&mbfo=0&NGINX=Y&SMD=N&rerere=Y&bitm_main=26.650.100&bitm_bizprocmobile=26.100.0&bitm_bitrixcloud=25.100.0&bitm_im=26.700.0&bitm_imconnectormobile=25.100.0&bitm_mail=26.600.100&bitm_sale=26.400.0&bitm_forum=26.100.0&bitm_support=26.0.0&bitm_learning=25.0.0&bitm_listsmobile=25.200.0&bitm_catalogmobile=26.100.0&bitm_rpa=26.0.0&bitm_abtest=26.0.0&bitm_humanresources=26.400.0&bitm_conversion=25.0.0&bitm_tasksmobile=26.500.0&bitm_crmmobile=26.200.0&bitm_pull=25.400.0&bitm_ui=26.500.0&bitm_biconnector=26.600.100&bitm_immobile=26.700.0&bitm_webservice=26.0.0&bitm_tasks=26.300.0&bitm_intranetmobile=26.600.0&bitm_currency=26.0.0&bitm_timeman=25.800.0&bitm_calendarmobile=26.400.0&bitm_seo=26.0.0&bitm_fileman=26.0.0&bitm_callmobile=26.400.0&bitm_imbot=26.250.0&bitm_socialservices=26.400.0&bitm_highloadblock=25.100.0&bitm_wiki=26.0.0&bitm_search=25.200.0&bitm_subscribe=25.0.0&bitm_workflow=26.0.0&bitm_iblock=26.0.0&bitm_advertising=24.200.0&bitm_crm=26.500.100&bitm_form=26.0.0&bitm_transformer=25.400.0&bitm_sender=26.200.0&bitm_lists=26.100.0&bitm_clouds=26.0.0&bitm_mobileapp=25.100.0&bitm_storeassist=24.0.0&bitm_xdimport=25.0.0&bitm_intranet=26.900.0&bitm_disk=26.850.0&bitm_calendar=26.0.0&bitm_market=26.0.100&bitm_location=26.100.100&bitm_call=26.400.0&bitm_imopenlines=26.500.0&bitm_photogallery=25.100.0&bitm_extranet=26.200.0&bitm_security=26.200.0&bitm_ai=26.700.0&bitm_dav=26.100.0&bitm_messageservice=26.100.0&bitm_signmobile=26.100.0&bitm_bizproc=26.700.0&bitm_statistic=26.0.0&bitm_landing=26.600.0&bitm_catalog=26.300.0&bitm_mobile=26.700.100&bitm_vote=26.200.0&bitm_booking=26.300.0&bitm_diskmobile=26.200.0&bitm_voximplant=26.500.0&bitm_imconnector=26.200.100&bitm_documentgenerator=26.100.0&bitm_bizprocdesigner=26.300.0&bitm_recyclebin=26.0.0&bitm_socialnetwork=26.0.0&bitm_translate=26.0.0&bitm_mailmobile=26.300.0&bitm_sign=26.400.100&bitm_controller=26.0.0&bitm_perfmon=25.300.0&bitm_blog=26.500.100&bitm_ldap=26.0.0&bitm_salescenter=26.0.0&bitm_b24connector=26.0.0&bitm_report=26.100.0&bitm_rest=26.400.200&bitm_baas=26.200.200&bitm_idea=25.0.0&bitm_meeting=26.0.0&bitm_webdav=23.200.0&bitm_xmpp=21.0.0&bitm_cluster=26.0.0&bitm_note=26.200.100&bitl_en=&bitl_ru=&SUPD_OFC=Portal%3AF%3A%2CCommunications%3AF%3A%2CEnterprise%3AF%3A&SUPD_SRS=RU&SUPD_CMP=N&SALE_15=Y&LICENSE_SIGNED=%7Enew_license24_400_sign-Y
2026-08-10 09:19:14 -  - exec CUpdateClient::GetHTTPPage
2026-08-10 09:19:15 -  - TIME LoadModulesUpdates(request) 0.152 sec
2026-08-10 09:19:15 -  - exec CUpdateClient::ParseServerData
2026-08-10 09:19:15 - S - STEP
2026-08-10 09:19:15 - LMU01 - LoadModulesUpdates-Step
2026-08-10 09:19:15 -  - exec CUpdateClient::LoadModulesUpdates
2026-08-10 09:19:15 -  - exec CUpdateClient::ParseServerData
2026-08-10 09:19:15 -  - loadFile
2026-08-10 09:19:15 - U - RETURN
2026-08-10 09:19:15 -  - exec CUpdateClient::UnGzipArchive
2026-08-10 09:19:15 -  - TIME UnGzipArchive 0.04 sec
2026-08-10 09:19:15 - CSURUS1 - Run updater '/bitrix/updates/update_m1786353555/biconnector/updater26.700.0/index.php'
2026-08-10 09:19:15 - CSURUS1 - Run updater '/bitrix/updates/update_m1786353555/biconnector/updater26.700.0/index.php'
2026-08-10 09:19:16 - CRUPDCF1 - Run updater '/bitrix/updates/update_m1786353555/biconnector/updater26.700.0/index.php': CopyFiles(install/activities, activities)
2026-08-10 09:19:16 - CRUPDCF1 - Run updater '/bitrix/updates/update_m1786353555/biconnector/updater26.700.0/index.php': CopyFiles(install/components, components)
2026-08-10 09:19:16 - CRUPDCF1 - Run updater '/bitrix/updates/update_m1786353555/biconnector/updater26.700.0/index.php': CopyFiles(install/js, js)
2026-08-10 09:19:16 - CRUPDCF1 - Run updater '/bitrix/updates/update_m1786353555/biconnector/updater26.700.0/index.php': CopyFiles(install/public/bitrix/tools, tools)
2026-08-10 09:19:16 - CRUPDCF1 - Run updater '/bitrix/updates/update_m1786353555/biconnector/updater26.700.0/index.php': CopyFiles(install/templates, templates)
2026-08-10 09:19:16 -  - TIME UpdateStepModules 0.383 sec
2026-08-10 09:19:16 - UPD_SUCCESS - Updated: biconnector (26.700.0)<br><li>В статистике использования BI Конструктора теперь видно, из какого отчёта, графика и датасета был сделан запрос. <li>В статистике использования добавлена колонка \"Нагрузка\" с рекомендациями по оптимизации запросов.
2026-08-10 09:19:16 -  - exec CUpdateClient::LoadModulesUpdates
2026-08-10 09:19:16 -  - exec CUpdateClient::CollectRequestData
2026-08-10 09:19:16 -  - LICENSE_KEY=X&lang=ru&SUPD_VER=26.500.0&VERSION=26.650.100&TYPENC=E&SUPD_STS=1&SUPD_URS=1&SUPD_DBS=MYSQL&XE=N&CLIENT_SITE=bx.local&SERVER_NAME=192.168.1.129&CHHB=bx.local%3A443&CSAB=127.0.0.1&SUID=f7vg30ov0a7vr9lgyzcmsjo8apnwonjb&CANGZIP=Y&CLIENT_PHPVER=8.2.30&stable=Y&mbfo=0&NGINX=Y&SMD=N&rerere=Y&bitm_main=26.650.100&bitm_bizprocmobile=26.100.0&bitm_bitrixcloud=25.100.0&bitm_im=26.700.0&bitm_imconnectormobile=25.100.0&bitm_mail=26.600.100&bitm_sale=26.400.0&bitm_forum=26.100.0&bitm_support=26.0.0&bitm_learning=25.0.0&bitm_listsmobile=25.200.0&bitm_catalogmobile=26.100.0&bitm_rpa=26.0.0&bitm_abtest=26.0.0&bitm_humanresources=26.400.0&bitm_conversion=25.0.0&bitm_tasksmobile=26.500.0&bitm_crmmobile=26.200.0&bitm_pull=25.400.0&bitm_ui=26.500.0&bitm_biconnector=26.700.0&bitm_immobile=26.700.0&bitm_webservice=26.0.0&bitm_tasks=26.300.0&bitm_intranetmobile=26.600.0&bitm_currency=26.0.0&bitm_timeman=25.800.0&bitm_calendarmobile=26.400.0&bitm_seo=26.0.0&bitm_fileman=26.0.0&bitm_callmobile=26.400.0&bitm_imbot=26.250.0&bitm_socialservices=26.400.0&bitm_highloadblock=25.100.0&bitm_wiki=26.0.0&bitm_search=25.200.0&bitm_subscribe=25.0.0&bitm_workflow=26.0.0&bitm_iblock=26.0.0&bitm_advertising=24.200.0&bitm_crm=26.500.100&bitm_form=26.0.0&bitm_transformer=25.400.0&bitm_sender=26.200.0&bitm_lists=26.100.0&bitm_clouds=26.0.0&bitm_mobileapp=25.100.0&bitm_storeassist=24.0.0&bitm_xdimport=25.0.0&bitm_intranet=26.900.0&bitm_disk=26.850.0&bitm_calendar=26.0.0&bitm_market=26.0.100&bitm_location=26.100.100&bitm_call=26.400.0&bitm_imopenlines=26.500.0&bitm_photogallery=25.100.0&bitm_extranet=26.200.0&bitm_security=26.200.0&bitm_ai=26.700.0&bitm_dav=26.100.0&bitm_messageservice=26.100.0&bitm_signmobile=26.100.0&bitm_bizproc=26.700.0&bitm_statistic=26.0.0&bitm_landing=26.600.0&bitm_catalog=26.300.0&bitm_mobile=26.700.100&bitm_vote=26.200.0&bitm_booking=26.300.0&bitm_diskmobile=26.200.0&bitm_voximplant=26.500.0&bitm_imconnector=26.200.100&bitm_documentgenerator=26.100.0&bitm_bizprocdesigner=26.300.0&bitm_recyclebin=26.0.0&bitm_socialnetwork=26.0.0&bitm_translate=26.0.0&bitm_mailmobile=26.300.0&bitm_sign=26.400.100&bitm_controller=26.0.0&bitm_perfmon=25.300.0&bitm_blog=26.500.100&bitm_ldap=26.0.0&bitm_salescenter=26.0.0&bitm_b24connector=26.0.0&bitm_report=26.100.0&bitm_rest=26.400.200&bitm_baas=26.200.200&bitm_idea=25.0.0&bitm_meeting=26.0.0&bitm_webdav=23.200.0&bitm_xmpp=21.0.0&bitm_cluster=26.0.0&bitm_note=26.200.100&bitl_en=&bitl_ru=&SUPD_OFC=Portal%3AF%3A%2CCommunications%3AF%3A%2CEnterprise%3AF%3A&SUPD_SRS=RU&SUPD_CMP=N&SALE_15=Y&LICENSE_SIGNED=%7Enew_license24_400_sign-Y
2026-08-10 09:19:16 -  - exec CUpdateClient::GetHTTPPage
2026-08-10 09:19:16 -  - TIME LoadModulesUpdates(request) 0.164 sec
2026-08-10 09:19:16 -  - exec CUpdateClient::ParseServerData
2026-08-10 09:19:16 - S - STEP
2026-08-10 09:19:16 - LMU01 - LoadModulesUpdates-Step
2026-08-10 09:19:16 -  - exec CUpdateClient::LoadModulesUpdates
2026-08-10 09:19:16 -  - exec CUpdateClient::ParseServerData
2026-08-10 09:19:16 -  - loadFile
2026-08-10 09:19:17 - U - RETURN
2026-08-10 09:19:17 -  - exec CUpdateClient::UnGzipArchive
2026-08-10 09:19:17 -  - TIME UnGzipArchive 0.112 sec
2026-08-10 09:19:17 - CSURUS1 - Run updater '/bitrix/updates/update_m1786353557/bizprocdesigner/updater26.400.0.php'
2026-08-10 09:19:17 - CSURUS1 - Run updater '/bitrix/updates/update_m1786353557/bizprocdesigner/updater26.400.0.php'
2026-08-10 09:19:17 - CRUPDCF1 - Run updater '/bitrix/updates/update_m1786353557/bizprocdesigner/updater26.400.0.php': CopyFiles(install/activities, activities)
2026-08-10 09:19:17 - CRUPDCF1 - Run updater '/bitrix/updates/update_m1786353557/bizprocdesigner/updater26.400.0.php': CopyFiles(install/components, components)
2026-08-10 09:19:17 - CRUPDCF1 - Run updater '/bitrix/updates/update_m1786353557/bizprocdesigner/updater26.400.0.php': CopyFiles(install/js, js)
2026-08-10 09:19:17 - CSURUS1 - Run updater '/bitrix/updates/update_m1786353557/bizproc/updater26.800.0.php'
2026-08-10 09:19:17 - CSURUS1 - Run updater '/bitrix/updates/update_m1786353557/bizproc/updater26.800.0.php'
2026-08-10 09:19:17 - CRUPDCF1 - Run updater '/bitrix/updates/update_m1786353557/bizproc/updater26.800.0.php': CopyFiles(install/activities, activities)
2026-08-10 09:19:17 - CRUPDCF1 - Run updater '/bitrix/updates/update_m1786353557/bizproc/updater26.800.0.php': CopyFiles(install/components, components)
2026-08-10 09:19:17 - CRUPDCF1 - Run updater '/bitrix/updates/update_m1786353557/bizproc/updater26.800.0.php': CopyFiles(install/js, js)
2026-08-10 09:19:18 -  - TIME UpdateStepModules 0.566 sec
2026-08-10 09:19:18 - UPD_SUCCESS - Updated: bizproc (26.800.0)<br><li>Исправлен сброс значения часового пояса в действии «Запись данных в поле дата/время». <li>Перенесена форма создания и редактирования константы в действие «Мастер настройки данных» из слайдера. <li>Добавлен блок данных в универсальных нодах с поддержкой дозагрузки полей для возвращаемого свойства документа. <li>Исправлена ошибка, при которой задание бизнес-процесса не выполнялось с первого раза. <li>Добавлена настройка типа завершения для триггера «Завершение рабочего дня». <li>Добавлена возможность вставки значений в поля хранилища в действии «Запись данных». <li>Исправлены ошибки по шаблонам AI агентов. 
2026-08-10 09:19:18 - UPD_SUCCESS - Updated: bizprocdesigner (26.400.0)<br><li>Обновлена универсальная нода агента. <li>Исправлено несоответствие иконок и цвета в нодах. <li>Исправлено всплывающее сообщение при валидации свойств без кода ошибки. <li>Исправлено соединение настроек нод в новом шаблоне БП. <li>Обновлён внешний вид нод: \"Мастер настройки\", \"AI-обработчик\", \"Блок условий\". 
2026-08-10 09:19:18 -  - exec CUpdateClient::LoadModulesUpdates
2026-08-10 09:19:18 -  - exec CUpdateClient::CollectRequestData
2026-08-10 09:19:18 -  - LICENSE_KEY=X&lang=ru&SUPD_VER=26.500.0&VERSION=26.650.100&TYPENC=E&SUPD_STS=1&SUPD_URS=1&SUPD_DBS=MYSQL&XE=N&CLIENT_SITE=bx.local&SERVER_NAME=192.168.1.129&CHHB=bx.local%3A443&CSAB=127.0.0.1&SUID=f7vg30ov0a7vr9lgyzcmsjo8apnwonjb&CANGZIP=Y&CLIENT_PHPVER=8.2.30&stable=Y&mbfo=0&NGINX=Y&SMD=N&rerere=Y&bitm_main=26.650.100&bitm_bizprocmobile=26.100.0&bitm_bitrixcloud=25.100.0&bitm_im=26.700.0&bitm_imconnectormobile=25.100.0&bitm_mail=26.600.100&bitm_sale=26.400.0&bitm_forum=26.100.0&bitm_support=26.0.0&bitm_learning=25.0.0&bitm_listsmobile=25.200.0&bitm_catalogmobile=26.100.0&bitm_rpa=26.0.0&bitm_abtest=26.0.0&bitm_humanresources=26.400.0&bitm_conversion=25.0.0&bitm_tasksmobile=26.500.0&bitm_crmmobile=26.200.0&bitm_pull=25.400.0&bitm_ui=26.500.0&bitm_biconnector=26.700.0&bitm_immobile=26.700.0&bitm_webservice=26.0.0&bitm_tasks=26.300.0&bitm_intranetmobile=26.600.0&bitm_currency=26.0.0&bitm_timeman=25.800.0&bitm_calendarmobile=26.400.0&bitm_seo=26.0.0&bitm_fileman=26.0.0&bitm_callmobile=26.400.0&bitm_imbot=26.250.0&bitm_socialservices=26.400.0&bitm_highloadblock=25.100.0&bitm_wiki=26.0.0&bitm_search=25.200.0&bitm_subscribe=25.0.0&bitm_workflow=26.0.0&bitm_iblock=26.0.0&bitm_advertising=24.200.0&bitm_crm=26.500.100&bitm_form=26.0.0&bitm_transformer=25.400.0&bitm_sender=26.200.0&bitm_lists=26.100.0&bitm_clouds=26.0.0&bitm_mobileapp=25.100.0&bitm_storeassist=24.0.0&bitm_xdimport=25.0.0&bitm_intranet=26.900.0&bitm_disk=26.850.0&bitm_calendar=26.0.0&bitm_market=26.0.100&bitm_location=26.100.100&bitm_call=26.400.0&bitm_imopenlines=26.500.0&bitm_photogallery=25.100.0&bitm_extranet=26.200.0&bitm_security=26.200.0&bitm_ai=26.700.0&bitm_dav=26.100.0&bitm_messageservice=26.100.0&bitm_signmobile=26.100.0&bitm_bizproc=26.800.0&bitm_statistic=26.0.0&bitm_landing=26.600.0&bitm_catalog=26.300.0&bitm_mobile=26.700.100&bitm_vote=26.200.0&bitm_booking=26.300.0&bitm_diskmobile=26.200.0&bitm_voximplant=26.500.0&bitm_imconnector=26.200.100&bitm_documentgenerator=26.100.0&bitm_bizprocdesigner=26.400.0&bitm_recyclebin=26.0.0&bitm_socialnetwork=26.0.0&bitm_translate=26.0.0&bitm_mailmobile=26.300.0&bitm_sign=26.400.100&bitm_controller=26.0.0&bitm_perfmon=25.300.0&bitm_blog=26.500.100&bitm_ldap=26.0.0&bitm_salescenter=26.0.0&bitm_b24connector=26.0.0&bitm_report=26.100.0&bitm_rest=26.400.200&bitm_baas=26.200.200&bitm_idea=25.0.0&bitm_meeting=26.0.0&bitm_webdav=23.200.0&bitm_xmpp=21.0.0&bitm_cluster=26.0.0&bitm_note=26.200.100&bitl_en=&bitl_ru=&SUPD_OFC=Portal%3AF%3A%2CCommunications%3AF%3A%2CEnterprise%3AF%3A&SUPD_SRS=RU&SUPD_CMP=N&SALE_15=Y&LICENSE_SIGNED=%7Enew_license24_400_sign-Y
2026-08-10 09:19:18 -  - exec CUpdateClient::GetHTTPPage
2026-08-10 09:19:18 -  - TIME LoadModulesUpdates(request) 0.157 sec
2026-08-10 09:19:18 -  - exec CUpdateClient::ParseServerData
2026-08-10 09:19:18 - S - STEP
2026-08-10 09:19:18 - LMU01 - LoadModulesUpdates-Step
2026-08-10 09:19:18 -  - exec CUpdateClient::LoadModulesUpdates
2026-08-10 09:19:18 -  - exec CUpdateClient::ParseServerData
2026-08-10 09:19:18 -  - loadFile
2026-08-10 09:19:19 - U - RETURN
2026-08-10 09:19:19 -  - exec CUpdateClient::UnGzipArchive
2026-08-10 09:19:19 -  - TIME UnGzipArchive 0.037 sec
2026-08-10 09:19:19 - CSURUS1 - Run updater '/bitrix/updates/update_m1786353559/bizproc/updater26.900.0.php'
2026-08-10 09:19:19 - CSURUS1 - Run updater '/bitrix/updates/update_m1786353559/bizproc/updater26.900.0.php'
2026-08-10 09:19:19 - CRUPDCF1 - Process module 'bizproc': copyInstallFiles(install/components, components)
2026-08-10 09:19:19 - CRUPDCF1 - Process module 'bizproc': copyInstallFiles(install/js, js)
2026-08-10 09:19:19 - CRUPDCF1 - Process module 'bizproc': copyInstallFiles(install/activities, activities)
2026-08-10 09:19:19 -  - TIME UpdateStepModules 0.182 sec
2026-08-10 09:19:19 - UPD_SUCCESS - Updated: bizproc (26.900.0)<br><li>Доработан АИ-агент «Планирование дня и контроль». <li>Доработан агент управления проектами. <li>Улучшена работа хранилища данных. <li>Исправлена ошибка повторного выполнения автоматизации. 
2026-08-10 09:19:19 -  - exec CUpdateClient::LoadModulesUpdates
2026-08-10 09:19:19 -  - exec CUpdateClient::CollectRequestData
2026-08-10 09:19:19 -  - LICENSE_KEY=X&lang=ru&SUPD_VER=26.500.0&VERSION=26.650.100&TYPENC=E&SUPD_STS=1&SUPD_URS=1&SUPD_DBS=MYSQL&XE=N&CLIENT_SITE=bx.local&SERVER_NAME=192.168.1.129&CHHB=bx.local%3A443&CSAB=127.0.0.1&SUID=f7vg30ov0a7vr9lgyzcmsjo8apnwonjb&CANGZIP=Y&CLIENT_PHPVER=8.2.30&stable=Y&mbfo=0&NGINX=Y&SMD=N&rerere=Y&bitm_main=26.650.100&bitm_bizprocmobile=26.100.0&bitm_bitrixcloud=25.100.0&bitm_im=26.700.0&bitm_imconnectormobile=25.100.0&bitm_mail=26.600.100&bitm_sale=26.400.0&bitm_forum=26.100.0&bitm_support=26.0.0&bitm_learning=25.0.0&bitm_listsmobile=25.200.0&bitm_catalogmobile=26.100.0&bitm_rpa=26.0.0&bitm_abtest=26.0.0&bitm_humanresources=26.400.0&bitm_conversion=25.0.0&bitm_tasksmobile=26.500.0&bitm_crmmobile=26.200.0&bitm_pull=25.400.0&bitm_ui=26.500.0&bitm_biconnector=26.700.0&bitm_immobile=26.700.0&bitm_webservice=26.0.0&bitm_tasks=26.300.0&bitm_intranetmobile=26.600.0&bitm_currency=26.0.0&bitm_timeman=25.800.0&bitm_calendarmobile=26.400.0&bitm_seo=26.0.0&bitm_fileman=26.0.0&bitm_callmobile=26.400.0&bitm_imbot=26.250.0&bitm_socialservices=26.400.0&bitm_highloadblock=25.100.0&bitm_wiki=26.0.0&bitm_search=25.200.0&bitm_subscribe=25.0.0&bitm_workflow=26.0.0&bitm_iblock=26.0.0&bitm_advertising=24.200.0&bitm_crm=26.500.100&bitm_form=26.0.0&bitm_transformer=25.400.0&bitm_sender=26.200.0&bitm_lists=26.100.0&bitm_clouds=26.0.0&bitm_mobileapp=25.100.0&bitm_storeassist=24.0.0&bitm_xdimport=25.0.0&bitm_intranet=26.900.0&bitm_disk=26.850.0&bitm_calendar=26.0.0&bitm_market=26.0.100&bitm_location=26.100.100&bitm_call=26.400.0&bitm_imopenlines=26.500.0&bitm_photogallery=25.100.0&bitm_extranet=26.200.0&bitm_security=26.200.0&bitm_ai=26.700.0&bitm_dav=26.100.0&bitm_messageservice=26.100.0&bitm_signmobile=26.100.0&bitm_bizproc=26.900.0&bitm_statistic=26.0.0&bitm_landing=26.600.0&bitm_catalog=26.300.0&bitm_mobile=26.700.100&bitm_vote=26.200.0&bitm_booking=26.300.0&bitm_diskmobile=26.200.0&bitm_voximplant=26.500.0&bitm_imconnector=26.200.100&bitm_documentgenerator=26.100.0&bitm_bizprocdesigner=26.400.0&bitm_recyclebin=26.0.0&bitm_socialnetwork=26.0.0&bitm_translate=26.0.0&bitm_mailmobile=26.300.0&bitm_sign=26.400.100&bitm_controller=26.0.0&bitm_perfmon=25.300.0&bitm_blog=26.500.100&bitm_ldap=26.0.0&bitm_salescenter=26.0.0&bitm_b24connector=26.0.0&bitm_report=26.100.0&bitm_rest=26.400.200&bitm_baas=26.200.200&bitm_idea=25.0.0&bitm_meeting=26.0.0&bitm_webdav=23.200.0&bitm_xmpp=21.0.0&bitm_cluster=26.0.0&bitm_note=26.200.100&bitl_en=&bitl_ru=&SUPD_OFC=Portal%3AF%3A%2CCommunications%3AF%3A%2CEnterprise%3AF%3A&SUPD_SRS=RU&SUPD_CMP=N&SALE_15=Y&LICENSE_SIGNED=%7Enew_license24_400_sign-Y
2026-08-10 09:19:19 -  - exec CUpdateClient::GetHTTPPage
2026-08-10 09:19:19 -  - TIME LoadModulesUpdates(request) 0.147 sec
2026-08-10 09:19:19 -  - exec CUpdateClient::ParseServerData
2026-08-10 09:19:19 - S - STEP
2026-08-10 09:19:19 - LMU01 - LoadModulesUpdates-Step
2026-08-10 09:19:20 -  - exec CUpdateClient::LoadModulesUpdates
2026-08-10 09:19:20 -  - exec CUpdateClient::ParseServerData
2026-08-10 09:19:20 -  - loadFile
2026-08-10 09:19:20 - U - RETURN
2026-08-10 09:19:20 -  - exec CUpdateClient::UnGzipArchive
2026-08-10 09:19:20 -  - TIME UnGzipArchive 0.124 sec
2026-08-10 09:19:20 - CSURUS1 - Run updater '/bitrix/updates/update_m1786353560/bizprocdesigner/updater26.500.0.php'
2026-08-10 09:19:20 - CSURUS1 - Run updater '/bitrix/updates/update_m1786353560/bizprocdesigner/updater26.500.0.php'
2026-08-10 09:19:20 - CRUPDCF1 - Run updater '/bitrix/updates/update_m1786353560/bizprocdesigner/updater26.500.0.php': CopyFiles(install/components, components)
2026-08-10 09:19:20 - CRUPDCF1 - Run updater '/bitrix/updates/update_m1786353560/bizprocdesigner/updater26.500.0.php': CopyFiles(install/js, js)
2026-08-10 09:19:21 - CRUPDCF1 - Run updater '/bitrix/updates/update_m1786353560/bizprocdesigner/updater26.500.0.php': CopyFiles(install/tools, tools)
2026-08-10 09:19:21 -  - TIME UpdateStepModules 0.919 sec
2026-08-10 09:19:21 - UPD_SUCCESS - Updated: bizprocdesigner (26.500.0)<br><li>Добавлена анимация нод в конструкторе бизнес-процессов. <li>Добавлена возможность проверки по статичному значению при построении условий внутри ноды. <li>Улучшена логика работы кнопок переключения страниц в блоке данных с видом «Таблица». <li>Обновлён скелетон в настройках нод. <li>Добавлена подсказка горячих клавиш в групповом меню нод. <li>Добавлено открытие блока данных по умолчанию. <li>В комплексных нодах бизнес-процессов удалено дублирующееся поле «Комментарий» в настройках действий. <li>Исправлено отображение блока левого меню. <li>Обновлён дизайн настроек нод. <li>Добавлена подсказка при наведении на ноду в списке каталога. <li>Поиск ноды в меню отключён, если меню свёрнуто. <li>Добавлен скелетон для процесса загрузки редактора. 
2026-08-10 09:19:21 -  - exec CUpdateClient::LoadModulesUpdates
2026-08-10 09:19:21 -  - exec CUpdateClient::CollectRequestData
2026-08-10 09:19:22 -  - LICENSE_KEY=X&lang=ru&SUPD_VER=26.500.0&VERSION=26.650.100&TYPENC=E&SUPD_STS=1&SUPD_URS=1&SUPD_DBS=MYSQL&XE=N&CLIENT_SITE=bx.local&SERVER_NAME=192.168.1.129&CHHB=bx.local%3A443&CSAB=127.0.0.1&SUID=f7vg30ov0a7vr9lgyzcmsjo8apnwonjb&CANGZIP=Y&CLIENT_PHPVER=8.2.30&stable=Y&mbfo=0&NGINX=Y&SMD=N&rerere=Y&bitm_main=26.650.100&bitm_bizprocmobile=26.100.0&bitm_bitrixcloud=25.100.0&bitm_im=26.700.0&bitm_imconnectormobile=25.100.0&bitm_mail=26.600.100&bitm_sale=26.400.0&bitm_forum=26.100.0&bitm_support=26.0.0&bitm_learning=25.0.0&bitm_listsmobile=25.200.0&bitm_catalogmobile=26.100.0&bitm_rpa=26.0.0&bitm_abtest=26.0.0&bitm_humanresources=26.400.0&bitm_conversion=25.0.0&bitm_tasksmobile=26.500.0&bitm_crmmobile=26.200.0&bitm_pull=25.400.0&bitm_ui=26.500.0&bitm_biconnector=26.700.0&bitm_immobile=26.700.0&bitm_webservice=26.0.0&bitm_tasks=26.300.0&bitm_intranetmobile=26.600.0&bitm_currency=26.0.0&bitm_timeman=25.800.0&bitm_calendarmobile=26.400.0&bitm_seo=26.0.0&bitm_fileman=26.0.0&bitm_callmobile=26.400.0&bitm_imbot=26.250.0&bitm_socialservices=26.400.0&bitm_highloadblock=25.100.0&bitm_wiki=26.0.0&bitm_search=25.200.0&bitm_subscribe=25.0.0&bitm_workflow=26.0.0&bitm_iblock=26.0.0&bitm_advertising=24.200.0&bitm_crm=26.500.100&bitm_form=26.0.0&bitm_transformer=25.400.0&bitm_sender=26.200.0&bitm_lists=26.100.0&bitm_clouds=26.0.0&bitm_mobileapp=25.100.0&bitm_storeassist=24.0.0&bitm_xdimport=25.0.0&bitm_intranet=26.900.0&bitm_disk=26.850.0&bitm_calendar=26.0.0&bitm_market=26.0.100&bitm_location=26.100.100&bitm_call=26.400.0&bitm_imopenlines=26.500.0&bitm_photogallery=25.100.0&bitm_extranet=26.200.0&bitm_security=26.200.0&bitm_ai=26.700.0&bitm_dav=26.100.0&bitm_messageservice=26.100.0&bitm_signmobile=26.100.0&bitm_bizproc=26.900.0&bitm_statistic=26.0.0&bitm_landing=26.600.0&bitm_catalog=26.300.0&bitm_mobile=26.700.100&bitm_vote=26.200.0&bitm_booking=26.300.0&bitm_diskmobile=26.200.0&bitm_voximplant=26.500.0&bitm_imconnector=26.200.100&bitm_documentgenerator=26.100.0&bitm_bizprocdesigner=26.500.0&bitm_recyclebin=26.0.0&bitm_socialnetwork=26.0.0&bitm_translate=26.0.0&bitm_mailmobile=26.300.0&bitm_sign=26.400.100&bitm_controller=26.0.0&bitm_perfmon=25.300.0&bitm_blog=26.500.100&bitm_ldap=26.0.0&bitm_salescenter=26.0.0&bitm_b24connector=26.0.0&bitm_report=26.100.0&bitm_rest=26.400.200&bitm_baas=26.200.200&bitm_idea=25.0.0&bitm_meeting=26.0.0&bitm_webdav=23.200.0&bitm_xmpp=21.0.0&bitm_cluster=26.0.0&bitm_note=26.200.100&bitl_en=&bitl_ru=&SUPD_OFC=Portal%3AF%3A%2CCommunications%3AF%3A%2CEnterprise%3AF%3A&SUPD_SRS=RU&SUPD_CMP=N&SALE_15=Y&LICENSE_SIGNED=%7Enew_license24_400_sign-Y
2026-08-10 09:19:22 -  - exec CUpdateClient::GetHTTPPage
2026-08-10 09:19:22 -  - TIME LoadModulesUpdates(request) 0.156 sec
2026-08-10 09:19:22 -  - exec CUpdateClient::ParseServerData
2026-08-10 09:19:22 - S - STEP
2026-08-10 09:19:22 - LMU01 - LoadModulesUpdates-Step
2026-08-10 09:19:22 -  - exec CUpdateClient::LoadModulesUpdates
2026-08-10 09:19:22 -  - exec CUpdateClient::ParseServerData
2026-08-10 09:19:22 -  - loadFile
2026-08-10 09:19:22 - U - RETURN
2026-08-10 09:19:22 -  - exec CUpdateClient::UnGzipArchive
2026-08-10 09:19:22 -  - TIME UnGzipArchive 0.038 sec
2026-08-10 09:19:22 - CSURUS1 - Run updater '/bitrix/updates/update_m1786353562/timeman/updater26.0.0.php'
2026-08-10 09:19:22 - CSURUS1 - Run updater '/bitrix/updates/update_m1786353562/timeman/updater26.0.0.php'
2026-08-10 09:19:22 - CRUPDCF1 - Run updater '/bitrix/updates/update_m1786353562/timeman/updater26.0.0.php': CopyFiles(install/components, components)
2026-08-10 09:19:23 - CRUPDCF1 - Run updater '/bitrix/updates/update_m1786353562/timeman/updater26.0.0.php': CopyFiles(install/activities, activities)
2026-08-10 09:19:23 - CRUPDCF1 - Run updater '/bitrix/updates/update_m1786353562/timeman/updater26.0.0.php': CopyFiles(install/js, js)
2026-08-10 09:19:23 -  - TIME UpdateStepModules 0.364 sec
2026-08-10 09:19:23 - UPD_SUCCESS - Updated: timeman (26.0.0)<br><li>Добавлена поддержка новых сценариев рабочих отчётов.
2026-08-10 09:19:23 -  - exec CUpdateClient::LoadModulesUpdates
2026-08-10 09:19:23 -  - exec CUpdateClient::CollectRequestData
2026-08-10 09:19:23 -  - LICENSE_KEY=X&lang=ru&SUPD_VER=26.500.0&VERSION=26.650.100&TYPENC=E&SUPD_STS=1&SUPD_URS=1&SUPD_DBS=MYSQL&XE=N&CLIENT_SITE=bx.local&SERVER_NAME=192.168.1.129&CHHB=bx.local%3A443&CSAB=127.0.0.1&SUID=f7vg30ov0a7vr9lgyzcmsjo8apnwonjb&CANGZIP=Y&CLIENT_PHPVER=8.2.30&stable=Y&mbfo=0&NGINX=Y&SMD=N&rerere=Y&bitm_main=26.650.100&bitm_bizprocmobile=26.100.0&bitm_bitrixcloud=25.100.0&bitm_im=26.700.0&bitm_imconnectormobile=25.100.0&bitm_mail=26.600.100&bitm_sale=26.400.0&bitm_forum=26.100.0&bitm_support=26.0.0&bitm_learning=25.0.0&bitm_listsmobile=25.200.0&bitm_catalogmobile=26.100.0&bitm_rpa=26.0.0&bitm_abtest=26.0.0&bitm_humanresources=26.400.0&bitm_conversion=25.0.0&bitm_tasksmobile=26.500.0&bitm_crmmobile=26.200.0&bitm_pull=25.400.0&bitm_ui=26.500.0&bitm_biconnector=26.700.0&bitm_immobile=26.700.0&bitm_webservice=26.0.0&bitm_tasks=26.300.0&bitm_intranetmobile=26.600.0&bitm_currency=26.0.0&bitm_timeman=26.0.0&bitm_calendarmobile=26.400.0&bitm_seo=26.0.0&bitm_fileman=26.0.0&bitm_callmobile=26.400.0&bitm_imbot=26.250.0&bitm_socialservices=26.400.0&bitm_highloadblock=25.100.0&bitm_wiki=26.0.0&bitm_search=25.200.0&bitm_subscribe=25.0.0&bitm_workflow=26.0.0&bitm_iblock=26.0.0&bitm_advertising=24.200.0&bitm_crm=26.500.100&bitm_form=26.0.0&bitm_transformer=25.400.0&bitm_sender=26.200.0&bitm_lists=26.100.0&bitm_clouds=26.0.0&bitm_mobileapp=25.100.0&bitm_storeassist=24.0.0&bitm_xdimport=25.0.0&bitm_intranet=26.900.0&bitm_disk=26.850.0&bitm_calendar=26.0.0&bitm_market=26.0.100&bitm_location=26.100.100&bitm_call=26.400.0&bitm_imopenlines=26.500.0&bitm_photogallery=25.100.0&bitm_extranet=26.200.0&bitm_security=26.200.0&bitm_ai=26.700.0&bitm_dav=26.100.0&bitm_messageservice=26.100.0&bitm_signmobile=26.100.0&bitm_bizproc=26.900.0&bitm_statistic=26.0.0&bitm_landing=26.600.0&bitm_catalog=26.300.0&bitm_mobile=26.700.100&bitm_vote=26.200.0&bitm_booking=26.300.0&bitm_diskmobile=26.200.0&bitm_voximplant=26.500.0&bitm_imconnector=26.200.100&bitm_documentgenerator=26.100.0&bitm_bizprocdesigner=26.500.0&bitm_recyclebin=26.0.0&bitm_socialnetwork=26.0.0&bitm_translate=26.0.0&bitm_mailmobile=26.300.0&bitm_sign=26.400.100&bitm_controller=26.0.0&bitm_perfmon=25.300.0&bitm_blog=26.500.100&bitm_ldap=26.0.0&bitm_salescenter=26.0.0&bitm_b24connector=26.0.0&bitm_report=26.100.0&bitm_rest=26.400.200&bitm_baas=26.200.200&bitm_idea=25.0.0&bitm_meeting=26.0.0&bitm_webdav=23.200.0&bitm_xmpp=21.0.0&bitm_cluster=26.0.0&bitm_note=26.200.100&bitl_en=&bitl_ru=&SUPD_OFC=Portal%3AF%3A%2CCommunications%3AF%3A%2CEnterprise%3AF%3A&SUPD_SRS=RU&SUPD_CMP=N&SALE_15=Y&LICENSE_SIGNED=%7Enew_license24_400_sign-Y
2026-08-10 09:19:23 -  - exec CUpdateClient::GetHTTPPage
2026-08-10 09:19:23 -  - TIME LoadModulesUpdates(request) 0.164 sec
2026-08-10 09:19:23 -  - exec CUpdateClient::ParseServerData
2026-08-10 09:19:23 - S - STEP
2026-08-10 09:19:23 - LMU01 - LoadModulesUpdates-Step
2026-08-10 09:19:24 -  - exec CUpdateClient::LoadModulesUpdates
2026-08-10 09:19:24 -  - exec CUpdateClient::ParseServerData
2026-08-10 09:19:24 -  - loadFile
2026-08-10 09:19:24 - U - RETURN
2026-08-10 09:19:24 -  - exec CUpdateClient::UnGzipArchive
2026-08-10 09:19:24 -  - TIME UnGzipArchive 0.06 sec
2026-08-10 09:19:24 - CSURUS1 - Run updater '/bitrix/updates/update_m1786353564/booking/updater26.400.0/index.php'
2026-08-10 09:19:24 - CSURUS1 - Run updater '/bitrix/updates/update_m1786353564/booking/updater26.400.0/index.php'
2026-08-10 09:19:24 - CRUPDCDF2 - Run updater '/bitrix/updates/update_m1786353564/booking/updater26.400.0/index.php': Query(ALTER TABLE b_booking_resource_notification_settings MODIFY COLUMN `SENDER_CODE` VARCHAR(255) NOT NULL DEFAULT '', )
2026-08-10 09:19:24 - CRUPDCDF2 - Run updater '/bitrix/updates/update_m1786353564/booking/updater26.400.0/index.php': Query(ALTER TABLE b_booking_resource_type_notification_settings MODIFY COLUMN `SENDER_CODE` VARCHAR(255) NOT NULL DEFAULT '', )
2026-08-10 09:19:24 - CRUPDCDF2 - Run updater '/bitrix/updates/update_m1786353564/booking/updater26.400.0/index.php': Query(UPDATE b_booking_resource_type_notification_settings SET SENDER_CODE = '', )
2026-08-10 09:19:24 - CRUPDCDF2 - Run updater '/bitrix/updates/update_m1786353564/booking/updater26.400.0/index.php': Query(CREATE INDEX IX_BRS_RESOURCE_ID ON b_booking_resource_settings (RESOURCE_ID), )
2026-08-10 09:19:24 - CRUPDCF1 - Run updater '/bitrix/updates/update_m1786353564/booking/updater26.400.0/index.php': CopyFiles(install/activities, activities)
2026-08-10 09:19:24 - CRUPDCF1 - Run updater '/bitrix/updates/update_m1786353564/booking/updater26.400.0/index.php': CopyFiles(install/js, js)
2026-08-10 09:19:24 - CRUPDCF1 - Run updater '/bitrix/updates/update_m1786353564/booking/updater26.400.0/index.php': CopyFiles(install/components, components)
2026-08-10 09:19:24 -  - TIME UpdateStepModules 0.373 sec
2026-08-10 09:19:25 - UPD_SUCCESS - Updated: booking (26.400.0)<br><li>Добавлен канал оповещений AI-звонок. <li>Добавлен режим работы с онлайн-записью на недельной сетке.
2026-08-10 09:19:25 -  - exec CUpdateClient::LoadModulesUpdates
2026-08-10 09:19:25 -  - exec CUpdateClient::CollectRequestData
2026-08-10 09:19:25 -  - LICENSE_KEY=X&lang=ru&SUPD_VER=26.500.0&VERSION=26.650.100&TYPENC=E&SUPD_STS=1&SUPD_URS=1&SUPD_DBS=MYSQL&XE=N&CLIENT_SITE=bx.local&SERVER_NAME=192.168.1.129&CHHB=bx.local%3A443&CSAB=127.0.0.1&SUID=f7vg30ov0a7vr9lgyzcmsjo8apnwonjb&CANGZIP=Y&CLIENT_PHPVER=8.2.30&stable=Y&mbfo=0&NGINX=Y&SMD=N&rerere=Y&bitm_main=26.650.100&bitm_bizprocmobile=26.100.0&bitm_bitrixcloud=25.100.0&bitm_im=26.700.0&bitm_imconnectormobile=25.100.0&bitm_mail=26.600.100&bitm_sale=26.400.0&bitm_forum=26.100.0&bitm_support=26.0.0&bitm_learning=25.0.0&bitm_listsmobile=25.200.0&bitm_catalogmobile=26.100.0&bitm_rpa=26.0.0&bitm_abtest=26.0.0&bitm_humanresources=26.400.0&bitm_conversion=25.0.0&bitm_tasksmobile=26.500.0&bitm_crmmobile=26.200.0&bitm_pull=25.400.0&bitm_ui=26.500.0&bitm_biconnector=26.700.0&bitm_immobile=26.700.0&bitm_webservice=26.0.0&bitm_tasks=26.300.0&bitm_intranetmobile=26.600.0&bitm_currency=26.0.0&bitm_timeman=26.0.0&bitm_calendarmobile=26.400.0&bitm_seo=26.0.0&bitm_fileman=26.0.0&bitm_callmobile=26.400.0&bitm_imbot=26.250.0&bitm_socialservices=26.400.0&bitm_highloadblock=25.100.0&bitm_wiki=26.0.0&bitm_search=25.200.0&bitm_subscribe=25.0.0&bitm_workflow=26.0.0&bitm_iblock=26.0.0&bitm_advertising=24.200.0&bitm_crm=26.500.100&bitm_form=26.0.0&bitm_transformer=25.400.0&bitm_sender=26.200.0&bitm_lists=26.100.0&bitm_clouds=26.0.0&bitm_mobileapp=25.100.0&bitm_storeassist=24.0.0&bitm_xdimport=25.0.0&bitm_intranet=26.900.0&bitm_disk=26.850.0&bitm_calendar=26.0.0&bitm_market=26.0.100&bitm_location=26.100.100&bitm_call=26.400.0&bitm_imopenlines=26.500.0&bitm_photogallery=25.100.0&bitm_extranet=26.200.0&bitm_security=26.200.0&bitm_ai=26.700.0&bitm_dav=26.100.0&bitm_messageservice=26.100.0&bitm_signmobile=26.100.0&bitm_bizproc=26.900.0&bitm_statistic=26.0.0&bitm_landing=26.600.0&bitm_catalog=26.300.0&bitm_mobile=26.700.100&bitm_vote=26.200.0&bitm_booking=26.400.0&bitm_diskmobile=26.200.0&bitm_voximplant=26.500.0&bitm_imconnector=26.200.100&bitm_documentgenerator=26.100.0&bitm_bizprocdesigner=26.500.0&bitm_recyclebin=26.0.0&bitm_socialnetwork=26.0.0&bitm_translate=26.0.0&bitm_mailmobile=26.300.0&bitm_sign=26.400.100&bitm_controller=26.0.0&bitm_perfmon=25.300.0&bitm_blog=26.500.100&bitm_ldap=26.0.0&bitm_salescenter=26.0.0&bitm_b24connector=26.0.0&bitm_report=26.100.0&bitm_rest=26.400.200&bitm_baas=26.200.200&bitm_idea=25.0.0&bitm_meeting=26.0.0&bitm_webdav=23.200.0&bitm_xmpp=21.0.0&bitm_cluster=26.0.0&bitm_note=26.200.100&bitl_en=&bitl_ru=&SUPD_OFC=Portal%3AF%3A%2CCommunications%3AF%3A%2CEnterprise%3AF%3A&SUPD_SRS=RU&SUPD_CMP=N&SALE_15=Y&LICENSE_SIGNED=%7Enew_license24_400_sign-Y
2026-08-10 09:19:25 -  - exec CUpdateClient::GetHTTPPage
2026-08-10 09:19:25 -  - TIME LoadModulesUpdates(request) 0.163 sec
2026-08-10 09:19:25 -  - exec CUpdateClient::ParseServerData
2026-08-10 09:19:25 - S - STEP
2026-08-10 09:19:25 - LMU01 - LoadModulesUpdates-Step
2026-08-10 09:19:25 -  - exec CUpdateClient::LoadModulesUpdates
2026-08-10 09:19:25 -  - exec CUpdateClient::ParseServerData
2026-08-10 09:19:25 -  - loadFile
2026-08-10 09:19:26 - U - RETURN
2026-08-10 09:19:26 -  - exec CUpdateClient::UnGzipArchive
2026-08-10 09:19:26 -  - TIME UnGzipArchive 0.195 sec
2026-08-10 09:19:26 - CSURUS1 - Run updater '/bitrix/updates/update_m1786353566/location/updater26.200.0/index.php'
2026-08-10 09:19:26 - CSURUS1 - Run updater '/bitrix/updates/update_m1786353566/location/updater26.200.0/index.php'
2026-08-10 09:19:26 - CRUPDCF1 - Run updater '/bitrix/updates/update_m1786353566/location/updater26.200.0/index.php': CopyFiles(install/js, js)
2026-08-10 09:19:26 - CSURUS1 - Run updater '/bitrix/updates/update_m1786353566/mobile/updater26.800.0.php'
2026-08-10 09:19:26 - CSURUS1 - Run updater '/bitrix/updates/update_m1786353566/mobile/updater26.800.0.php'
2026-08-10 09:19:26 - CRUPDCF1 - Run updater '/bitrix/updates/update_m1786353566/mobile/updater26.800.0.php': CopyFiles(install/mobileapp, mobileapp)
2026-08-10 09:19:27 - CSURUS1 - Run updater '/bitrix/updates/update_m1786353566/crmmobile/updater26.300.0.php'
2026-08-10 09:19:27 - CSURUS1 - Run updater '/bitrix/updates/update_m1786353566/crmmobile/updater26.300.0.php'
2026-08-10 09:19:27 - CRUPDCF1 - Run updater '/bitrix/updates/update_m1786353566/crmmobile/updater26.300.0.php': CopyFiles(install/mobileapp, mobileapp)
2026-08-10 09:19:27 - CSURUS1 - Run updater '/bitrix/updates/update_m1786353566/crm/updater26.600.0.php'
2026-08-10 09:19:27 - CSURUS1 - Run updater '/bitrix/updates/update_m1786353566/crm/updater26.600.0.php'
2026-08-10 09:19:27 - CRUPDCDF2 - Run updater '/bitrix/updates/update_m1786353566/crm/updater26.600.0.php': Query(ALTER TABLE b_crm_ai_quality_assessment ADD INDEX IX_CRM_AI_QA_ACTIVITY (ACTIVITY_TYPE, ACTIVITY_ID), )
2026-08-10 09:19:27 - CRUPDCDF2 - Run updater '/bitrix/updates/update_m1786353566/crm/updater26.600.0.php': Query(CREATE TABLE IF NOT EXISTS b_crm_access_attr_quote
				(
					ID BIGINT UNSIGNED NOT NULL AUTO_INCREMENT,
					ENTITY_ID INT UNSIGNED NOT NULL,
					CATEGORY_ID INT UNSIGNED NOT NULL,
					USER_ID INT UNSIGNED NOT NULL,
					IS_OPENED CHAR(1) NOT NULL,
					IS_ALWAYS_READABLE CHAR(1) NOT NULL,
					PROGRESS_STEP VARCHAR(50) NOT NULL,
					PRIMARY KEY(ID),
					UNIQUE KEY IX_ACC_ATTR_QUOTE_1 (ENTITY_ID, USER_ID, IS_OPENED, IS_ALWAYS_READABLE, PROGRESS_STEP),
					KEY IX_ACC_ATTR_QUOTE_2 (USER_ID, ENTITY_ID),
					KEY IX_ACC_ATTR_QUOTE_3 (IS_OPENED, ENTITY_ID),
					KEY IX_ACC_ATTR_QUOTE_4 (ENTITY_ID, IS_OPENED),
					KEY IX_ACC_ATTR_QUOTE_5 (IS_ALWAYS_READABLE, ENTITY_ID),
					KEY IX_ACC_ATTR_QUOTE_6 (ENTITY_ID, IS_ALWAYS_READABLE),
					KEY IX_ACC_ATTR_QUOTE_7 (CATEGORY_ID, ENTITY_ID),
					KEY IX_ACC_ATTR_QUOTE_8 (ENTITY_ID, CATEGORY_ID, USER_ID),
					KEY IX_ACC_ATTR_QUOTE_9 (CATEGORY_ID, USER_ID, ENTITY_ID)
				), )
2026-08-10 09:19:27 - CRUPDCDF2 - Run updater '/bitrix/updates/update_m1786353566/crm/updater26.600.0.php': Query(CREATE TABLE IF NOT EXISTS b_crm_access_attr_order
				(
					ID BIGINT UNSIGNED NOT NULL AUTO_INCREMENT,
					ENTITY_ID INT UNSIGNED NOT NULL,
					CATEGORY_ID INT UNSIGNED NOT NULL,
					USER_ID INT UNSIGNED NOT NULL,
					IS_OPENED CHAR(1) NOT NULL,
					IS_ALWAYS_READABLE CHAR(1) NOT NULL,
					PROGRESS_STEP VARCHAR(50) NOT NULL,
					PRIMARY KEY(ID),
					UNIQUE KEY IX_ACC_ATTR_ORDER_1 (ENTITY_ID, USER_ID, IS_OPENED, IS_ALWAYS_READABLE, PROGRESS_STEP),
					KEY IX_ACC_ATTR_ORDER_2 (USER_ID, ENTITY_ID),
					KEY IX_ACC_ATTR_ORDER_3 (IS_OPENED, ENTITY_ID),
					KEY IX_ACC_ATTR_ORDER_4 (ENTITY_ID, IS_OPENED),
					KEY IX_ACC_ATTR_ORDER_5 (IS_ALWAYS_READABLE, ENTITY_ID),
					KEY IX_ACC_ATTR_ORDER_6 (ENTITY_ID, IS_ALWAYS_READABLE),
					KEY IX_ACC_ATTR_ORDER_7 (CATEGORY_ID, ENTITY_ID),
					KEY IX_ACC_ATTR_ORDER_8 (ENTITY_ID, CATEGORY_ID, USER_ID),
					KEY IX_ACC_ATTR_ORDER_9 (CATEGORY_ID, USER_ID, ENTITY_ID)
				), )
2026-08-10 09:19:27 - CRUPDCF1 - Run updater '/bitrix/updates/update_m1786353566/crm/updater26.600.0.php': CopyFiles(install/components, components)
2026-08-10 09:19:27 - CRUPDCF1 - Run updater '/bitrix/updates/update_m1786353566/crm/updater26.600.0.php': CopyFiles(install/js, js)
2026-08-10 09:19:27 - CRUPDCF1 - Run updater '/bitrix/updates/update_m1786353566/crm/updater26.600.0.php': CopyFiles(install/activities, activities)
2026-08-10 09:19:27 - CRUPDCF1 - Run updater '/bitrix/updates/update_m1786353566/crm/updater26.600.0.php': CopyFiles(install/gadgets, gadgets)
2026-08-10 09:19:27 - CRUPDCF1 - Run updater '/bitrix/updates/update_m1786353566/crm/updater26.600.0.php': CopyFiles(install/images, images)
2026-08-10 09:19:27 - CRUPDCF1 - Run updater '/bitrix/updates/update_m1786353566/crm/updater26.600.0.php': CopyFiles(install/themes, themes)
2026-08-10 09:19:28 -  - TIME UpdateStepModules 1.479 sec
2026-08-10 09:19:28 - UPD_SUCCESS - Updated: crm (26.600.0)<br><li>Добавлены настройки прав доступа для команд и руководителей подразделений. <li>В счетах и смарт-процессах добавлены экспорт и импорт товаров. 
2026-08-10 09:19:28 - UPD_SUCCESS - Updated: crmmobile (26.300.0)<br><li>Исправлены ошибки и улучшена стабильность работы приложения.
2026-08-10 09:19:28 - UPD_SUCCESS - Updated: mobile (26.800.0)<br><li>Исправлены ошибки и повышена стабильность работы приложения. 
2026-08-10 09:19:28 - UPD_SUCCESS - Updated: location (26.200.0)<br><li>Исправлены ошибки в работе карт мобильного приложения. 
2026-08-10 09:19:28 -  - exec CUpdateClient::LoadModulesUpdates
2026-08-10 09:19:28 -  - exec CUpdateClient::CollectRequestData
2026-08-10 09:19:28 -  - LICENSE_KEY=X&lang=ru&SUPD_VER=26.500.0&VERSION=26.650.100&TYPENC=E&SUPD_STS=1&SUPD_URS=1&SUPD_DBS=MYSQL&XE=N&CLIENT_SITE=bx.local&SERVER_NAME=192.168.1.129&CHHB=bx.local%3A443&CSAB=127.0.0.1&SUID=f7vg30ov0a7vr9lgyzcmsjo8apnwonjb&CANGZIP=Y&CLIENT_PHPVER=8.2.30&stable=Y&mbfo=0&NGINX=Y&SMD=N&rerere=Y&bitm_main=26.650.100&bitm_bizprocmobile=26.100.0&bitm_bitrixcloud=25.100.0&bitm_im=26.700.0&bitm_imconnectormobile=25.100.0&bitm_mail=26.600.100&bitm_sale=26.400.0&bitm_forum=26.100.0&bitm_support=26.0.0&bitm_learning=25.0.0&bitm_listsmobile=25.200.0&bitm_catalogmobile=26.100.0&bitm_rpa=26.0.0&bitm_abtest=26.0.0&bitm_humanresources=26.400.0&bitm_conversion=25.0.0&bitm_tasksmobile=26.500.0&bitm_crmmobile=26.300.0&bitm_pull=25.400.0&bitm_ui=26.500.0&bitm_biconnector=26.700.0&bitm_immobile=26.700.0&bitm_webservice=26.0.0&bitm_tasks=26.300.0&bitm_intranetmobile=26.600.0&bitm_currency=26.0.0&bitm_timeman=26.0.0&bitm_calendarmobile=26.400.0&bitm_seo=26.0.0&bitm_fileman=26.0.0&bitm_callmobile=26.400.0&bitm_imbot=26.250.0&bitm_socialservices=26.400.0&bitm_highloadblock=25.100.0&bitm_wiki=26.0.0&bitm_search=25.200.0&bitm_subscribe=25.0.0&bitm_workflow=26.0.0&bitm_iblock=26.0.0&bitm_advertising=24.200.0&bitm_crm=26.600.0&bitm_form=26.0.0&bitm_transformer=25.400.0&bitm_sender=26.200.0&bitm_lists=26.100.0&bitm_clouds=26.0.0&bitm_mobileapp=25.100.0&bitm_storeassist=24.0.0&bitm_xdimport=25.0.0&bitm_intranet=26.900.0&bitm_disk=26.850.0&bitm_calendar=26.0.0&bitm_market=26.0.100&bitm_location=26.200.0&bitm_call=26.400.0&bitm_imopenlines=26.500.0&bitm_photogallery=25.100.0&bitm_extranet=26.200.0&bitm_security=26.200.0&bitm_ai=26.700.0&bitm_dav=26.100.0&bitm_messageservice=26.100.0&bitm_signmobile=26.100.0&bitm_bizproc=26.900.0&bitm_statistic=26.0.0&bitm_landing=26.600.0&bitm_catalog=26.300.0&bitm_mobile=26.800.0&bitm_vote=26.200.0&bitm_booking=26.400.0&bitm_diskmobile=26.200.0&bitm_voximplant=26.500.0&bitm_imconnector=26.200.100&bitm_documentgenerator=26.100.0&bitm_bizprocdesigner=26.500.0&bitm_recyclebin=26.0.0&bitm_socialnetwork=26.0.0&bitm_translate=26.0.0&bitm_mailmobile=26.300.0&bitm_sign=26.400.100&bitm_controller=26.0.0&bitm_perfmon=25.300.0&bitm_blog=26.500.100&bitm_ldap=26.0.0&bitm_salescenter=26.0.0&bitm_b24connector=26.0.0&bitm_report=26.100.0&bitm_rest=26.400.200&bitm_baas=26.200.200&bitm_idea=25.0.0&bitm_meeting=26.0.0&bitm_webdav=23.200.0&bitm_xmpp=21.0.0&bitm_cluster=26.0.0&bitm_note=26.200.100&bitl_en=&bitl_ru=&SUPD_OFC=Portal%3AF%3A%2CCommunications%3AF%3A%2CEnterprise%3AF%3A&SUPD_SRS=RU&SUPD_CMP=N&SALE_15=Y&LICENSE_SIGNED=%7Enew_license24_400_sign-Y
2026-08-10 09:19:28 -  - exec CUpdateClient::GetHTTPPage
2026-08-10 09:19:28 -  - TIME LoadModulesUpdates(request) 0.15 sec
2026-08-10 09:19:28 -  - exec CUpdateClient::ParseServerData
2026-08-10 09:19:28 - S - STEP
2026-08-10 09:19:28 - LMU01 - LoadModulesUpdates-Step
2026-08-10 09:19:29 -  - exec CUpdateClient::LoadModulesUpdates
2026-08-10 09:19:29 -  - exec CUpdateClient::ParseServerData
2026-08-10 09:19:29 -  - loadFile
2026-08-10 09:19:29 - U - RETURN
2026-08-10 09:19:29 -  - exec CUpdateClient::UnGzipArchive
2026-08-10 09:19:29 -  - TIME UnGzipArchive 0.01 sec
2026-08-10 09:19:29 - CSURUS1 - Run updater '/bitrix/updates/update_m1786353569/mobile/updater26.850.0.php'
2026-08-10 09:19:29 - CSURUS1 - Run updater '/bitrix/updates/update_m1786353569/mobile/updater26.850.0.php'
2026-08-10 09:19:29 - CRUPDCF1 - Run updater '/bitrix/updates/update_m1786353569/mobile/updater26.850.0.php': CopyFiles(install/components, components)
2026-08-10 09:19:29 - CRUPDCF1 - Run updater '/bitrix/updates/update_m1786353569/mobile/updater26.850.0.php': CopyFiles(install/mobileapp, mobileapp)
2026-08-10 09:19:29 -  - TIME UpdateStepModules 0.05 sec
2026-08-10 09:19:29 - UPD_SUCCESS - Updated: mobile (26.850.0)<br><li>Исправлены ошибки и улучшена стабильность работы приложения. 
2026-08-10 09:19:29 -  - exec CUpdateClient::LoadModulesUpdates
2026-08-10 09:19:29 -  - exec CUpdateClient::CollectRequestData
2026-08-10 09:19:29 -  - LICENSE_KEY=X&lang=ru&SUPD_VER=26.500.0&VERSION=26.650.100&TYPENC=E&SUPD_STS=1&SUPD_URS=1&SUPD_DBS=MYSQL&XE=N&CLIENT_SITE=bx.local&SERVER_NAME=192.168.1.129&CHHB=bx.local%3A443&CSAB=127.0.0.1&SUID=f7vg30ov0a7vr9lgyzcmsjo8apnwonjb&CANGZIP=Y&CLIENT_PHPVER=8.2.30&stable=Y&mbfo=0&NGINX=Y&SMD=N&rerere=Y&bitm_main=26.650.100&bitm_bizprocmobile=26.100.0&bitm_bitrixcloud=25.100.0&bitm_im=26.700.0&bitm_imconnectormobile=25.100.0&bitm_mail=26.600.100&bitm_sale=26.400.0&bitm_forum=26.100.0&bitm_support=26.0.0&bitm_learning=25.0.0&bitm_listsmobile=25.200.0&bitm_catalogmobile=26.100.0&bitm_rpa=26.0.0&bitm_abtest=26.0.0&bitm_humanresources=26.400.0&bitm_conversion=25.0.0&bitm_tasksmobile=26.500.0&bitm_crmmobile=26.300.0&bitm_pull=25.400.0&bitm_ui=26.500.0&bitm_biconnector=26.700.0&bitm_immobile=26.700.0&bitm_webservice=26.0.0&bitm_tasks=26.300.0&bitm_intranetmobile=26.600.0&bitm_currency=26.0.0&bitm_timeman=26.0.0&bitm_calendarmobile=26.400.0&bitm_seo=26.0.0&bitm_fileman=26.0.0&bitm_callmobile=26.400.0&bitm_imbot=26.250.0&bitm_socialservices=26.400.0&bitm_highloadblock=25.100.0&bitm_wiki=26.0.0&bitm_search=25.200.0&bitm_subscribe=25.0.0&bitm_workflow=26.0.0&bitm_iblock=26.0.0&bitm_advertising=24.200.0&bitm_crm=26.600.0&bitm_form=26.0.0&bitm_transformer=25.400.0&bitm_sender=26.200.0&bitm_lists=26.100.0&bitm_clouds=26.0.0&bitm_mobileapp=25.100.0&bitm_storeassist=24.0.0&bitm_xdimport=25.0.0&bitm_intranet=26.900.0&bitm_disk=26.850.0&bitm_calendar=26.0.0&bitm_market=26.0.100&bitm_location=26.200.0&bitm_call=26.400.0&bitm_imopenlines=26.500.0&bitm_photogallery=25.100.0&bitm_extranet=26.200.0&bitm_security=26.200.0&bitm_ai=26.700.0&bitm_dav=26.100.0&bitm_messageservice=26.100.0&bitm_signmobile=26.100.0&bitm_bizproc=26.900.0&bitm_statistic=26.0.0&bitm_landing=26.600.0&bitm_catalog=26.300.0&bitm_mobile=26.850.0&bitm_vote=26.200.0&bitm_booking=26.400.0&bitm_diskmobile=26.200.0&bitm_voximplant=26.500.0&bitm_imconnector=26.200.100&bitm_documentgenerator=26.100.0&bitm_bizprocdesigner=26.500.0&bitm_recyclebin=26.0.0&bitm_socialnetwork=26.0.0&bitm_translate=26.0.0&bitm_mailmobile=26.300.0&bitm_sign=26.400.100&bitm_controller=26.0.0&bitm_perfmon=25.300.0&bitm_blog=26.500.100&bitm_ldap=26.0.0&bitm_salescenter=26.0.0&bitm_b24connector=26.0.0&bitm_report=26.100.0&bitm_rest=26.400.200&bitm_baas=26.200.200&bitm_idea=25.0.0&bitm_meeting=26.0.0&bitm_webdav=23.200.0&bitm_xmpp=21.0.0&bitm_cluster=26.0.0&bitm_note=26.200.100&bitl_en=&bitl_ru=&SUPD_OFC=Portal%3AF%3A%2CCommunications%3AF%3A%2CEnterprise%3AF%3A&SUPD_SRS=RU&SUPD_CMP=N&SALE_15=Y&LICENSE_SIGNED=%7Enew_license24_400_sign-Y
2026-08-10 09:19:29 -  - exec CUpdateClient::GetHTTPPage
2026-08-10 09:19:29 -  - TIME LoadModulesUpdates(request) 0.169 sec
2026-08-10 09:19:29 -  - exec CUpdateClient::ParseServerData
2026-08-10 09:19:29 - S - STEP
2026-08-10 09:19:29 - LMU01 - LoadModulesUpdates-Step
2026-08-10 09:19:30 -  - exec CUpdateClient::LoadModulesUpdates
2026-08-10 09:19:30 -  - exec CUpdateClient::ParseServerData
2026-08-10 09:19:30 -  - loadFile
2026-08-10 09:19:30 - U - RETURN
2026-08-10 09:19:30 -  - exec CUpdateClient::UnGzipArchive
2026-08-10 09:19:30 -  - TIME UnGzipArchive 0.16 sec
2026-08-10 09:19:30 - CSURUS1 - Run updater '/bitrix/updates/update_m1786353570/salescenter/updater26.100.0/index.php'
2026-08-10 09:19:30 - CSURUS1 - Run updater '/bitrix/updates/update_m1786353570/salescenter/updater26.100.0/index.php'
2026-08-10 09:19:30 - CRUPDCF1 - Run updater '/bitrix/updates/update_m1786353570/salescenter/updater26.100.0/index.php': CopyFiles(install/components, components)
2026-08-10 09:19:30 - CRUPDCF1 - Run updater '/bitrix/updates/update_m1786353570/salescenter/updater26.100.0/index.php': CopyFiles(install/js, js)
2026-08-10 09:19:30 - CSURUS1 - Run updater '/bitrix/updates/update_m1786353570/crm/updater26.700.0.php'
2026-08-10 09:19:31 - CRUPDCDF2 - Run updater '/bitrix/updates/update_m1786353570/crm/updater26.700.0.php': Query(ALTER TABLE `b_crm_dynamic_type`
ADD COLUMN `DAYS_BEFORE_CLOSE` INT, b_crm_dynamic_type)
2026-08-10 09:19:31 - CRUPDCDF2 - Run updater '/bitrix/updates/update_m1786353570/crm/updater26.700.0.php': Query(ANALYZE TABLE `b_crm_dynamic_type`, b_crm_dynamic_type)
2026-08-10 09:19:31 - CRUPDCDF2 - Run updater '/bitrix/updates/update_m1786353570/crm/updater26.700.0.php': Query(ALTER TABLE `b_crm_repeat_sale_ai_screening`
ADD INDEX `IX_B_CRM_REPEAT_SALE_AI_SCREENING_DCD_AO` (`DESIRED_CREATION_DATE`, `AI_OPINION`), b_crm_repeat_sale_ai_screening)
2026-08-10 09:19:31 - CRUPDCDF2 - Run updater '/bitrix/updates/update_m1786353570/crm/updater26.700.0.php': Query(ANALYZE TABLE `b_crm_repeat_sale_ai_screening`, b_crm_repeat_sale_ai_screening)
2026-08-10 09:19:31 - CSURUS1 - Run updater '/bitrix/updates/update_m1786353570/crm/updater26.700.0.php'
2026-08-10 09:19:31 - CRUPDCF1 - Process module 'crm': copyInstallFiles(install/activities, activities)
2026-08-10 09:19:31 - CRUPDCF1 - Process module 'crm': copyInstallFiles(install/components, components)
2026-08-10 09:19:31 - CRUPDCF1 - Process module 'crm': copyInstallFiles(install/js, js)
2026-08-10 09:19:31 -  - TIME UpdateStepModules 0.669 sec
2026-08-10 09:19:31 - UPD_SUCCESS - Updated: crm (26.700.0)<br><li>В сделки, счета, коммерческие предложения и смарт-процессы добавлена возможность настроить срок завершения. <li>Прекращена поддержка старых счетов, через 30 дней они будут доступны только в режиме просмотра. <li>Разработчикам: добавлен rest-метод crm.activity.call.getTranscript для получения результатов расшифровки аудиозаписей звонков. 
2026-08-10 09:19:31 - UPD_SUCCESS - Updated: salescenter (26.100.0)<br><li>Улучшена совместимость с будущими версиями. 
2026-08-10 09:19:31 -  - exec CUpdateClient::LoadModulesUpdates
2026-08-10 09:19:31 -  - exec CUpdateClient::CollectRequestData
2026-08-10 09:19:31 -  - LICENSE_KEY=X&lang=ru&SUPD_VER=26.500.0&VERSION=26.650.100&TYPENC=E&SUPD_STS=1&SUPD_URS=1&SUPD_DBS=MYSQL&XE=N&CLIENT_SITE=bx.local&SERVER_NAME=192.168.1.129&CHHB=bx.local%3A443&CSAB=127.0.0.1&SUID=f7vg30ov0a7vr9lgyzcmsjo8apnwonjb&CANGZIP=Y&CLIENT_PHPVER=8.2.30&stable=Y&mbfo=0&NGINX=Y&SMD=N&rerere=Y&bitm_main=26.650.100&bitm_bizprocmobile=26.100.0&bitm_bitrixcloud=25.100.0&bitm_im=26.700.0&bitm_imconnectormobile=25.100.0&bitm_mail=26.600.100&bitm_sale=26.400.0&bitm_forum=26.100.0&bitm_support=26.0.0&bitm_learning=25.0.0&bitm_listsmobile=25.200.0&bitm_catalogmobile=26.100.0&bitm_rpa=26.0.0&bitm_abtest=26.0.0&bitm_humanresources=26.400.0&bitm_conversion=25.0.0&bitm_tasksmobile=26.500.0&bitm_crmmobile=26.300.0&bitm_pull=25.400.0&bitm_ui=26.500.0&bitm_biconnector=26.700.0&bitm_immobile=26.700.0&bitm_webservice=26.0.0&bitm_tasks=26.300.0&bitm_intranetmobile=26.600.0&bitm_currency=26.0.0&bitm_timeman=26.0.0&bitm_calendarmobile=26.400.0&bitm_seo=26.0.0&bitm_fileman=26.0.0&bitm_callmobile=26.400.0&bitm_imbot=26.250.0&bitm_socialservices=26.400.0&bitm_highloadblock=25.100.0&bitm_wiki=26.0.0&bitm_search=25.200.0&bitm_subscribe=25.0.0&bitm_workflow=26.0.0&bitm_iblock=26.0.0&bitm_advertising=24.200.0&bitm_crm=26.700.0&bitm_form=26.0.0&bitm_transformer=25.400.0&bitm_sender=26.200.0&bitm_lists=26.100.0&bitm_clouds=26.0.0&bitm_mobileapp=25.100.0&bitm_storeassist=24.0.0&bitm_xdimport=25.0.0&bitm_intranet=26.900.0&bitm_disk=26.850.0&bitm_calendar=26.0.0&bitm_market=26.0.100&bitm_location=26.200.0&bitm_call=26.400.0&bitm_imopenlines=26.500.0&bitm_photogallery=25.100.0&bitm_extranet=26.200.0&bitm_security=26.200.0&bitm_ai=26.700.0&bitm_dav=26.100.0&bitm_messageservice=26.100.0&bitm_signmobile=26.100.0&bitm_bizproc=26.900.0&bitm_statistic=26.0.0&bitm_landing=26.600.0&bitm_catalog=26.300.0&bitm_mobile=26.850.0&bitm_vote=26.200.0&bitm_booking=26.400.0&bitm_diskmobile=26.200.0&bitm_voximplant=26.500.0&bitm_imconnector=26.200.100&bitm_documentgenerator=26.100.0&bitm_bizprocdesigner=26.500.0&bitm_recyclebin=26.0.0&bitm_socialnetwork=26.0.0&bitm_translate=26.0.0&bitm_mailmobile=26.300.0&bitm_sign=26.400.100&bitm_controller=26.0.0&bitm_perfmon=25.300.0&bitm_blog=26.500.100&bitm_ldap=26.0.0&bitm_salescenter=26.100.0&bitm_b24connector=26.0.0&bitm_report=26.100.0&bitm_rest=26.400.200&bitm_baas=26.200.200&bitm_idea=25.0.0&bitm_meeting=26.0.0&bitm_webdav=23.200.0&bitm_xmpp=21.0.0&bitm_cluster=26.0.0&bitm_note=26.200.100&bitl_en=&bitl_ru=&SUPD_OFC=Portal%3AF%3A%2CCommunications%3AF%3A%2CEnterprise%3AF%3A&SUPD_SRS=RU&SUPD_CMP=N&SALE_15=Y&LICENSE_SIGNED=%7Enew_license24_400_sign-Y
2026-08-10 09:19:31 -  - exec CUpdateClient::GetHTTPPage
2026-08-10 09:19:31 -  - TIME LoadModulesUpdates(request) 0.163 sec
2026-08-10 09:19:31 -  - exec CUpdateClient::ParseServerData
2026-08-10 09:19:31 - S - STEP
2026-08-10 09:19:31 - LMU01 - LoadModulesUpdates-Step
2026-08-10 09:19:32 -  - exec CUpdateClient::LoadModulesUpdates
2026-08-10 09:19:32 -  - exec CUpdateClient::ParseServerData
2026-08-10 09:19:32 -  - loadFile
2026-08-10 09:19:32 - U - RETURN
2026-08-10 09:19:32 -  - exec CUpdateClient::UnGzipArchive
2026-08-10 09:19:32 -  - TIME UnGzipArchive 0.074 sec
2026-08-10 09:19:32 - CSURUS1 - Run updater '/bitrix/updates/update_m1786353572/call/updater26.500.0.php'
2026-08-10 09:19:32 - CSURUS1 - Run updater '/bitrix/updates/update_m1786353572/call/updater26.500.0.php'
2026-08-10 09:19:32 - CRUPDCF1 - Run updater '/bitrix/updates/update_m1786353572/call/updater26.500.0.php': CopyFiles(install/js, js)
2026-08-10 09:19:33 - CRUPDCF1 - Run updater '/bitrix/updates/update_m1786353572/call/updater26.500.0.php': CopyFiles(install/components, components)
2026-08-10 09:19:33 - CSURUS1 - Run updater '/bitrix/updates/update_m1786353572/immobile/updater26.750.0.php'
2026-08-10 09:19:33 - CSURUS1 - Run updater '/bitrix/updates/update_m1786353572/immobile/updater26.750.0.php'
2026-08-10 09:19:33 - CRUPDCF1 - Run updater '/bitrix/updates/update_m1786353572/immobile/updater26.750.0.php': CopyFiles(install/mobileapp, mobileapp)
2026-08-10 09:19:33 -  - TIME UpdateStepModules 0.224 sec
2026-08-10 09:19:33 - UPD_SUCCESS - Updated: immobile (26.750.0)<br><li>Поправлено отображение сообщения \'Звонок отменен\'. 
2026-08-10 09:19:33 - UPD_SUCCESS - Updated: call (26.500.0)<br><li>Исправлена ошибка в звонке 1 на 1 при отзыве в браузере разрешения на микрофон и повторном его включении в интерфейсе звонка. <li>Оптимизировано потребление памяти в режиме Picture-in-Picture. <li>Исправлена ошибка, при которой пользователю, находящемуся в звонке, отправлялось PUSH-уведомление в мобильное приложение о начале этого же звонка. <li>Исправлено зависание уведомления об активной демонстрации экрана после завершения видеоконференции. <li>Исправлена ошибка многократного вывода сообщения анализа звонка BitrixGPT Follow-Up. 
2026-08-10 09:19:33 -  - exec CUpdateClient::LoadModulesUpdates
2026-08-10 09:19:33 -  - exec CUpdateClient::CollectRequestData
2026-08-10 09:19:33 -  - LICENSE_KEY=X&lang=ru&SUPD_VER=26.500.0&VERSION=26.650.100&TYPENC=E&SUPD_STS=1&SUPD_URS=1&SUPD_DBS=MYSQL&XE=N&CLIENT_SITE=bx.local&SERVER_NAME=192.168.1.129&CHHB=bx.local%3A443&CSAB=127.0.0.1&SUID=f7vg30ov0a7vr9lgyzcmsjo8apnwonjb&CANGZIP=Y&CLIENT_PHPVER=8.2.30&stable=Y&mbfo=0&NGINX=Y&SMD=N&rerere=Y&bitm_main=26.650.100&bitm_bizprocmobile=26.100.0&bitm_bitrixcloud=25.100.0&bitm_im=26.700.0&bitm_imconnectormobile=25.100.0&bitm_mail=26.600.100&bitm_sale=26.400.0&bitm_forum=26.100.0&bitm_support=26.0.0&bitm_learning=25.0.0&bitm_listsmobile=25.200.0&bitm_catalogmobile=26.100.0&bitm_rpa=26.0.0&bitm_abtest=26.0.0&bitm_humanresources=26.400.0&bitm_conversion=25.0.0&bitm_tasksmobile=26.500.0&bitm_crmmobile=26.300.0&bitm_pull=25.400.0&bitm_ui=26.500.0&bitm_biconnector=26.700.0&bitm_immobile=26.750.0&bitm_webservice=26.0.0&bitm_tasks=26.300.0&bitm_intranetmobile=26.600.0&bitm_currency=26.0.0&bitm_timeman=26.0.0&bitm_calendarmobile=26.400.0&bitm_seo=26.0.0&bitm_fileman=26.0.0&bitm_callmobile=26.400.0&bitm_imbot=26.250.0&bitm_socialservices=26.400.0&bitm_highloadblock=25.100.0&bitm_wiki=26.0.0&bitm_search=25.200.0&bitm_subscribe=25.0.0&bitm_workflow=26.0.0&bitm_iblock=26.0.0&bitm_advertising=24.200.0&bitm_crm=26.700.0&bitm_form=26.0.0&bitm_transformer=25.400.0&bitm_sender=26.200.0&bitm_lists=26.100.0&bitm_clouds=26.0.0&bitm_mobileapp=25.100.0&bitm_storeassist=24.0.0&bitm_xdimport=25.0.0&bitm_intranet=26.900.0&bitm_disk=26.850.0&bitm_calendar=26.0.0&bitm_market=26.0.100&bitm_location=26.200.0&bitm_call=26.500.0&bitm_imopenlines=26.500.0&bitm_photogallery=25.100.0&bitm_extranet=26.200.0&bitm_security=26.200.0&bitm_ai=26.700.0&bitm_dav=26.100.0&bitm_messageservice=26.100.0&bitm_signmobile=26.100.0&bitm_bizproc=26.900.0&bitm_statistic=26.0.0&bitm_landing=26.600.0&bitm_catalog=26.300.0&bitm_mobile=26.850.0&bitm_vote=26.200.0&bitm_booking=26.400.0&bitm_diskmobile=26.200.0&bitm_voximplant=26.500.0&bitm_imconnector=26.200.100&bitm_documentgenerator=26.100.0&bitm_bizprocdesigner=26.500.0&bitm_recyclebin=26.0.0&bitm_socialnetwork=26.0.0&bitm_translate=26.0.0&bitm_mailmobile=26.300.0&bitm_sign=26.400.100&bitm_controller=26.0.0&bitm_perfmon=25.300.0&bitm_blog=26.500.100&bitm_ldap=26.0.0&bitm_salescenter=26.100.0&bitm_b24connector=26.0.0&bitm_report=26.100.0&bitm_rest=26.400.200&bitm_baas=26.200.200&bitm_idea=25.0.0&bitm_meeting=26.0.0&bitm_webdav=23.200.0&bitm_xmpp=21.0.0&bitm_cluster=26.0.0&bitm_note=26.200.100&bitl_en=&bitl_ru=&SUPD_OFC=Portal%3AF%3A%2CCommunications%3AF%3A%2CEnterprise%3AF%3A&SUPD_SRS=RU&SUPD_CMP=N&SALE_15=Y&LICENSE_SIGNED=%7Enew_license24_400_sign-Y
2026-08-10 09:19:33 -  - exec CUpdateClient::GetHTTPPage
2026-08-10 09:19:33 -  - TIME LoadModulesUpdates(request) 0.15 sec
2026-08-10 09:19:33 -  - exec CUpdateClient::ParseServerData
2026-08-10 09:19:33 - S - STEP
2026-08-10 09:19:33 - LMU01 - LoadModulesUpdates-Step
2026-08-10 09:19:33 -  - exec CUpdateClient::LoadModulesUpdates
2026-08-10 09:19:33 -  - exec CUpdateClient::ParseServerData
2026-08-10 09:19:33 -  - loadFile
2026-08-10 09:19:34 - U - RETURN
2026-08-10 09:19:34 -  - exec CUpdateClient::UnGzipArchive
2026-08-10 09:19:34 -  - TIME UnGzipArchive 0.003 sec
2026-08-10 09:19:34 - CSURUS1 - Run updater '/bitrix/updates/update_m1786353574/immobile/updater26.750.100.php'
2026-08-10 09:19:34 - CSURUS1 - Run updater '/bitrix/updates/update_m1786353574/immobile/updater26.750.100.php'
2026-08-10 09:19:34 - CRUPDCF1 - Run updater '/bitrix/updates/update_m1786353574/immobile/updater26.750.100.php': CopyFiles(install/mobileapp, mobileapp)
2026-08-10 09:19:34 -  - TIME UpdateStepModules 0.013 sec
2026-08-10 09:19:34 - UPD_SUCCESS - Updated: immobile (26.750.100)<br><li>Улучшена совместимость с будущими версиями чата. 
2026-08-10 09:19:34 -  - exec CUpdateClient::LoadModulesUpdates
2026-08-10 09:19:34 -  - exec CUpdateClient::CollectRequestData
2026-08-10 09:19:34 -  - LICENSE_KEY=X&lang=ru&SUPD_VER=26.500.0&VERSION=26.650.100&TYPENC=E&SUPD_STS=1&SUPD_URS=1&SUPD_DBS=MYSQL&XE=N&CLIENT_SITE=bx.local&SERVER_NAME=192.168.1.129&CHHB=bx.local%3A443&CSAB=127.0.0.1&SUID=f7vg30ov0a7vr9lgyzcmsjo8apnwonjb&CANGZIP=Y&CLIENT_PHPVER=8.2.30&stable=Y&mbfo=0&NGINX=Y&SMD=N&rerere=Y&bitm_main=26.650.100&bitm_bizprocmobile=26.100.0&bitm_bitrixcloud=25.100.0&bitm_im=26.700.0&bitm_imconnectormobile=25.100.0&bitm_mail=26.600.100&bitm_sale=26.400.0&bitm_forum=26.100.0&bitm_support=26.0.0&bitm_learning=25.0.0&bitm_listsmobile=25.200.0&bitm_catalogmobile=26.100.0&bitm_rpa=26.0.0&bitm_abtest=26.0.0&bitm_humanresources=26.400.0&bitm_conversion=25.0.0&bitm_tasksmobile=26.500.0&bitm_crmmobile=26.300.0&bitm_pull=25.400.0&bitm_ui=26.500.0&bitm_biconnector=26.700.0&bitm_immobile=26.750.100&bitm_webservice=26.0.0&bitm_tasks=26.300.0&bitm_intranetmobile=26.600.0&bitm_currency=26.0.0&bitm_timeman=26.0.0&bitm_calendarmobile=26.400.0&bitm_seo=26.0.0&bitm_fileman=26.0.0&bitm_callmobile=26.400.0&bitm_imbot=26.250.0&bitm_socialservices=26.400.0&bitm_highloadblock=25.100.0&bitm_wiki=26.0.0&bitm_search=25.200.0&bitm_subscribe=25.0.0&bitm_workflow=26.0.0&bitm_iblock=26.0.0&bitm_advertising=24.200.0&bitm_crm=26.700.0&bitm_form=26.0.0&bitm_transformer=25.400.0&bitm_sender=26.200.0&bitm_lists=26.100.0&bitm_clouds=26.0.0&bitm_mobileapp=25.100.0&bitm_storeassist=24.0.0&bitm_xdimport=25.0.0&bitm_intranet=26.900.0&bitm_disk=26.850.0&bitm_calendar=26.0.0&bitm_market=26.0.100&bitm_location=26.200.0&bitm_call=26.500.0&bitm_imopenlines=26.500.0&bitm_photogallery=25.100.0&bitm_extranet=26.200.0&bitm_security=26.200.0&bitm_ai=26.700.0&bitm_dav=26.100.0&bitm_messageservice=26.100.0&bitm_signmobile=26.100.0&bitm_bizproc=26.900.0&bitm_statistic=26.0.0&bitm_landing=26.600.0&bitm_catalog=26.300.0&bitm_mobile=26.850.0&bitm_vote=26.200.0&bitm_booking=26.400.0&bitm_diskmobile=26.200.0&bitm_voximplant=26.500.0&bitm_imconnector=26.200.100&bitm_documentgenerator=26.100.0&bitm_bizprocdesigner=26.500.0&bitm_recyclebin=26.0.0&bitm_socialnetwork=26.0.0&bitm_translate=26.0.0&bitm_mailmobile=26.300.0&bitm_sign=26.400.100&bitm_controller=26.0.0&bitm_perfmon=25.300.0&bitm_blog=26.500.100&bitm_ldap=26.0.0&bitm_salescenter=26.100.0&bitm_b24connector=26.0.0&bitm_report=26.100.0&bitm_rest=26.400.200&bitm_baas=26.200.200&bitm_idea=25.0.0&bitm_meeting=26.0.0&bitm_webdav=23.200.0&bitm_xmpp=21.0.0&bitm_cluster=26.0.0&bitm_note=26.200.100&bitl_en=&bitl_ru=&SUPD_OFC=Portal%3AF%3A%2CCommunications%3AF%3A%2CEnterprise%3AF%3A&SUPD_SRS=RU&SUPD_CMP=N&SALE_15=Y&LICENSE_SIGNED=%7Enew_license24_400_sign-Y
2026-08-10 09:19:34 -  - exec CUpdateClient::GetHTTPPage
2026-08-10 09:19:34 -  - TIME LoadModulesUpdates(request) 0.151 sec
2026-08-10 09:19:34 -  - exec CUpdateClient::ParseServerData
2026-08-10 09:19:34 - S - STEP
2026-08-10 09:19:34 - LMU01 - LoadModulesUpdates-Step
2026-08-10 09:19:34 -  - exec CUpdateClient::LoadModulesUpdates
2026-08-10 09:19:34 -  - exec CUpdateClient::ParseServerData
2026-08-10 09:19:34 -  - loadFile
2026-08-10 09:19:35 - U - RETURN
2026-08-10 09:19:35 -  - exec CUpdateClient::UnGzipArchive
2026-08-10 09:19:35 -  - TIME UnGzipArchive 0.056 sec
2026-08-10 09:19:35 - CSURUS1 - Run updater '/bitrix/updates/update_m1786353575/immobile/updater26.800.0.php'
2026-08-10 09:19:35 - CSURUS1 - Run updater '/bitrix/updates/update_m1786353575/immobile/updater26.800.0.php'
2026-08-10 09:19:35 - CRUPDCF1 - Run updater '/bitrix/updates/update_m1786353575/immobile/updater26.800.0.php': CopyFiles(install/components, components)
2026-08-10 09:19:35 - CRUPDCF1 - Run updater '/bitrix/updates/update_m1786353575/immobile/updater26.800.0.php': CopyFiles(install/mobileapp, mobileapp)
2026-08-10 09:19:35 - CRUPDCF1 - Process module 'immobile': copyInstallFiles(install/components, components)
2026-08-10 09:19:35 - CRUPDCF1 - Process module 'immobile': copyInstallFiles(install/mobileapp, mobileapp)
2026-08-10 09:19:35 -  - TIME UpdateStepModules 0.416 sec
2026-08-10 09:19:35 - UPD_SUCCESS - Updated: immobile (26.800.0)<br><li>Улучшена совместимость с будущими версиями чата. <li>Изменён порядок отображения пользователей в списке реакций: новые показываются вверху. 
2026-08-10 09:19:35 -  - exec CUpdateClient::LoadModulesUpdates
2026-08-10 09:19:35 -  - exec CUpdateClient::CollectRequestData
2026-08-10 09:19:35 -  - LICENSE_KEY=X&lang=ru&SUPD_VER=26.500.0&VERSION=26.650.100&TYPENC=E&SUPD_STS=1&SUPD_URS=1&SUPD_DBS=MYSQL&XE=N&CLIENT_SITE=bx.local&SERVER_NAME=192.168.1.129&CHHB=bx.local%3A443&CSAB=127.0.0.1&SUID=f7vg30ov0a7vr9lgyzcmsjo8apnwonjb&CANGZIP=Y&CLIENT_PHPVER=8.2.30&stable=Y&mbfo=0&NGINX=Y&SMD=N&rerere=Y&bitm_main=26.650.100&bitm_bizprocmobile=26.100.0&bitm_bitrixcloud=25.100.0&bitm_im=26.700.0&bitm_imconnectormobile=25.100.0&bitm_mail=26.600.100&bitm_sale=26.400.0&bitm_forum=26.100.0&bitm_support=26.0.0&bitm_learning=25.0.0&bitm_listsmobile=25.200.0&bitm_catalogmobile=26.100.0&bitm_rpa=26.0.0&bitm_abtest=26.0.0&bitm_humanresources=26.400.0&bitm_conversion=25.0.0&bitm_tasksmobile=26.500.0&bitm_crmmobile=26.300.0&bitm_pull=25.400.0&bitm_ui=26.500.0&bitm_biconnector=26.700.0&bitm_immobile=26.800.0&bitm_webservice=26.0.0&bitm_tasks=26.300.0&bitm_intranetmobile=26.600.0&bitm_currency=26.0.0&bitm_timeman=26.0.0&bitm_calendarmobile=26.400.0&bitm_seo=26.0.0&bitm_fileman=26.0.0&bitm_callmobile=26.400.0&bitm_imbot=26.250.0&bitm_socialservices=26.400.0&bitm_highloadblock=25.100.0&bitm_wiki=26.0.0&bitm_search=25.200.0&bitm_subscribe=25.0.0&bitm_workflow=26.0.0&bitm_iblock=26.0.0&bitm_advertising=24.200.0&bitm_crm=26.700.0&bitm_form=26.0.0&bitm_transformer=25.400.0&bitm_sender=26.200.0&bitm_lists=26.100.0&bitm_clouds=26.0.0&bitm_mobileapp=25.100.0&bitm_storeassist=24.0.0&bitm_xdimport=25.0.0&bitm_intranet=26.900.0&bitm_disk=26.850.0&bitm_calendar=26.0.0&bitm_market=26.0.100&bitm_location=26.200.0&bitm_call=26.500.0&bitm_imopenlines=26.500.0&bitm_photogallery=25.100.0&bitm_extranet=26.200.0&bitm_security=26.200.0&bitm_ai=26.700.0&bitm_dav=26.100.0&bitm_messageservice=26.100.0&bitm_signmobile=26.100.0&bitm_bizproc=26.900.0&bitm_statistic=26.0.0&bitm_landing=26.600.0&bitm_catalog=26.300.0&bitm_mobile=26.850.0&bitm_vote=26.200.0&bitm_booking=26.400.0&bitm_diskmobile=26.200.0&bitm_voximplant=26.500.0&bitm_imconnector=26.200.100&bitm_documentgenerator=26.100.0&bitm_bizprocdesigner=26.500.0&bitm_recyclebin=26.0.0&bitm_socialnetwork=26.0.0&bitm_translate=26.0.0&bitm_mailmobile=26.300.0&bitm_sign=26.400.100&bitm_controller=26.0.0&bitm_perfmon=25.300.0&bitm_blog=26.500.100&bitm_ldap=26.0.0&bitm_salescenter=26.100.0&bitm_b24connector=26.0.0&bitm_report=26.100.0&bitm_rest=26.400.200&bitm_baas=26.200.200&bitm_idea=25.0.0&bitm_meeting=26.0.0&bitm_webdav=23.200.0&bitm_xmpp=21.0.0&bitm_cluster=26.0.0&bitm_note=26.200.100&bitl_en=&bitl_ru=&SUPD_OFC=Portal%3AF%3A%2CCommunications%3AF%3A%2CEnterprise%3AF%3A&SUPD_SRS=RU&SUPD_CMP=N&SALE_15=Y&LICENSE_SIGNED=%7Enew_license24_400_sign-Y
2026-08-10 09:19:35 -  - exec CUpdateClient::GetHTTPPage
2026-08-10 09:19:35 -  - TIME LoadModulesUpdates(request) 0.161 sec
2026-08-10 09:19:35 -  - exec CUpdateClient::ParseServerData
2026-08-10 09:19:35 - S - STEP
2026-08-10 09:19:35 - LMU01 - LoadModulesUpdates-Step
2026-08-10 09:19:36 -  - exec CUpdateClient::LoadModulesUpdates
2026-08-10 09:19:36 -  - exec CUpdateClient::ParseServerData
2026-08-10 09:19:36 -  - loadFile
2026-08-10 09:19:37 - U - RETURN
2026-08-10 09:19:37 -  - exec CUpdateClient::UnGzipArchive
2026-08-10 09:19:37 -  - TIME UnGzipArchive 0.204 sec
2026-08-10 09:19:37 - CSURUS1 - Run updater '/bitrix/updates/update_m1786353577/call/updater26.600.0.php'
2026-08-10 09:19:37 - CSURUS1 - Run updater '/bitrix/updates/update_m1786353577/call/updater26.600.0.php'
2026-08-10 09:19:37 - CRUPDCF1 - Run updater '/bitrix/updates/update_m1786353577/call/updater26.600.0.php': CopyFiles(install/js, js)
2026-08-10 09:19:37 - CRUPDCF1 - Run updater '/bitrix/updates/update_m1786353577/call/updater26.600.0.php': CopyFiles(install/images, images)
2026-08-10 09:19:37 - CRUPDCF1 - Run updater '/bitrix/updates/update_m1786353577/call/updater26.600.0.php': CopyFiles(install/components, components)
2026-08-10 09:19:37 - CRUPDCF1 - Run updater '/bitrix/updates/update_m1786353577/call/updater26.600.0.php': CopyFiles(install/activities, activities)
2026-08-10 09:19:38 -  - TIME UpdateStepModules 0.793 sec
2026-08-10 09:19:38 - UPD_SUCCESS - Updated: call (26.600.0)<br>Исправления ошибок <li>Исправлена ситуация, когда звонок в чате 1-1 после быстрой отмены оставался в списке чатов. <li>Модальное окно входящего звонка корректно скрывается во всех вкладках портала при принятии звонка 1-1. <li>Восстановлена непрерывность демонстрации экрана при переходе из звонка 1-1 в групповой. <li>Модальное окно входящего звонка больше не появляется на других устройствах участника, уже подключённого к звонку 1-1, при приглашении в этот звонок третьего пользователя. <li>Восстановлена возможность включить камеру, если разрешение на микрофон было отозвано во время звонка. <li>Повторное приглашение отказавшегося пользователя снова доставляет входящий звонок. <li>При отклонении звонка в браузере пользователь больше не выпадает из звонка в мобильном приложении. <li>Исправлен расчёт числа подключённых к звонку пользователей. <li>Исправлена ситуация, когда звонок продолжал отображаться в «Недавних» до тех пор, пока пользователь не зашёл в любой другой звонок. <li>Конференция больше не завершается, если из неё вышли все участники, кроме одного. <li>Активные звонки в чатах проектов снова отображаются в «Недавних» после обновления страницы. <li>Уточнены проверки занятости абонента и списка приглашаемых пользователей для экстранет-пользователя. <li>При переключении режимов «спикер/сетка» корректно меняется разрешение потоков у пользователей. <li>Устранено мигание состояния кнопки камеры во время подключения к звонку; исправлена разблокировка кнопки видео в больших звонках. <li>Исправлено пропадание видео при повторном отзыве разрешения на микрофон после выдачи разрешений на микрофон и камеру. <li>Устранено пропадание потока демонстрации экрана при быстром переключении его состояния (вкл-выкл-вкл). <li>Точечное выключение устройства пользователю теперь корректно отключает его и локально. <li>Восстановлена подписка на потоки пользователя после его переподключения; исправлено удаление потоков, отозванных пользователем во время переподключения. <li>«Картинка в картинке»: в свёрнутом групповом звонке корректно отображается актуальный говорящий участник. <li>Видеоконференции: в чате снова появляется системное сообщение о подключении гостя. <li>Исправлена ошибка отправки статуса при ошибках инициации и подключения звонка. <li>Исправлена ошибка при ответе на входящий звонок из всплывающего окна. <li>Исправлено локальное удаление звонка из «Недавних» после выхода из этого звонка. Улучшения и оптимизация <li>Оптимизированы старт и завершение звонка в чатах с большим числом участников. <li>Обновлена логика приглашения пользователей в звонок 1-1 и доработана работа звонков после поддержки новой версии сигналов для больших звонков. <li>Сокращено время ожидания разблокировки кнопки камеры в карточке звонка. <li>Обновлена работа флага «динамик отключён»: корректно применяется после переподключения и при добавлении аудиотреков демонстрации экрана. <li>Облачная запись и аудиозапись при ошибках Follow-up отправляются в чат как системные сообщения. <li>Улучшения совместимости с PHP 8.4. Десктопное и мобильное приложения Битрикс24 <li>Десктопное приложение: восстановлена карточка звонка при ответе на входящий звонок. <li>Десктопное приложение: при звонке в двух окнах корректно закрывается «синий экран» в окне без звонка. <li>Десктопное приложение на macOS: «Картинка в картинке» корректно скрывается при возврате на окно десктопа и возвращается при начале демонстрации экрана. <li>Десктопное приложение на macOS: исправлен обрыв входящего и исходящего потоков при отключении беспроводных наушников. <li>Мобильное приложение: исправлен счётчик участников в шапке при добавлении в активный групповой звонок. <li>Мобильное приложение: поправлен повторный вызов в активный звонок при заблокированном телефоне. <li>Мобильное приложение: занятый пользователь, свернувший звонок, больше не получает вызов из другого чата.
2026-08-10 09:19:38 -  - exec CUpdateClient::LoadModulesUpdates
2026-08-10 09:19:38 -  - exec CUpdateClient::CollectRequestData
2026-08-10 09:19:38 -  - LICENSE_KEY=X&lang=ru&SUPD_VER=26.500.0&VERSION=26.650.100&TYPENC=E&SUPD_STS=1&SUPD_URS=1&SUPD_DBS=MYSQL&XE=N&CLIENT_SITE=bx.local&SERVER_NAME=192.168.1.129&CHHB=bx.local%3A443&CSAB=127.0.0.1&SUID=f7vg30ov0a7vr9lgyzcmsjo8apnwonjb&CANGZIP=Y&CLIENT_PHPVER=8.2.30&stable=Y&mbfo=0&NGINX=Y&SMD=N&rerere=Y&bitm_main=26.650.100&bitm_bizprocmobile=26.100.0&bitm_bitrixcloud=25.100.0&bitm_im=26.700.0&bitm_imconnectormobile=25.100.0&bitm_mail=26.600.100&bitm_sale=26.400.0&bitm_forum=26.100.0&bitm_support=26.0.0&bitm_learning=25.0.0&bitm_listsmobile=25.200.0&bitm_catalogmobile=26.100.0&bitm_rpa=26.0.0&bitm_abtest=26.0.0&bitm_humanresources=26.400.0&bitm_conversion=25.0.0&bitm_tasksmobile=26.500.0&bitm_crmmobile=26.300.0&bitm_pull=25.400.0&bitm_ui=26.500.0&bitm_biconnector=26.700.0&bitm_immobile=26.800.0&bitm_webservice=26.0.0&bitm_tasks=26.300.0&bitm_intranetmobile=26.600.0&bitm_currency=26.0.0&bitm_timeman=26.0.0&bitm_calendarmobile=26.400.0&bitm_seo=26.0.0&bitm_fileman=26.0.0&bitm_callmobile=26.400.0&bitm_imbot=26.250.0&bitm_socialservices=26.400.0&bitm_highloadblock=25.100.0&bitm_wiki=26.0.0&bitm_search=25.200.0&bitm_subscribe=25.0.0&bitm_workflow=26.0.0&bitm_iblock=26.0.0&bitm_advertising=24.200.0&bitm_crm=26.700.0&bitm_form=26.0.0&bitm_transformer=25.400.0&bitm_sender=26.200.0&bitm_lists=26.100.0&bitm_clouds=26.0.0&bitm_mobileapp=25.100.0&bitm_storeassist=24.0.0&bitm_xdimport=25.0.0&bitm_intranet=26.900.0&bitm_disk=26.850.0&bitm_calendar=26.0.0&bitm_market=26.0.100&bitm_location=26.200.0&bitm_call=26.600.0&bitm_imopenlines=26.500.0&bitm_photogallery=25.100.0&bitm_extranet=26.200.0&bitm_security=26.200.0&bitm_ai=26.700.0&bitm_dav=26.100.0&bitm_messageservice=26.100.0&bitm_signmobile=26.100.0&bitm_bizproc=26.900.0&bitm_statistic=26.0.0&bitm_landing=26.600.0&bitm_catalog=26.300.0&bitm_mobile=26.850.0&bitm_vote=26.200.0&bitm_booking=26.400.0&bitm_diskmobile=26.200.0&bitm_voximplant=26.500.0&bitm_imconnector=26.200.100&bitm_documentgenerator=26.100.0&bitm_bizprocdesigner=26.500.0&bitm_recyclebin=26.0.0&bitm_socialnetwork=26.0.0&bitm_translate=26.0.0&bitm_mailmobile=26.300.0&bitm_sign=26.400.100&bitm_controller=26.0.0&bitm_perfmon=25.300.0&bitm_blog=26.500.100&bitm_ldap=26.0.0&bitm_salescenter=26.100.0&bitm_b24connector=26.0.0&bitm_report=26.100.0&bitm_rest=26.400.200&bitm_baas=26.200.200&bitm_idea=25.0.0&bitm_meeting=26.0.0&bitm_webdav=23.200.0&bitm_xmpp=21.0.0&bitm_cluster=26.0.0&bitm_note=26.200.100&bitl_en=&bitl_ru=&SUPD_OFC=Portal%3AF%3A%2CCommunications%3AF%3A%2CEnterprise%3AF%3A&SUPD_SRS=RU&SUPD_CMP=N&SALE_15=Y&LICENSE_SIGNED=%7Enew_license24_400_sign-Y
2026-08-10 09:19:38 -  - exec CUpdateClient::GetHTTPPage
2026-08-10 09:19:38 -  - TIME LoadModulesUpdates(request) 0.162 sec
2026-08-10 09:19:38 -  - exec CUpdateClient::ParseServerData
2026-08-10 09:19:38 - S - STEP
2026-08-10 09:19:38 - LMU01 - LoadModulesUpdates-Step
2026-08-10 09:19:39 -  - exec CUpdateClient::LoadModulesUpdates
2026-08-10 09:19:39 -  - exec CUpdateClient::ParseServerData
2026-08-10 09:19:39 -  - loadFile
2026-08-10 09:19:39 - U - RETURN
2026-08-10 09:19:39 -  - exec CUpdateClient::UnGzipArchive
2026-08-10 09:19:39 -  - TIME UnGzipArchive 0.007 sec
2026-08-10 09:19:39 - CSURUS1 - Run updater '/bitrix/updates/update_m1786353579/callmobile/updater26.500.0.php'
2026-08-10 09:19:39 - CSURUS1 - Run updater '/bitrix/updates/update_m1786353579/callmobile/updater26.500.0.php'
2026-08-10 09:19:39 - CRUPDCF1 - Run updater '/bitrix/updates/update_m1786353579/callmobile/updater26.500.0.php': CopyFiles(install/mobileapp, mobileapp)
2026-08-10 09:19:39 -  - TIME UpdateStepModules 0.019 sec
2026-08-10 09:19:39 - UPD_SUCCESS - Updated: callmobile (26.500.0)<br><li>Исправлено отображение видео участника звонка, который находится на второй странице и демонстрирует свой экран. <li>Добавлена возможность переключения между фронтальной и тыловой камерами при наличии закреплённой карточки собеседника или при просмотре его экрана. <li>Устранена ошибка «Доступ запрещён» при отключении и повторном включении камеры на Android. <li>Исправлено отображение заголовка звонка в горизонтальной ориентации на iOS.
2026-08-10 09:19:39 -  - exec CUpdateClient::LoadModulesUpdates
2026-08-10 09:19:39 -  - exec CUpdateClient::CollectRequestData
2026-08-10 09:19:39 -  - LICENSE_KEY=X&lang=ru&SUPD_VER=26.500.0&VERSION=26.650.100&TYPENC=E&SUPD_STS=1&SUPD_URS=1&SUPD_DBS=MYSQL&XE=N&CLIENT_SITE=bx.local&SERVER_NAME=192.168.1.129&CHHB=bx.local%3A443&CSAB=127.0.0.1&SUID=f7vg30ov0a7vr9lgyzcmsjo8apnwonjb&CANGZIP=Y&CLIENT_PHPVER=8.2.30&stable=Y&mbfo=0&NGINX=Y&SMD=N&rerere=Y&bitm_main=26.650.100&bitm_bizprocmobile=26.100.0&bitm_bitrixcloud=25.100.0&bitm_im=26.700.0&bitm_imconnectormobile=25.100.0&bitm_mail=26.600.100&bitm_sale=26.400.0&bitm_forum=26.100.0&bitm_support=26.0.0&bitm_learning=25.0.0&bitm_listsmobile=25.200.0&bitm_catalogmobile=26.100.0&bitm_rpa=26.0.0&bitm_abtest=26.0.0&bitm_humanresources=26.400.0&bitm_conversion=25.0.0&bitm_tasksmobile=26.500.0&bitm_crmmobile=26.300.0&bitm_pull=25.400.0&bitm_ui=26.500.0&bitm_biconnector=26.700.0&bitm_immobile=26.800.0&bitm_webservice=26.0.0&bitm_tasks=26.300.0&bitm_intranetmobile=26.600.0&bitm_currency=26.0.0&bitm_timeman=26.0.0&bitm_calendarmobile=26.400.0&bitm_seo=26.0.0&bitm_fileman=26.0.0&bitm_callmobile=26.500.0&bitm_imbot=26.250.0&bitm_socialservices=26.400.0&bitm_highloadblock=25.100.0&bitm_wiki=26.0.0&bitm_search=25.200.0&bitm_subscribe=25.0.0&bitm_workflow=26.0.0&bitm_iblock=26.0.0&bitm_advertising=24.200.0&bitm_crm=26.700.0&bitm_form=26.0.0&bitm_transformer=25.400.0&bitm_sender=26.200.0&bitm_lists=26.100.0&bitm_clouds=26.0.0&bitm_mobileapp=25.100.0&bitm_storeassist=24.0.0&bitm_xdimport=25.0.0&bitm_intranet=26.900.0&bitm_disk=26.850.0&bitm_calendar=26.0.0&bitm_market=26.0.100&bitm_location=26.200.0&bitm_call=26.600.0&bitm_imopenlines=26.500.0&bitm_photogallery=25.100.0&bitm_extranet=26.200.0&bitm_security=26.200.0&bitm_ai=26.700.0&bitm_dav=26.100.0&bitm_messageservice=26.100.0&bitm_signmobile=26.100.0&bitm_bizproc=26.900.0&bitm_statistic=26.0.0&bitm_landing=26.600.0&bitm_catalog=26.300.0&bitm_mobile=26.850.0&bitm_vote=26.200.0&bitm_booking=26.400.0&bitm_diskmobile=26.200.0&bitm_voximplant=26.500.0&bitm_imconnector=26.200.100&bitm_documentgenerator=26.100.0&bitm_bizprocdesigner=26.500.0&bitm_recyclebin=26.0.0&bitm_socialnetwork=26.0.0&bitm_translate=26.0.0&bitm_mailmobile=26.300.0&bitm_sign=26.400.100&bitm_controller=26.0.0&bitm_perfmon=25.300.0&bitm_blog=26.500.100&bitm_ldap=26.0.0&bitm_salescenter=26.100.0&bitm_b24connector=26.0.0&bitm_report=26.100.0&bitm_rest=26.400.200&bitm_baas=26.200.200&bitm_idea=25.0.0&bitm_meeting=26.0.0&bitm_webdav=23.200.0&bitm_xmpp=21.0.0&bitm_cluster=26.0.0&bitm_note=26.200.100&bitl_en=&bitl_ru=&SUPD_OFC=Portal%3AF%3A%2CCommunications%3AF%3A%2CEnterprise%3AF%3A&SUPD_SRS=RU&SUPD_CMP=N&SALE_15=Y&LICENSE_SIGNED=%7Enew_license24_400_sign-Y
2026-08-10 09:19:39 -  - exec CUpdateClient::GetHTTPPage
2026-08-10 09:19:39 -  - TIME LoadModulesUpdates(request) 0.153 sec
2026-08-10 09:19:39 -  - exec CUpdateClient::ParseServerData
2026-08-10 09:19:39 - S - STEP
2026-08-10 09:19:39 - LMU01 - LoadModulesUpdates-Step
2026-08-10 09:19:40 -  - exec CUpdateClient::LoadModulesUpdates
2026-08-10 09:19:40 -  - exec CUpdateClient::ParseServerData
2026-08-10 09:19:40 -  - loadFile
2026-08-10 09:19:40 - U - RETURN
2026-08-10 09:19:40 -  - exec CUpdateClient::UnGzipArchive
2026-08-10 09:19:40 -  - TIME UnGzipArchive 0.011 sec
2026-08-10 09:19:40 - CSURUS1 - Run updater '/bitrix/updates/update_m1786353580/callmobile/updater26.600.0.php'
2026-08-10 09:19:40 - CSURUS1 - Run updater '/bitrix/updates/update_m1786353580/callmobile/updater26.600.0.php'
2026-08-10 09:19:40 - CRUPDCF1 - Run updater '/bitrix/updates/update_m1786353580/callmobile/updater26.600.0.php': CopyFiles(install/mobileapp, mobileapp)
2026-08-10 09:19:40 -  - TIME UpdateStepModules 0.045 sec
2026-08-10 09:19:40 - UPD_SUCCESS - Updated: callmobile (26.600.0)<br><li>Добавлено меню действий при начале звонка из списка звонков вместо мгновенного начала вызова. <li>Улучшена работа списка звонков: исправлено отображение пустого состояния, добавлено сокращение длинных названий, отображение отклонённых вызовов и улучшено соответствие элементам дизайн-системы. <li>Улучшена стабильность и работа интерфейса звонков. <li>Улучшен аудиоплеер записей follow-up: добавлены заголовки, исправлено отображение времени воспроизведения и обработка временных меток записи. <li>Улучшена стабильность подключения и переподключения к звонкам. <li>Исправлены случаи зависания переподключения, появления чёрного экрана и проблем отображения участников после восстановления соединения. <li>Улучшена работа видеопотоков участников в звонках. <li>Добавлено уведомление о нестабильном соединении при длительном подключении к звонку. <li>Улучшена работа аудиоустройств и переключения звука в звонках. <li>Улучшена работа демонстрации экрана во время звонков. <li>Добавлено понятное сообщение при попытке присоединиться к уже завершённому звонку. <li>Улучшена работа в списке чатов последних звонков и отображение активных звонков. <li>Улучшена обработка входящих вызовов и уведомлений на мобильных устройствах. <li>Улучшена работа меню действий в списке звонков при долгом нажатии на звонок на Android-устройствах. 
2026-08-10 09:19:40 -  - exec CUpdateClient::LoadModulesUpdates
2026-08-10 09:19:40 -  - exec CUpdateClient::CollectRequestData
2026-08-10 09:19:40 -  - LICENSE_KEY=X&lang=ru&SUPD_VER=26.500.0&VERSION=26.650.100&TYPENC=E&SUPD_STS=1&SUPD_URS=1&SUPD_DBS=MYSQL&XE=N&CLIENT_SITE=bx.local&SERVER_NAME=192.168.1.129&CHHB=bx.local%3A443&CSAB=127.0.0.1&SUID=f7vg30ov0a7vr9lgyzcmsjo8apnwonjb&CANGZIP=Y&CLIENT_PHPVER=8.2.30&stable=Y&mbfo=0&NGINX=Y&SMD=N&rerere=Y&bitm_main=26.650.100&bitm_bizprocmobile=26.100.0&bitm_bitrixcloud=25.100.0&bitm_im=26.700.0&bitm_imconnectormobile=25.100.0&bitm_mail=26.600.100&bitm_sale=26.400.0&bitm_forum=26.100.0&bitm_support=26.0.0&bitm_learning=25.0.0&bitm_listsmobile=25.200.0&bitm_catalogmobile=26.100.0&bitm_rpa=26.0.0&bitm_abtest=26.0.0&bitm_humanresources=26.400.0&bitm_conversion=25.0.0&bitm_tasksmobile=26.500.0&bitm_crmmobile=26.300.0&bitm_pull=25.400.0&bitm_ui=26.500.0&bitm_biconnector=26.700.0&bitm_immobile=26.800.0&bitm_webservice=26.0.0&bitm_tasks=26.300.0&bitm_intranetmobile=26.600.0&bitm_currency=26.0.0&bitm_timeman=26.0.0&bitm_calendarmobile=26.400.0&bitm_seo=26.0.0&bitm_fileman=26.0.0&bitm_callmobile=26.600.0&bitm_imbot=26.250.0&bitm_socialservices=26.400.0&bitm_highloadblock=25.100.0&bitm_wiki=26.0.0&bitm_search=25.200.0&bitm_subscribe=25.0.0&bitm_workflow=26.0.0&bitm_iblock=26.0.0&bitm_advertising=24.200.0&bitm_crm=26.700.0&bitm_form=26.0.0&bitm_transformer=25.400.0&bitm_sender=26.200.0&bitm_lists=26.100.0&bitm_clouds=26.0.0&bitm_mobileapp=25.100.0&bitm_storeassist=24.0.0&bitm_xdimport=25.0.0&bitm_intranet=26.900.0&bitm_disk=26.850.0&bitm_calendar=26.0.0&bitm_market=26.0.100&bitm_location=26.200.0&bitm_call=26.600.0&bitm_imopenlines=26.500.0&bitm_photogallery=25.100.0&bitm_extranet=26.200.0&bitm_security=26.200.0&bitm_ai=26.700.0&bitm_dav=26.100.0&bitm_messageservice=26.100.0&bitm_signmobile=26.100.0&bitm_bizproc=26.900.0&bitm_statistic=26.0.0&bitm_landing=26.600.0&bitm_catalog=26.300.0&bitm_mobile=26.850.0&bitm_vote=26.200.0&bitm_booking=26.400.0&bitm_diskmobile=26.200.0&bitm_voximplant=26.500.0&bitm_imconnector=26.200.100&bitm_documentgenerator=26.100.0&bitm_bizprocdesigner=26.500.0&bitm_recyclebin=26.0.0&bitm_socialnetwork=26.0.0&bitm_translate=26.0.0&bitm_mailmobile=26.300.0&bitm_sign=26.400.100&bitm_controller=26.0.0&bitm_perfmon=25.300.0&bitm_blog=26.500.100&bitm_ldap=26.0.0&bitm_salescenter=26.100.0&bitm_b24connector=26.0.0&bitm_report=26.100.0&bitm_rest=26.400.200&bitm_baas=26.200.200&bitm_idea=25.0.0&bitm_meeting=26.0.0&bitm_webdav=23.200.0&bitm_xmpp=21.0.0&bitm_cluster=26.0.0&bitm_note=26.200.100&bitl_en=&bitl_ru=&SUPD_OFC=Portal%3AF%3A%2CCommunications%3AF%3A%2CEnterprise%3AF%3A&SUPD_SRS=RU&SUPD_CMP=N&SALE_15=Y&LICENSE_SIGNED=%7Enew_license24_400_sign-Y
2026-08-10 09:19:40 -  - exec CUpdateClient::GetHTTPPage
2026-08-10 09:19:40 -  - TIME LoadModulesUpdates(request) 0.149 sec
2026-08-10 09:19:40 -  - exec CUpdateClient::ParseServerData
2026-08-10 09:19:40 - STEP - Finish - NOUPDATES
2026-08-10 09:19:40 - STEP - Finish - NOUPDATES
2026-08-10 09:42:33 -  - exec CUpdateClient::GetUpdatesList
2026-08-10 09:42:33 -  - exec CUpdateClient::CollectRequestData
2026-08-10 09:42:33 -  - LICENSE_KEY=X&lang=ru&SUPD_VER=26.500.0&VERSION=26.650.100&TYPENC=E&SUPD_STS=1&SUPD_URS=1&SUPD_DBS=MYSQL&XE=N&CLIENT_SITE=bx.local&SERVER_NAME=192.168.1.129&CHHB=bx.local%3A443&CSAB=127.0.0.1&SUID=f7vg30ov0a7vr9lgyzcmsjo8apnwonjb&CANGZIP=Y&CLIENT_PHPVER=8.2.30&stable=Y&mbfo=0&NGINX=Y&SMD=N&rerere=Y&bitm_main=26.650.100&bitm_bizprocmobile=26.100.0&bitm_bitrixcloud=25.100.0&bitm_im=26.700.0&bitm_imconnectormobile=25.100.0&bitm_mail=26.600.100&bitm_sale=26.400.0&bitm_forum=26.100.0&bitm_support=26.0.0&bitm_learning=25.0.0&bitm_listsmobile=25.200.0&bitm_catalogmobile=26.100.0&bitm_rpa=26.0.0&bitm_abtest=26.0.0&bitm_humanresources=26.400.0&bitm_conversion=25.0.0&bitm_tasksmobile=26.500.0&bitm_crmmobile=26.300.0&bitm_pull=25.400.0&bitm_ui=26.500.0&bitm_biconnector=26.700.0&bitm_immobile=26.800.0&bitm_webservice=26.0.0&bitm_tasks=26.300.0&bitm_intranetmobile=26.600.0&bitm_currency=26.0.0&bitm_timeman=26.0.0&bitm_calendarmobile=26.400.0&bitm_seo=26.0.0&bitm_fileman=26.0.0&bitm_callmobile=26.600.0&bitm_imbot=26.250.0&bitm_socialservices=26.400.0&bitm_highloadblock=25.100.0&bitm_wiki=26.0.0&bitm_search=25.200.0&bitm_subscribe=25.0.0&bitm_workflow=26.0.0&bitm_iblock=26.0.0&bitm_advertising=24.200.0&bitm_crm=26.700.0&bitm_form=26.0.0&bitm_transformer=25.400.0&bitm_sender=26.200.0&bitm_lists=26.100.0&bitm_clouds=26.0.0&bitm_mobileapp=25.100.0&bitm_storeassist=24.0.0&bitm_xdimport=25.0.0&bitm_intranet=26.900.0&bitm_disk=26.850.0&bitm_calendar=26.0.0&bitm_market=26.0.100&bitm_location=26.200.0&bitm_call=26.600.0&bitm_imopenlines=26.500.0&bitm_photogallery=25.100.0&bitm_extranet=26.200.0&bitm_security=26.200.0&bitm_ai=26.700.0&bitm_dav=26.100.0&bitm_messageservice=26.100.0&bitm_signmobile=26.100.0&bitm_bizproc=26.900.0&bitm_statistic=26.0.0&bitm_landing=26.600.0&bitm_catalog=26.300.0&bitm_mobile=26.850.0&bitm_vote=26.200.0&bitm_booking=26.400.0&bitm_diskmobile=26.200.0&bitm_voximplant=26.500.0&bitm_imconnector=26.200.100&bitm_documentgenerator=26.100.0&bitm_bizprocdesigner=26.500.0&bitm_recyclebin=26.0.0&bitm_socialnetwork=26.0.0&bitm_translate=26.0.0&bitm_mailmobile=26.300.0&bitm_sign=26.400.100&bitm_controller=26.0.0&bitm_perfmon=25.300.0&bitm_blog=26.500.100&bitm_ldap=26.0.0&bitm_salescenter=26.100.0&bitm_b24connector=26.0.0&bitm_report=26.100.0&bitm_rest=26.400.200&bitm_baas=26.200.200&bitm_idea=25.0.0&bitm_meeting=26.0.0&bitm_webdav=23.200.0&bitm_xmpp=21.0.0&bitm_cluster=26.0.0&bitm_note=26.200.100&bitl_en=&bitl_ru=&SUPD_OFC=Portal%3AF%3A%2CCommunications%3AF%3A%2CEnterprise%3AF%3A&SUPD_SRS=RU&SUPD_CMP=N&SALE_15=Y&LICENSE_SIGNED=%7Enew_license24_400_sign-Y
2026-08-10 09:42:33 -  - exec CUpdateClient::GetHTTPPage
2026-08-10 09:42:33 -  - TIME GetUpdatesList(request) 0.223 sec
2026-08-10 09:42:33 -  - exec CUpdateClient::ParseServerData
2026-08-10 09:45:52 -  - exec CUpdateClient::GetUpdatesList
2026-08-10 09:45:52 -  - exec CUpdateClient::CollectRequestData
2026-08-10 09:45:52 -  - LICENSE_KEY=X&lang=ru&SUPD_VER=26.500.0&VERSION=26.650.100&TYPENC=E&SUPD_STS=1&SUPD_URS=1&SUPD_DBS=MYSQL&XE=N&CLIENT_SITE=bx.local&SERVER_NAME=192.168.1.129&CHHB=bx.local%3A443&CSAB=127.0.0.1&SUID=f7vg30ov0a7vr9lgyzcmsjo8apnwonjb&CANGZIP=Y&CLIENT_PHPVER=8.2.30&stable=Y&mbfo=0&NGINX=Y&SMD=N&rerere=Y&bitm_main=26.650.100&bitm_bizprocmobile=26.100.0&bitm_bitrixcloud=25.100.0&bitm_im=26.700.0&bitm_imconnectormobile=25.100.0&bitm_mail=26.600.100&bitm_sale=26.400.0&bitm_forum=26.100.0&bitm_support=26.0.0&bitm_learning=25.0.0&bitm_listsmobile=25.200.0&bitm_catalogmobile=26.100.0&bitm_rpa=26.0.0&bitm_abtest=26.0.0&bitm_humanresources=26.400.0&bitm_conversion=25.0.0&bitm_tasksmobile=26.500.0&bitm_crmmobile=26.300.0&bitm_pull=25.400.0&bitm_ui=26.500.0&bitm_biconnector=26.700.0&bitm_immobile=26.800.0&bitm_webservice=26.0.0&bitm_tasks=26.300.0&bitm_intranetmobile=26.600.0&bitm_currency=26.0.0&bitm_timeman=26.0.0&bitm_calendarmobile=26.400.0&bitm_seo=26.0.0&bitm_fileman=26.0.0&bitm_callmobile=26.600.0&bitm_imbot=26.250.0&bitm_socialservices=26.400.0&bitm_highloadblock=25.100.0&bitm_wiki=26.0.0&bitm_search=25.200.0&bitm_subscribe=25.0.0&bitm_workflow=26.0.0&bitm_iblock=26.0.0&bitm_advertising=24.200.0&bitm_crm=26.700.0&bitm_form=26.0.0&bitm_transformer=25.400.0&bitm_sender=26.200.0&bitm_lists=26.100.0&bitm_clouds=26.0.0&bitm_mobileapp=25.100.0&bitm_storeassist=24.0.0&bitm_xdimport=25.0.0&bitm_intranet=26.900.0&bitm_disk=26.850.0&bitm_calendar=26.0.0&bitm_market=26.0.100&bitm_location=26.200.0&bitm_call=26.600.0&bitm_imopenlines=26.500.0&bitm_photogallery=25.100.0&bitm_extranet=26.200.0&bitm_security=26.200.0&bitm_ai=26.700.0&bitm_dav=26.100.0&bitm_messageservice=26.100.0&bitm_signmobile=26.100.0&bitm_bizproc=26.900.0&bitm_statistic=26.0.0&bitm_landing=26.600.0&bitm_catalog=26.300.0&bitm_mobile=26.850.0&bitm_vote=26.200.0&bitm_booking=26.400.0&bitm_diskmobile=26.200.0&bitm_voximplant=26.500.0&bitm_imconnector=26.200.100&bitm_documentgenerator=26.100.0&bitm_bizprocdesigner=26.500.0&bitm_recyclebin=26.0.0&bitm_socialnetwork=26.0.0&bitm_translate=26.0.0&bitm_mailmobile=26.300.0&bitm_sign=26.400.100&bitm_controller=26.0.0&bitm_perfmon=25.300.0&bitm_blog=26.500.100&bitm_ldap=26.0.0&bitm_salescenter=26.100.0&bitm_b24connector=26.0.0&bitm_report=26.100.0&bitm_rest=26.400.200&bitm_baas=26.200.200&bitm_idea=25.0.0&bitm_meeting=26.0.0&bitm_webdav=23.200.0&bitm_xmpp=21.0.0&bitm_cluster=26.0.0&bitm_note=26.200.100&bitl_en=&bitl_ru=&SUPD_OFC=Portal%3AF%3A%2CCommunications%3AF%3A%2CEnterprise%3AF%3A&SUPD_SRS=RU&SUPD_CMP=N&SALE_15=Y&LICENSE_SIGNED=%7Enew_license24_400_sign-Y
2026-08-10 09:45:52 -  - exec CUpdateClient::GetHTTPPage
2026-08-10 09:45:52 -  - TIME GetUpdatesList(request) 0.222 sec
2026-08-10 09:45:52 -  - exec CUpdateClient::ParseServerData
2026-08-10 09:46:25 -  - exec CUpdateClient::GetUpdatesList
2026-08-10 09:46:25 -  - exec CUpdateClient::CollectRequestData
2026-08-10 09:46:25 -  - LICENSE_KEY=X&lang=ru&SUPD_VER=26.500.0&VERSION=26.650.100&TYPENC=E&SUPD_STS=1&SUPD_URS=1&SUPD_DBS=MYSQL&XE=N&CLIENT_SITE=bx.local&SERVER_NAME=192.168.1.129&CHHB=bx.local%3A443&CSAB=127.0.0.1&SUID=f7vg30ov0a7vr9lgyzcmsjo8apnwonjb&CANGZIP=Y&CLIENT_PHPVER=8.2.30&stable=Y&mbfo=0&NGINX=Y&SMD=N&rerere=Y&bitm_main=26.650.100&bitm_bizprocmobile=26.100.0&bitm_bitrixcloud=25.100.0&bitm_im=26.700.0&bitm_imconnectormobile=25.100.0&bitm_mail=26.600.100&bitm_sale=26.400.0&bitm_forum=26.100.0&bitm_support=26.0.0&bitm_learning=25.0.0&bitm_listsmobile=25.200.0&bitm_catalogmobile=26.100.0&bitm_rpa=26.0.0&bitm_abtest=26.0.0&bitm_humanresources=26.400.0&bitm_conversion=25.0.0&bitm_tasksmobile=26.500.0&bitm_crmmobile=26.300.0&bitm_pull=25.400.0&bitm_ui=26.500.0&bitm_biconnector=26.700.0&bitm_immobile=26.800.0&bitm_webservice=26.0.0&bitm_tasks=26.300.0&bitm_intranetmobile=26.600.0&bitm_currency=26.0.0&bitm_timeman=26.0.0&bitm_calendarmobile=26.400.0&bitm_seo=26.0.0&bitm_fileman=26.0.0&bitm_callmobile=26.600.0&bitm_imbot=26.250.0&bitm_socialservices=26.400.0&bitm_highloadblock=25.100.0&bitm_wiki=26.0.0&bitm_search=25.200.0&bitm_subscribe=25.0.0&bitm_workflow=26.0.0&bitm_iblock=26.0.0&bitm_advertising=24.200.0&bitm_crm=26.700.0&bitm_form=26.0.0&bitm_transformer=25.400.0&bitm_sender=26.200.0&bitm_lists=26.100.0&bitm_clouds=26.0.0&bitm_mobileapp=25.100.0&bitm_storeassist=24.0.0&bitm_xdimport=25.0.0&bitm_intranet=26.900.0&bitm_disk=26.850.0&bitm_calendar=26.0.0&bitm_market=26.0.100&bitm_location=26.200.0&bitm_call=26.600.0&bitm_imopenlines=26.500.0&bitm_photogallery=25.100.0&bitm_extranet=26.200.0&bitm_security=26.200.0&bitm_ai=26.700.0&bitm_dav=26.100.0&bitm_messageservice=26.100.0&bitm_signmobile=26.100.0&bitm_bizproc=26.900.0&bitm_statistic=26.0.0&bitm_landing=26.600.0&bitm_catalog=26.300.0&bitm_mobile=26.850.0&bitm_vote=26.200.0&bitm_booking=26.400.0&bitm_diskmobile=26.200.0&bitm_voximplant=26.500.0&bitm_imconnector=26.200.100&bitm_documentgenerator=26.100.0&bitm_bizprocdesigner=26.500.0&bitm_recyclebin=26.0.0&bitm_socialnetwork=26.0.0&bitm_translate=26.0.0&bitm_mailmobile=26.300.0&bitm_sign=26.400.100&bitm_controller=26.0.0&bitm_perfmon=25.300.0&bitm_blog=26.500.100&bitm_ldap=26.0.0&bitm_salescenter=26.100.0&bitm_b24connector=26.0.0&bitm_report=26.100.0&bitm_rest=26.400.200&bitm_baas=26.200.200&bitm_idea=25.0.0&bitm_meeting=26.0.0&bitm_webdav=23.200.0&bitm_xmpp=21.0.0&bitm_cluster=26.0.0&bitm_note=26.200.100&bitl_en=&bitl_ru=&SUPD_OFC=Portal%3AF%3A%2CCommunications%3AF%3A%2CEnterprise%3AF%3A&SUPD_SRS=RU&SUPD_CMP=N&SALE_15=Y&LICENSE_SIGNED=%7Enew_license24_400_sign-Y
2026-08-10 09:46:25 -  - exec CUpdateClient::GetHTTPPage
2026-08-10 09:46:25 -  - TIME GetUpdatesList(request) 0.229 sec
2026-08-10 09:46:25 -  - exec CUpdateClient::ParseServerData
2026-08-11 02:36:18 -  - exec CUpdateClient::GetUpdatesList
2026-08-11 02:36:18 -  - exec CUpdateClient::CollectRequestData
2026-08-11 02:36:18 -  - LICENSE_KEY=X&lang=ru&SUPD_VER=26.500.0&VERSION=26.650.100&TYPENC=E&SUPD_STS=1&SUPD_URS=1&SUPD_DBS=MYSQL&XE=N&CLIENT_SITE=bx.local&SERVER_NAME=192.168.1.129&CHHB=bx.local%3A443&CSAB=127.0.0.1&SUID=f7vg30ov0a7vr9lgyzcmsjo8apnwonjb&CANGZIP=Y&CLIENT_PHPVER=8.2.30&stable=Y&mbfo=0&NGINX=Y&SMD=N&rerere=Y&bitm_main=26.650.100&bitm_bizprocmobile=26.100.0&bitm_bitrixcloud=25.100.0&bitm_im=26.700.0&bitm_imconnectormobile=25.100.0&bitm_mail=26.600.100&bitm_sale=26.400.0&bitm_forum=26.100.0&bitm_support=26.0.0&bitm_learning=25.0.0&bitm_listsmobile=25.200.0&bitm_catalogmobile=26.100.0&bitm_rpa=26.0.0&bitm_abtest=26.0.0&bitm_humanresources=26.400.0&bitm_conversion=25.0.0&bitm_tasksmobile=26.500.0&bitm_crmmobile=26.300.0&bitm_pull=25.400.0&bitm_ui=26.500.0&bitm_biconnector=26.700.0&bitm_immobile=26.800.0&bitm_webservice=26.0.0&bitm_tasks=26.300.0&bitm_intranetmobile=26.600.0&bitm_currency=26.0.0&bitm_timeman=26.0.0&bitm_calendarmobile=26.400.0&bitm_seo=26.0.0&bitm_fileman=26.0.0&bitm_callmobile=26.600.0&bitm_imbot=26.250.0&bitm_socialservices=26.400.0&bitm_highloadblock=25.100.0&bitm_wiki=26.0.0&bitm_search=25.200.0&bitm_subscribe=25.0.0&bitm_workflow=26.0.0&bitm_iblock=26.0.0&bitm_advertising=24.200.0&bitm_crm=26.700.0&bitm_form=26.0.0&bitm_transformer=25.400.0&bitm_sender=26.200.0&bitm_lists=26.100.0&bitm_clouds=26.0.0&bitm_mobileapp=25.100.0&bitm_storeassist=24.0.0&bitm_xdimport=25.0.0&bitm_intranet=26.900.0&bitm_disk=26.850.0&bitm_calendar=26.0.0&bitm_market=26.0.100&bitm_location=26.200.0&bitm_call=26.600.0&bitm_imopenlines=26.500.0&bitm_photogallery=25.100.0&bitm_extranet=26.200.0&bitm_security=26.200.0&bitm_ai=26.700.0&bitm_dav=26.100.0&bitm_messageservice=26.100.0&bitm_signmobile=26.100.0&bitm_bizproc=26.900.0&bitm_statistic=26.0.0&bitm_landing=26.600.0&bitm_catalog=26.300.0&bitm_mobile=26.850.0&bitm_vote=26.200.0&bitm_booking=26.400.0&bitm_diskmobile=26.200.0&bitm_voximplant=26.500.0&bitm_imconnector=26.200.100&bitm_documentgenerator=26.100.0&bitm_bizprocdesigner=26.500.0&bitm_recyclebin=26.0.0&bitm_socialnetwork=26.0.0&bitm_translate=26.0.0&bitm_mailmobile=26.300.0&bitm_sign=26.400.100&bitm_controller=26.0.0&bitm_perfmon=25.300.0&bitm_blog=26.500.100&bitm_ldap=26.0.0&bitm_salescenter=26.100.0&bitm_b24connector=26.0.0&bitm_report=26.100.0&bitm_rest=26.400.200&bitm_baas=26.200.200&bitm_idea=25.0.0&bitm_meeting=26.0.0&bitm_webdav=23.200.0&bitm_xmpp=21.0.0&bitm_cluster=26.0.0&bitm_note=26.200.100&bitl_en=&bitl_ru=&SUPD_OFC=Portal%3AF%3A%2CCommunications%3AF%3A%2CEnterprise%3AF%3A&SUPD_SRS=RU&SUPD_CMP=N&SALE_15=Y&LICENSE_SIGNED=%7Enew_license24_400_sign-Y
2026-08-11 02:36:18 -  - exec CUpdateClient::GetHTTPPage
2026-08-11 02:36:18 -  - TIME GetUpdatesList(request) 0.174 sec
2026-08-11 02:36:18 -  - exec CUpdateClient::ParseServerData
2026-08-11 02:36:20 -  - exec CUpdateClient::LoadModulesUpdates
2026-08-11 02:36:20 -  - exec CUpdateClient::CollectRequestData
2026-08-11 02:36:20 -  - LICENSE_KEY=X&lang=ru&SUPD_VER=26.500.0&VERSION=26.650.100&TYPENC=E&SUPD_STS=1&SUPD_URS=1&SUPD_DBS=MYSQL&XE=N&CLIENT_SITE=bx.local&SERVER_NAME=192.168.1.129&CHHB=bx.local%3A443&CSAB=127.0.0.1&SUID=f7vg30ov0a7vr9lgyzcmsjo8apnwonjb&CANGZIP=Y&CLIENT_PHPVER=8.2.30&stable=Y&mbfo=0&NGINX=Y&SMD=N&rerere=Y&bitm_main=26.650.100&bitm_bizprocmobile=26.100.0&bitm_bitrixcloud=25.100.0&bitm_im=26.700.0&bitm_imconnectormobile=25.100.0&bitm_mail=26.600.100&bitm_sale=26.400.0&bitm_forum=26.100.0&bitm_support=26.0.0&bitm_learning=25.0.0&bitm_listsmobile=25.200.0&bitm_catalogmobile=26.100.0&bitm_rpa=26.0.0&bitm_abtest=26.0.0&bitm_humanresources=26.400.0&bitm_conversion=25.0.0&bitm_tasksmobile=26.500.0&bitm_crmmobile=26.300.0&bitm_pull=25.400.0&bitm_ui=26.500.0&bitm_biconnector=26.700.0&bitm_immobile=26.800.0&bitm_webservice=26.0.0&bitm_tasks=26.300.0&bitm_intranetmobile=26.600.0&bitm_currency=26.0.0&bitm_timeman=26.0.0&bitm_calendarmobile=26.400.0&bitm_seo=26.0.0&bitm_fileman=26.0.0&bitm_callmobile=26.600.0&bitm_imbot=26.250.0&bitm_socialservices=26.400.0&bitm_highloadblock=25.100.0&bitm_wiki=26.0.0&bitm_search=25.200.0&bitm_subscribe=25.0.0&bitm_workflow=26.0.0&bitm_iblock=26.0.0&bitm_advertising=24.200.0&bitm_crm=26.700.0&bitm_form=26.0.0&bitm_transformer=25.400.0&bitm_sender=26.200.0&bitm_lists=26.100.0&bitm_clouds=26.0.0&bitm_mobileapp=25.100.0&bitm_storeassist=24.0.0&bitm_xdimport=25.0.0&bitm_intranet=26.900.0&bitm_disk=26.850.0&bitm_calendar=26.0.0&bitm_market=26.0.100&bitm_location=26.200.0&bitm_call=26.600.0&bitm_imopenlines=26.500.0&bitm_photogallery=25.100.0&bitm_extranet=26.200.0&bitm_security=26.200.0&bitm_ai=26.700.0&bitm_dav=26.100.0&bitm_messageservice=26.100.0&bitm_signmobile=26.100.0&bitm_bizproc=26.900.0&bitm_statistic=26.0.0&bitm_landing=26.600.0&bitm_catalog=26.300.0&bitm_mobile=26.850.0&bitm_vote=26.200.0&bitm_booking=26.400.0&bitm_diskmobile=26.200.0&bitm_voximplant=26.500.0&bitm_imconnector=26.200.100&bitm_documentgenerator=26.100.0&bitm_bizprocdesigner=26.500.0&bitm_recyclebin=26.0.0&bitm_socialnetwork=26.0.0&bitm_translate=26.0.0&bitm_mailmobile=26.300.0&bitm_sign=26.400.100&bitm_controller=26.0.0&bitm_perfmon=25.300.0&bitm_blog=26.500.100&bitm_ldap=26.0.0&bitm_salescenter=26.100.0&bitm_b24connector=26.0.0&bitm_report=26.100.0&bitm_rest=26.400.200&bitm_baas=26.200.200&bitm_idea=25.0.0&bitm_meeting=26.0.0&bitm_webdav=23.200.0&bitm_xmpp=21.0.0&bitm_cluster=26.0.0&bitm_note=26.200.100&bitl_en=&bitl_ru=&SUPD_OFC=Portal%3AF%3A%2CCommunications%3AF%3A%2CEnterprise%3AF%3A&SUPD_SRS=RU&SUPD_CMP=N&SALE_15=Y&LICENSE_SIGNED=%7Enew_license24_400_sign-Y
2026-08-11 02:36:20 -  - exec CUpdateClient::GetHTTPPage
2026-08-11 02:36:20 -  - TIME LoadModulesUpdates(request) 0.145 sec
2026-08-11 02:36:20 -  - exec CUpdateClient::ParseServerData
2026-08-11 02:36:20 - S - STEP
2026-08-11 02:36:20 - LMU01 - LoadModulesUpdates-Step
2026-08-11 02:36:20 -  - exec CUpdateClient::LoadModulesUpdates
2026-08-11 02:36:20 -  - exec CUpdateClient::ParseServerData
2026-08-11 02:36:20 -  - loadFile
2026-08-11 02:36:21 - U - RETURN
2026-08-11 02:36:21 -  - exec CUpdateClient::UnGzipArchive
2026-08-11 02:36:21 -  - TIME UnGzipArchive 0.004 sec
2026-08-11 02:36:21 - CSURUS1 - Run updater '/bitrix/updates/update_m1786415781/seo/updater26.100.0.php'
2026-08-11 02:36:21 - CSURUS1 - Run updater '/bitrix/updates/update_m1786415781/seo/updater26.100.0.php'
2026-08-11 02:36:21 - CRUPDCF1 - Process module 'seo': copyInstallFiles(install/components, components)
2026-08-11 02:36:21 -  - TIME UpdateStepModules 0.022 sec
2026-08-11 02:36:21 - UPD_SUCCESS - Updated: seo (26.100.0)<br><li>Ускорена загрузка конструктора рекламных кампаний.
2026-08-11 02:36:21 -  - exec CUpdateClient::LoadModulesUpdates
2026-08-11 02:36:21 -  - exec CUpdateClient::CollectRequestData
2026-08-11 02:36:21 -  - LICENSE_KEY=X&lang=ru&SUPD_VER=26.500.0&VERSION=26.650.100&TYPENC=E&SUPD_STS=1&SUPD_URS=1&SUPD_DBS=MYSQL&XE=N&CLIENT_SITE=bx.local&SERVER_NAME=192.168.1.129&CHHB=bx.local%3A443&CSAB=127.0.0.1&SUID=f7vg30ov0a7vr9lgyzcmsjo8apnwonjb&CANGZIP=Y&CLIENT_PHPVER=8.2.30&stable=Y&mbfo=0&NGINX=Y&SMD=N&rerere=Y&bitm_main=26.650.100&bitm_bizprocmobile=26.100.0&bitm_bitrixcloud=25.100.0&bitm_im=26.700.0&bitm_imconnectormobile=25.100.0&bitm_mail=26.600.100&bitm_sale=26.400.0&bitm_forum=26.100.0&bitm_support=26.0.0&bitm_learning=25.0.0&bitm_listsmobile=25.200.0&bitm_catalogmobile=26.100.0&bitm_rpa=26.0.0&bitm_abtest=26.0.0&bitm_humanresources=26.400.0&bitm_conversion=25.0.0&bitm_tasksmobile=26.500.0&bitm_crmmobile=26.300.0&bitm_pull=25.400.0&bitm_ui=26.500.0&bitm_biconnector=26.700.0&bitm_immobile=26.800.0&bitm_webservice=26.0.0&bitm_tasks=26.300.0&bitm_intranetmobile=26.600.0&bitm_currency=26.0.0&bitm_timeman=26.0.0&bitm_calendarmobile=26.400.0&bitm_seo=26.100.0&bitm_fileman=26.0.0&bitm_callmobile=26.600.0&bitm_imbot=26.250.0&bitm_socialservices=26.400.0&bitm_highloadblock=25.100.0&bitm_wiki=26.0.0&bitm_search=25.200.0&bitm_subscribe=25.0.0&bitm_workflow=26.0.0&bitm_iblock=26.0.0&bitm_advertising=24.200.0&bitm_crm=26.700.0&bitm_form=26.0.0&bitm_transformer=25.400.0&bitm_sender=26.200.0&bitm_lists=26.100.0&bitm_clouds=26.0.0&bitm_mobileapp=25.100.0&bitm_storeassist=24.0.0&bitm_xdimport=25.0.0&bitm_intranet=26.900.0&bitm_disk=26.850.0&bitm_calendar=26.0.0&bitm_market=26.0.100&bitm_location=26.200.0&bitm_call=26.600.0&bitm_imopenlines=26.500.0&bitm_photogallery=25.100.0&bitm_extranet=26.200.0&bitm_security=26.200.0&bitm_ai=26.700.0&bitm_dav=26.100.0&bitm_messageservice=26.100.0&bitm_signmobile=26.100.0&bitm_bizproc=26.900.0&bitm_statistic=26.0.0&bitm_landing=26.600.0&bitm_catalog=26.300.0&bitm_mobile=26.850.0&bitm_vote=26.200.0&bitm_booking=26.400.0&bitm_diskmobile=26.200.0&bitm_voximplant=26.500.0&bitm_imconnector=26.200.100&bitm_documentgenerator=26.100.0&bitm_bizprocdesigner=26.500.0&bitm_recyclebin=26.0.0&bitm_socialnetwork=26.0.0&bitm_translate=26.0.0&bitm_mailmobile=26.300.0&bitm_sign=26.400.100&bitm_controller=26.0.0&bitm_perfmon=25.300.0&bitm_blog=26.500.100&bitm_ldap=26.0.0&bitm_salescenter=26.100.0&bitm_b24connector=26.0.0&bitm_report=26.100.0&bitm_rest=26.400.200&bitm_baas=26.200.200&bitm_idea=25.0.0&bitm_meeting=26.0.0&bitm_webdav=23.200.0&bitm_xmpp=21.0.0&bitm_cluster=26.0.0&bitm_note=26.200.100&bitl_en=&bitl_ru=&SUPD_OFC=Portal%3AF%3A%2CCommunications%3AF%3A%2CEnterprise%3AF%3A&SUPD_SRS=RU&SUPD_CMP=N&SALE_15=Y&LICENSE_SIGNED=%7Enew_license24_400_sign-Y
2026-08-11 02:36:21 -  - exec CUpdateClient::GetHTTPPage
2026-08-11 02:36:21 -  - TIME LoadModulesUpdates(request) 0.151 sec
2026-08-11 02:36:21 -  - exec CUpdateClient::ParseServerData
2026-08-11 02:36:21 - S - STEP
2026-08-11 02:36:21 - LMU01 - LoadModulesUpdates-Step
2026-08-11 02:36:22 -  - exec CUpdateClient::LoadModulesUpdates
2026-08-11 02:36:22 -  - exec CUpdateClient::ParseServerData
2026-08-11 02:36:22 -  - loadFile
2026-08-11 02:36:22 - U - RETURN
2026-08-11 02:36:22 -  - exec CUpdateClient::UnGzipArchive
2026-08-11 02:36:22 -  - TIME UnGzipArchive 0.002 sec
2026-08-11 02:36:22 -  - TIME UpdateStepModules 0.01 sec
2026-08-11 02:36:22 - UPD_SUCCESS - Updated: calendar (26.0.100)<br><li>Исправлена ошибка при синхронизации внешних календарей.
2026-08-11 02:36:22 -  - exec CUpdateClient::LoadModulesUpdates
2026-08-11 02:36:22 -  - exec CUpdateClient::CollectRequestData
2026-08-11 02:36:22 -  - LICENSE_KEY=X&lang=ru&SUPD_VER=26.500.0&VERSION=26.650.100&TYPENC=E&SUPD_STS=1&SUPD_URS=1&SUPD_DBS=MYSQL&XE=N&CLIENT_SITE=bx.local&SERVER_NAME=192.168.1.129&CHHB=bx.local%3A443&CSAB=127.0.0.1&SUID=f7vg30ov0a7vr9lgyzcmsjo8apnwonjb&CANGZIP=Y&CLIENT_PHPVER=8.2.30&stable=Y&mbfo=0&NGINX=Y&SMD=N&rerere=Y&bitm_main=26.650.100&bitm_bizprocmobile=26.100.0&bitm_bitrixcloud=25.100.0&bitm_im=26.700.0&bitm_imconnectormobile=25.100.0&bitm_mail=26.600.100&bitm_sale=26.400.0&bitm_forum=26.100.0&bitm_support=26.0.0&bitm_learning=25.0.0&bitm_listsmobile=25.200.0&bitm_catalogmobile=26.100.0&bitm_rpa=26.0.0&bitm_abtest=26.0.0&bitm_humanresources=26.400.0&bitm_conversion=25.0.0&bitm_tasksmobile=26.500.0&bitm_crmmobile=26.300.0&bitm_pull=25.400.0&bitm_ui=26.500.0&bitm_biconnector=26.700.0&bitm_immobile=26.800.0&bitm_webservice=26.0.0&bitm_tasks=26.300.0&bitm_intranetmobile=26.600.0&bitm_currency=26.0.0&bitm_timeman=26.0.0&bitm_calendarmobile=26.400.0&bitm_seo=26.100.0&bitm_fileman=26.0.0&bitm_callmobile=26.600.0&bitm_imbot=26.250.0&bitm_socialservices=26.400.0&bitm_highloadblock=25.100.0&bitm_wiki=26.0.0&bitm_search=25.200.0&bitm_subscribe=25.0.0&bitm_workflow=26.0.0&bitm_iblock=26.0.0&bitm_advertising=24.200.0&bitm_crm=26.700.0&bitm_form=26.0.0&bitm_transformer=25.400.0&bitm_sender=26.200.0&bitm_lists=26.100.0&bitm_clouds=26.0.0&bitm_mobileapp=25.100.0&bitm_storeassist=24.0.0&bitm_xdimport=25.0.0&bitm_intranet=26.900.0&bitm_disk=26.850.0&bitm_calendar=26.0.100&bitm_market=26.0.100&bitm_location=26.200.0&bitm_call=26.600.0&bitm_imopenlines=26.500.0&bitm_photogallery=25.100.0&bitm_extranet=26.200.0&bitm_security=26.200.0&bitm_ai=26.700.0&bitm_dav=26.100.0&bitm_messageservice=26.100.0&bitm_signmobile=26.100.0&bitm_bizproc=26.900.0&bitm_statistic=26.0.0&bitm_landing=26.600.0&bitm_catalog=26.300.0&bitm_mobile=26.850.0&bitm_vote=26.200.0&bitm_booking=26.400.0&bitm_diskmobile=26.200.0&bitm_voximplant=26.500.0&bitm_imconnector=26.200.100&bitm_documentgenerator=26.100.0&bitm_bizprocdesigner=26.500.0&bitm_recyclebin=26.0.0&bitm_socialnetwork=26.0.0&bitm_translate=26.0.0&bitm_mailmobile=26.300.0&bitm_sign=26.400.100&bitm_controller=26.0.0&bitm_perfmon=25.300.0&bitm_blog=26.500.100&bitm_ldap=26.0.0&bitm_salescenter=26.100.0&bitm_b24connector=26.0.0&bitm_report=26.100.0&bitm_rest=26.400.200&bitm_baas=26.200.200&bitm_idea=25.0.0&bitm_meeting=26.0.0&bitm_webdav=23.200.0&bitm_xmpp=21.0.0&bitm_cluster=26.0.0&bitm_note=26.200.100&bitl_en=&bitl_ru=&SUPD_OFC=Portal%3AF%3A%2CCommunications%3AF%3A%2CEnterprise%3AF%3A&SUPD_SRS=RU&SUPD_CMP=N&SALE_15=Y&LICENSE_SIGNED=%7Enew_license24_400_sign-Y
2026-08-11 02:36:22 -  - exec CUpdateClient::GetHTTPPage
2026-08-11 02:36:22 -  - TIME LoadModulesUpdates(request) 0.152 sec
2026-08-11 02:36:22 -  - exec CUpdateClient::ParseServerData
2026-08-11 02:36:22 - S - STEP
2026-08-11 02:36:22 - LMU01 - LoadModulesUpdates-Step
2026-08-11 02:36:23 -  - exec CUpdateClient::LoadModulesUpdates
2026-08-11 02:36:23 -  - exec CUpdateClient::ParseServerData
2026-08-11 02:36:23 -  - loadFile
2026-08-11 02:36:23 - U - RETURN
2026-08-11 02:36:23 -  - exec CUpdateClient::UnGzipArchive
2026-08-11 02:36:23 -  - TIME UnGzipArchive 0.007 sec
2026-08-11 02:36:23 - CSURUS1 - Run updater '/bitrix/updates/update_m1786415783/sender/updater26.300.0.php'
2026-08-11 02:36:23 - CSURUS1 - Run updater '/bitrix/updates/update_m1786415783/sender/updater26.300.0.php'
2026-08-11 02:36:23 - CRUPDCF1 - Run updater '/bitrix/updates/update_m1786415783/sender/updater26.300.0.php': CopyFiles(install/components, components)
2026-08-11 02:36:23 - CRUPDCF1 - Run updater '/bitrix/updates/update_m1786415783/sender/updater26.300.0.php': CopyFiles(install/js, js)
2026-08-11 02:36:23 - CRUPDCF1 - Process module 'sender': copyInstallFiles(install/components, components)
2026-08-11 02:36:23 -  - TIME UpdateStepModules 0.052 sec
2026-08-11 02:36:23 - UPD_SUCCESS - Updated: sender (26.300.0)<br><li>Исправлена ошибка, из-за которой ссылки из почтовых рассылок могли не открываться на некоторых внешних сайтах. <li>Усилена безопасность модуля при отправке тестовых писем. 
2026-08-11 02:36:24 -  - exec CUpdateClient::LoadModulesUpdates
2026-08-11 02:36:24 -  - exec CUpdateClient::CollectRequestData
2026-08-11 02:36:24 -  - LICENSE_KEY=X&lang=ru&SUPD_VER=26.500.0&VERSION=26.650.100&TYPENC=E&SUPD_STS=1&SUPD_URS=1&SUPD_DBS=MYSQL&XE=N&CLIENT_SITE=bx.local&SERVER_NAME=192.168.1.129&CHHB=bx.local%3A443&CSAB=127.0.0.1&SUID=f7vg30ov0a7vr9lgyzcmsjo8apnwonjb&CANGZIP=Y&CLIENT_PHPVER=8.2.30&stable=Y&mbfo=0&NGINX=Y&SMD=N&rerere=Y&bitm_main=26.650.100&bitm_bizprocmobile=26.100.0&bitm_bitrixcloud=25.100.0&bitm_im=26.700.0&bitm_imconnectormobile=25.100.0&bitm_mail=26.600.100&bitm_sale=26.400.0&bitm_forum=26.100.0&bitm_support=26.0.0&bitm_learning=25.0.0&bitm_listsmobile=25.200.0&bitm_catalogmobile=26.100.0&bitm_rpa=26.0.0&bitm_abtest=26.0.0&bitm_humanresources=26.400.0&bitm_conversion=25.0.0&bitm_tasksmobile=26.500.0&bitm_crmmobile=26.300.0&bitm_pull=25.400.0&bitm_ui=26.500.0&bitm_biconnector=26.700.0&bitm_immobile=26.800.0&bitm_webservice=26.0.0&bitm_tasks=26.300.0&bitm_intranetmobile=26.600.0&bitm_currency=26.0.0&bitm_timeman=26.0.0&bitm_calendarmobile=26.400.0&bitm_seo=26.100.0&bitm_fileman=26.0.0&bitm_callmobile=26.600.0&bitm_imbot=26.250.0&bitm_socialservices=26.400.0&bitm_highloadblock=25.100.0&bitm_wiki=26.0.0&bitm_search=25.200.0&bitm_subscribe=25.0.0&bitm_workflow=26.0.0&bitm_iblock=26.0.0&bitm_advertising=24.200.0&bitm_crm=26.700.0&bitm_form=26.0.0&bitm_transformer=25.400.0&bitm_sender=26.300.0&bitm_lists=26.100.0&bitm_clouds=26.0.0&bitm_mobileapp=25.100.0&bitm_storeassist=24.0.0&bitm_xdimport=25.0.0&bitm_intranet=26.900.0&bitm_disk=26.850.0&bitm_calendar=26.0.100&bitm_market=26.0.100&bitm_location=26.200.0&bitm_call=26.600.0&bitm_imopenlines=26.500.0&bitm_photogallery=25.100.0&bitm_extranet=26.200.0&bitm_security=26.200.0&bitm_ai=26.700.0&bitm_dav=26.100.0&bitm_messageservice=26.100.0&bitm_signmobile=26.100.0&bitm_bizproc=26.900.0&bitm_statistic=26.0.0&bitm_landing=26.600.0&bitm_catalog=26.300.0&bitm_mobile=26.850.0&bitm_vote=26.200.0&bitm_booking=26.400.0&bitm_diskmobile=26.200.0&bitm_voximplant=26.500.0&bitm_imconnector=26.200.100&bitm_documentgenerator=26.100.0&bitm_bizprocdesigner=26.500.0&bitm_recyclebin=26.0.0&bitm_socialnetwork=26.0.0&bitm_translate=26.0.0&bitm_mailmobile=26.300.0&bitm_sign=26.400.100&bitm_controller=26.0.0&bitm_perfmon=25.300.0&bitm_blog=26.500.100&bitm_ldap=26.0.0&bitm_salescenter=26.100.0&bitm_b24connector=26.0.0&bitm_report=26.100.0&bitm_rest=26.400.200&bitm_baas=26.200.200&bitm_idea=25.0.0&bitm_meeting=26.0.0&bitm_webdav=23.200.0&bitm_xmpp=21.0.0&bitm_cluster=26.0.0&bitm_note=26.200.100&bitl_en=&bitl_ru=&SUPD_OFC=Portal%3AF%3A%2CCommunications%3AF%3A%2CEnterprise%3AF%3A&SUPD_SRS=RU&SUPD_CMP=N&SALE_15=Y&LICENSE_SIGNED=%7Enew_license24_400_sign-Y
2026-08-11 02:36:24 -  - exec CUpdateClient::GetHTTPPage
2026-08-11 02:36:24 -  - TIME LoadModulesUpdates(request) 0.155 sec
2026-08-11 02:36:24 -  - exec CUpdateClient::ParseServerData
2026-08-11 02:36:24 - S - STEP
2026-08-11 02:36:24 - LMU01 - LoadModulesUpdates-Step
2026-08-11 02:36:24 -  - exec CUpdateClient::LoadModulesUpdates
2026-08-11 02:36:24 -  - exec CUpdateClient::ParseServerData
2026-08-11 02:36:24 -  - loadFile
2026-08-11 02:36:25 - U - RETURN
2026-08-11 02:36:25 -  - exec CUpdateClient::UnGzipArchive
2026-08-11 02:36:25 -  - TIME UnGzipArchive 0.022 sec
2026-08-11 02:36:25 - CSURUS1 - Run updater '/bitrix/updates/update_m1786415785/rest/updater26.500.0.php'
2026-08-11 02:36:25 - CSURUS1 - Run updater '/bitrix/updates/update_m1786415785/rest/updater26.500.0.php'
2026-08-11 02:36:25 - CRUPDCF1 - Process module 'rest': copyInstallFiles(install/components, components)
2026-08-11 02:36:25 - CRUPDCF1 - Process module 'rest': copyInstallFiles(install/js, js)
2026-08-11 02:36:25 -  - TIME UpdateStepModules 0.078 sec
2026-08-11 02:36:25 - UPD_SUCCESS - Updated: rest (26.500.0)<br><li>Исправлены ошибки при регистрации встроек. 
2026-08-11 02:36:25 -  - exec CUpdateClient::LoadModulesUpdates
2026-08-11 02:36:25 -  - exec CUpdateClient::CollectRequestData
2026-08-11 02:36:25 -  - LICENSE_KEY=X&lang=ru&SUPD_VER=26.500.0&VERSION=26.650.100&TYPENC=E&SUPD_STS=1&SUPD_URS=1&SUPD_DBS=MYSQL&XE=N&CLIENT_SITE=bx.local&SERVER_NAME=192.168.1.129&CHHB=bx.local%3A443&CSAB=127.0.0.1&SUID=f7vg30ov0a7vr9lgyzcmsjo8apnwonjb&CANGZIP=Y&CLIENT_PHPVER=8.2.30&stable=Y&mbfo=0&NGINX=Y&SMD=N&rerere=Y&bitm_main=26.650.100&bitm_bizprocmobile=26.100.0&bitm_bitrixcloud=25.100.0&bitm_im=26.700.0&bitm_imconnectormobile=25.100.0&bitm_mail=26.600.100&bitm_sale=26.400.0&bitm_forum=26.100.0&bitm_support=26.0.0&bitm_learning=25.0.0&bitm_listsmobile=25.200.0&bitm_catalogmobile=26.100.0&bitm_rpa=26.0.0&bitm_abtest=26.0.0&bitm_humanresources=26.400.0&bitm_conversion=25.0.0&bitm_tasksmobile=26.500.0&bitm_crmmobile=26.300.0&bitm_pull=25.400.0&bitm_ui=26.500.0&bitm_biconnector=26.700.0&bitm_immobile=26.800.0&bitm_webservice=26.0.0&bitm_tasks=26.300.0&bitm_intranetmobile=26.600.0&bitm_currency=26.0.0&bitm_timeman=26.0.0&bitm_calendarmobile=26.400.0&bitm_seo=26.100.0&bitm_fileman=26.0.0&bitm_callmobile=26.600.0&bitm_imbot=26.250.0&bitm_socialservices=26.400.0&bitm_highloadblock=25.100.0&bitm_wiki=26.0.0&bitm_search=25.200.0&bitm_subscribe=25.0.0&bitm_workflow=26.0.0&bitm_iblock=26.0.0&bitm_advertising=24.200.0&bitm_crm=26.700.0&bitm_form=26.0.0&bitm_transformer=25.400.0&bitm_sender=26.300.0&bitm_lists=26.100.0&bitm_clouds=26.0.0&bitm_mobileapp=25.100.0&bitm_storeassist=24.0.0&bitm_xdimport=25.0.0&bitm_intranet=26.900.0&bitm_disk=26.850.0&bitm_calendar=26.0.100&bitm_market=26.0.100&bitm_location=26.200.0&bitm_call=26.600.0&bitm_imopenlines=26.500.0&bitm_photogallery=25.100.0&bitm_extranet=26.200.0&bitm_security=26.200.0&bitm_ai=26.700.0&bitm_dav=26.100.0&bitm_messageservice=26.100.0&bitm_signmobile=26.100.0&bitm_bizproc=26.900.0&bitm_statistic=26.0.0&bitm_landing=26.600.0&bitm_catalog=26.300.0&bitm_mobile=26.850.0&bitm_vote=26.200.0&bitm_booking=26.400.0&bitm_diskmobile=26.200.0&bitm_voximplant=26.500.0&bitm_imconnector=26.200.100&bitm_documentgenerator=26.100.0&bitm_bizprocdesigner=26.500.0&bitm_recyclebin=26.0.0&bitm_socialnetwork=26.0.0&bitm_translate=26.0.0&bitm_mailmobile=26.300.0&bitm_sign=26.400.100&bitm_controller=26.0.0&bitm_perfmon=25.300.0&bitm_blog=26.500.100&bitm_ldap=26.0.0&bitm_salescenter=26.100.0&bitm_b24connector=26.0.0&bitm_report=26.100.0&bitm_rest=26.500.0&bitm_baas=26.200.200&bitm_idea=25.0.0&bitm_meeting=26.0.0&bitm_webdav=23.200.0&bitm_xmpp=21.0.0&bitm_cluster=26.0.0&bitm_note=26.200.100&bitl_en=&bitl_ru=&SUPD_OFC=Portal%3AF%3A%2CCommunications%3AF%3A%2CEnterprise%3AF%3A&SUPD_SRS=RU&SUPD_CMP=N&SALE_15=Y&LICENSE_SIGNED=%7Enew_license24_400_sign-Y
2026-08-11 02:36:25 -  - exec CUpdateClient::GetHTTPPage
2026-08-11 02:36:25 -  - TIME LoadModulesUpdates(request) 0.147 sec
2026-08-11 02:36:25 -  - exec CUpdateClient::ParseServerData
2026-08-11 02:36:26 - S - STEP
2026-08-11 02:36:26 - LMU01 - LoadModulesUpdates-Step
2026-08-11 02:36:26 -  - exec CUpdateClient::LoadModulesUpdates
2026-08-11 02:36:26 -  - exec CUpdateClient::ParseServerData
2026-08-11 02:36:26 -  - loadFile
2026-08-11 02:36:26 - U - RETURN
2026-08-11 02:36:26 -  - exec CUpdateClient::UnGzipArchive
2026-08-11 02:36:26 -  - TIME UnGzipArchive 0.044 sec
2026-08-11 02:36:27 - CSURUS1 - Run updater '/bitrix/updates/update_m1786415786/imopenlines/updater26.600.0.php'
2026-08-11 02:36:27 - CSURUS1 - Run updater '/bitrix/updates/update_m1786415786/imopenlines/updater26.600.0.php'
2026-08-11 02:36:27 - CRUPDCF1 - Run updater '/bitrix/updates/update_m1786415786/imopenlines/updater26.600.0.php': CopyFiles(install/js, js)
2026-08-11 02:36:27 - CRUPDCF1 - Run updater '/bitrix/updates/update_m1786415786/imopenlines/updater26.600.0.php': CopyFiles(install/activities, activities)
2026-08-11 02:36:27 -  - TIME UpdateStepModules 0.143 sec
2026-08-11 02:36:27 - UPD_SUCCESS - Updated: imopenlines (26.600.0)<br><li>Исправлена ошибка с очерёдностью отправки сообщений о создании CRM-сущностей. <li>Исправлена ошибка дублирования сообщений клиентов в открытых линиях при использовании виджета Livechat. <li>Исправлена ошибка, при которой быстрые ответы не менялись при переадресации диалога из одной линии в другую. <li>Добавлен интерфейс для использования быстрых команд. <li>Исправлено отображение счётчика чатов открытых линий. 
2026-08-11 02:36:27 -  - exec CUpdateClient::LoadModulesUpdates
2026-08-11 02:36:27 -  - exec CUpdateClient::CollectRequestData
2026-08-11 02:36:27 -  - LICENSE_KEY=X&lang=ru&SUPD_VER=26.500.0&VERSION=26.650.100&TYPENC=E&SUPD_STS=1&SUPD_URS=1&SUPD_DBS=MYSQL&XE=N&CLIENT_SITE=bx.local&SERVER_NAME=192.168.1.129&CHHB=bx.local%3A443&CSAB=127.0.0.1&SUID=f7vg30ov0a7vr9lgyzcmsjo8apnwonjb&CANGZIP=Y&CLIENT_PHPVER=8.2.30&stable=Y&mbfo=0&NGINX=Y&SMD=N&rerere=Y&bitm_main=26.650.100&bitm_bizprocmobile=26.100.0&bitm_bitrixcloud=25.100.0&bitm_im=26.700.0&bitm_imconnectormobile=25.100.0&bitm_mail=26.600.100&bitm_sale=26.400.0&bitm_forum=26.100.0&bitm_support=26.0.0&bitm_learning=25.0.0&bitm_listsmobile=25.200.0&bitm_catalogmobile=26.100.0&bitm_rpa=26.0.0&bitm_abtest=26.0.0&bitm_humanresources=26.400.0&bitm_conversion=25.0.0&bitm_tasksmobile=26.500.0&bitm_crmmobile=26.300.0&bitm_pull=25.400.0&bitm_ui=26.500.0&bitm_biconnector=26.700.0&bitm_immobile=26.800.0&bitm_webservice=26.0.0&bitm_tasks=26.300.0&bitm_intranetmobile=26.600.0&bitm_currency=26.0.0&bitm_timeman=26.0.0&bitm_calendarmobile=26.400.0&bitm_seo=26.100.0&bitm_fileman=26.0.0&bitm_callmobile=26.600.0&bitm_imbot=26.250.0&bitm_socialservices=26.400.0&bitm_highloadblock=25.100.0&bitm_wiki=26.0.0&bitm_search=25.200.0&bitm_subscribe=25.0.0&bitm_workflow=26.0.0&bitm_iblock=26.0.0&bitm_advertising=24.200.0&bitm_crm=26.700.0&bitm_form=26.0.0&bitm_transformer=25.400.0&bitm_sender=26.300.0&bitm_lists=26.100.0&bitm_clouds=26.0.0&bitm_mobileapp=25.100.0&bitm_storeassist=24.0.0&bitm_xdimport=25.0.0&bitm_intranet=26.900.0&bitm_disk=26.850.0&bitm_calendar=26.0.100&bitm_market=26.0.100&bitm_location=26.200.0&bitm_call=26.600.0&bitm_imopenlines=26.600.0&bitm_photogallery=25.100.0&bitm_extranet=26.200.0&bitm_security=26.200.0&bitm_ai=26.700.0&bitm_dav=26.100.0&bitm_messageservice=26.100.0&bitm_signmobile=26.100.0&bitm_bizproc=26.900.0&bitm_statistic=26.0.0&bitm_landing=26.600.0&bitm_catalog=26.300.0&bitm_mobile=26.850.0&bitm_vote=26.200.0&bitm_booking=26.400.0&bitm_diskmobile=26.200.0&bitm_voximplant=26.500.0&bitm_imconnector=26.200.100&bitm_documentgenerator=26.100.0&bitm_bizprocdesigner=26.500.0&bitm_recyclebin=26.0.0&bitm_socialnetwork=26.0.0&bitm_translate=26.0.0&bitm_mailmobile=26.300.0&bitm_sign=26.400.100&bitm_controller=26.0.0&bitm_perfmon=25.300.0&bitm_blog=26.500.100&bitm_ldap=26.0.0&bitm_salescenter=26.100.0&bitm_b24connector=26.0.0&bitm_report=26.100.0&bitm_rest=26.500.0&bitm_baas=26.200.200&bitm_idea=25.0.0&bitm_meeting=26.0.0&bitm_webdav=23.200.0&bitm_xmpp=21.0.0&bitm_cluster=26.0.0&bitm_note=26.200.100&bitl_en=&bitl_ru=&SUPD_OFC=Portal%3AF%3A%2CCommunications%3AF%3A%2CEnterprise%3AF%3A&SUPD_SRS=RU&SUPD_CMP=N&SALE_15=Y&LICENSE_SIGNED=%7Enew_license24_400_sign-Y
2026-08-11 02:36:27 -  - exec CUpdateClient::GetHTTPPage
2026-08-11 02:36:27 -  - TIME LoadModulesUpdates(request) 0.144 sec
2026-08-11 02:36:27 -  - exec CUpdateClient::ParseServerData
2026-08-11 02:36:27 - S - STEP
2026-08-11 02:36:27 - LMU01 - LoadModulesUpdates-Step
2026-08-11 02:36:28 -  - exec CUpdateClient::LoadModulesUpdates
2026-08-11 02:36:28 -  - exec CUpdateClient::ParseServerData
2026-08-11 02:36:28 -  - loadFile
2026-08-11 02:36:28 - U - RETURN
2026-08-11 02:36:28 -  - exec CUpdateClient::UnGzipArchive
2026-08-11 02:36:28 -  - TIME UnGzipArchive 0.006 sec
2026-08-11 02:36:28 - CRUPDCF1 - Process module 'ui': copyInstallFiles(install/js, js)
2026-08-11 02:36:28 -  - TIME UpdateStepModules 0.022 sec
2026-08-11 02:36:28 - UPD_SUCCESS - Updated: ui (26.550.0)<br><li>Новые иконки в ui.icon-set.</li>
2026-08-11 02:36:29 -  - exec CUpdateClient::LoadModulesUpdates
2026-08-11 02:36:29 -  - exec CUpdateClient::CollectRequestData
2026-08-11 02:36:29 -  - LICENSE_KEY=X&lang=ru&SUPD_VER=26.500.0&VERSION=26.650.100&TYPENC=E&SUPD_STS=1&SUPD_URS=1&SUPD_DBS=MYSQL&XE=N&CLIENT_SITE=bx.local&SERVER_NAME=192.168.1.129&CHHB=bx.local%3A443&CSAB=127.0.0.1&SUID=f7vg30ov0a7vr9lgyzcmsjo8apnwonjb&CANGZIP=Y&CLIENT_PHPVER=8.2.30&stable=Y&mbfo=0&NGINX=Y&SMD=N&rerere=Y&bitm_main=26.650.100&bitm_bizprocmobile=26.100.0&bitm_bitrixcloud=25.100.0&bitm_im=26.700.0&bitm_imconnectormobile=25.100.0&bitm_mail=26.600.100&bitm_sale=26.400.0&bitm_forum=26.100.0&bitm_support=26.0.0&bitm_learning=25.0.0&bitm_listsmobile=25.200.0&bitm_catalogmobile=26.100.0&bitm_rpa=26.0.0&bitm_abtest=26.0.0&bitm_humanresources=26.400.0&bitm_conversion=25.0.0&bitm_tasksmobile=26.500.0&bitm_crmmobile=26.300.0&bitm_pull=25.400.0&bitm_ui=26.550.0&bitm_biconnector=26.700.0&bitm_immobile=26.800.0&bitm_webservice=26.0.0&bitm_tasks=26.300.0&bitm_intranetmobile=26.600.0&bitm_currency=26.0.0&bitm_timeman=26.0.0&bitm_calendarmobile=26.400.0&bitm_seo=26.100.0&bitm_fileman=26.0.0&bitm_callmobile=26.600.0&bitm_imbot=26.250.0&bitm_socialservices=26.400.0&bitm_highloadblock=25.100.0&bitm_wiki=26.0.0&bitm_search=25.200.0&bitm_subscribe=25.0.0&bitm_workflow=26.0.0&bitm_iblock=26.0.0&bitm_advertising=24.200.0&bitm_crm=26.700.0&bitm_form=26.0.0&bitm_transformer=25.400.0&bitm_sender=26.300.0&bitm_lists=26.100.0&bitm_clouds=26.0.0&bitm_mobileapp=25.100.0&bitm_storeassist=24.0.0&bitm_xdimport=25.0.0&bitm_intranet=26.900.0&bitm_disk=26.850.0&bitm_calendar=26.0.100&bitm_market=26.0.100&bitm_location=26.200.0&bitm_call=26.600.0&bitm_imopenlines=26.600.0&bitm_photogallery=25.100.0&bitm_extranet=26.200.0&bitm_security=26.200.0&bitm_ai=26.700.0&bitm_dav=26.100.0&bitm_messageservice=26.100.0&bitm_signmobile=26.100.0&bitm_bizproc=26.900.0&bitm_statistic=26.0.0&bitm_landing=26.600.0&bitm_catalog=26.300.0&bitm_mobile=26.850.0&bitm_vote=26.200.0&bitm_booking=26.400.0&bitm_diskmobile=26.200.0&bitm_voximplant=26.500.0&bitm_imconnector=26.200.100&bitm_documentgenerator=26.100.0&bitm_bizprocdesigner=26.500.0&bitm_recyclebin=26.0.0&bitm_socialnetwork=26.0.0&bitm_translate=26.0.0&bitm_mailmobile=26.300.0&bitm_sign=26.400.100&bitm_controller=26.0.0&bitm_perfmon=25.300.0&bitm_blog=26.500.100&bitm_ldap=26.0.0&bitm_salescenter=26.100.0&bitm_b24connector=26.0.0&bitm_report=26.100.0&bitm_rest=26.500.0&bitm_baas=26.200.200&bitm_idea=25.0.0&bitm_meeting=26.0.0&bitm_webdav=23.200.0&bitm_xmpp=21.0.0&bitm_cluster=26.0.0&bitm_note=26.200.100&bitl_en=&bitl_ru=&SUPD_OFC=Portal%3AF%3A%2CCommunications%3AF%3A%2CEnterprise%3AF%3A&SUPD_SRS=RU&SUPD_CMP=N&SALE_15=Y&LICENSE_SIGNED=%7Enew_license24_400_sign-Y
2026-08-11 02:36:29 -  - exec CUpdateClient::GetHTTPPage
2026-08-11 02:36:29 -  - TIME LoadModulesUpdates(request) 0.148 sec
2026-08-11 02:36:29 -  - exec CUpdateClient::ParseServerData
2026-08-11 02:36:29 - S - STEP
2026-08-11 02:36:29 - LMU01 - LoadModulesUpdates-Step
2026-08-11 02:36:29 -  - exec CUpdateClient::LoadModulesUpdates
2026-08-11 02:36:29 -  - exec CUpdateClient::ParseServerData
2026-08-11 02:36:29 -  - loadFile
2026-08-11 02:36:30 - U - RETURN
2026-08-11 02:36:30 -  - exec CUpdateClient::UnGzipArchive
2026-08-11 02:36:30 -  - TIME UnGzipArchive 0.071 sec
2026-08-11 02:36:30 - CSURUS1 - Run updater '/bitrix/updates/update_m1786415790/note/updater26.250.0.php'
2026-08-11 02:36:30 - CSURUS1 - Run updater '/bitrix/updates/update_m1786415790/note/updater26.250.0.php'
2026-08-11 02:36:30 - CRUPDCF1 - Process module 'note': copyInstallFiles(install/js, js)
2026-08-11 02:36:30 -  - TIME UpdateStepModules 0.183 sec
2026-08-11 02:36:30 - UPD_SUCCESS - Updated: note (26.250.0)<br><li>Техническое обновление API модуля Базы знаний 2.0. 
2026-08-11 02:36:31 -  - exec CUpdateClient::LoadModulesUpdates
2026-08-11 02:36:31 -  - exec CUpdateClient::CollectRequestData
2026-08-11 02:36:31 -  - LICENSE_KEY=X&lang=ru&SUPD_VER=26.500.0&VERSION=26.650.100&TYPENC=E&SUPD_STS=1&SUPD_URS=1&SUPD_DBS=MYSQL&XE=N&CLIENT_SITE=bx.local&SERVER_NAME=192.168.1.129&CHHB=bx.local%3A443&CSAB=127.0.0.1&SUID=f7vg30ov0a7vr9lgyzcmsjo8apnwonjb&CANGZIP=Y&CLIENT_PHPVER=8.2.30&stable=Y&mbfo=0&NGINX=Y&SMD=N&rerere=Y&bitm_main=26.650.100&bitm_bizprocmobile=26.100.0&bitm_bitrixcloud=25.100.0&bitm_im=26.700.0&bitm_imconnectormobile=25.100.0&bitm_mail=26.600.100&bitm_sale=26.400.0&bitm_forum=26.100.0&bitm_support=26.0.0&bitm_learning=25.0.0&bitm_listsmobile=25.200.0&bitm_catalogmobile=26.100.0&bitm_rpa=26.0.0&bitm_abtest=26.0.0&bitm_humanresources=26.400.0&bitm_conversion=25.0.0&bitm_tasksmobile=26.500.0&bitm_crmmobile=26.300.0&bitm_pull=25.400.0&bitm_ui=26.550.0&bitm_biconnector=26.700.0&bitm_immobile=26.800.0&bitm_webservice=26.0.0&bitm_tasks=26.300.0&bitm_intranetmobile=26.600.0&bitm_currency=26.0.0&bitm_timeman=26.0.0&bitm_calendarmobile=26.400.0&bitm_seo=26.100.0&bitm_fileman=26.0.0&bitm_callmobile=26.600.0&bitm_imbot=26.250.0&bitm_socialservices=26.400.0&bitm_highloadblock=25.100.0&bitm_wiki=26.0.0&bitm_search=25.200.0&bitm_subscribe=25.0.0&bitm_workflow=26.0.0&bitm_iblock=26.0.0&bitm_advertising=24.200.0&bitm_crm=26.700.0&bitm_form=26.0.0&bitm_transformer=25.400.0&bitm_sender=26.300.0&bitm_lists=26.100.0&bitm_clouds=26.0.0&bitm_mobileapp=25.100.0&bitm_storeassist=24.0.0&bitm_xdimport=25.0.0&bitm_intranet=26.900.0&bitm_disk=26.850.0&bitm_calendar=26.0.100&bitm_market=26.0.100&bitm_location=26.200.0&bitm_call=26.600.0&bitm_imopenlines=26.600.0&bitm_photogallery=25.100.0&bitm_extranet=26.200.0&bitm_security=26.200.0&bitm_ai=26.700.0&bitm_dav=26.100.0&bitm_messageservice=26.100.0&bitm_signmobile=26.100.0&bitm_bizproc=26.900.0&bitm_statistic=26.0.0&bitm_landing=26.600.0&bitm_catalog=26.300.0&bitm_mobile=26.850.0&bitm_vote=26.200.0&bitm_booking=26.400.0&bitm_diskmobile=26.200.0&bitm_voximplant=26.500.0&bitm_imconnector=26.200.100&bitm_documentgenerator=26.100.0&bitm_bizprocdesigner=26.500.0&bitm_recyclebin=26.0.0&bitm_socialnetwork=26.0.0&bitm_translate=26.0.0&bitm_mailmobile=26.300.0&bitm_sign=26.400.100&bitm_controller=26.0.0&bitm_perfmon=25.300.0&bitm_blog=26.500.100&bitm_ldap=26.0.0&bitm_salescenter=26.100.0&bitm_b24connector=26.0.0&bitm_report=26.100.0&bitm_rest=26.500.0&bitm_baas=26.200.200&bitm_idea=25.0.0&bitm_meeting=26.0.0&bitm_webdav=23.200.0&bitm_xmpp=21.0.0&bitm_cluster=26.0.0&bitm_note=26.250.0&bitl_en=&bitl_ru=&SUPD_OFC=Portal%3AF%3A%2CCommunications%3AF%3A%2CEnterprise%3AF%3A&SUPD_SRS=RU&SUPD_CMP=N&SALE_15=Y&LICENSE_SIGNED=%7Enew_license24_400_sign-Y
2026-08-11 02:36:31 -  - exec CUpdateClient::GetHTTPPage
2026-08-11 02:36:31 -  - TIME LoadModulesUpdates(request) 0.143 sec
2026-08-11 02:36:31 -  - exec CUpdateClient::ParseServerData
2026-08-11 02:36:31 - STEP - Finish - NOUPDATES
2026-08-11 02:36:31 - STEP - Finish - NOUPDATES
2026-08-11 02:38:22 -  - exec CUpdateClient::GetUpdatesList
2026-08-11 02:38:22 -  - exec CUpdateClient::CollectRequestData
2026-08-11 02:38:22 -  - LICENSE_KEY=X&lang=ru&SUPD_VER=26.500.0&VERSION=26.650.100&TYPENC=E&SUPD_STS=1&SUPD_URS=1&SUPD_DBS=MYSQL&XE=N&CLIENT_SITE=bx.local&SERVER_NAME=192.168.1.129&CHHB=bx.local%3A443&CSAB=127.0.0.1&SUID=f7vg30ov0a7vr9lgyzcmsjo8apnwonjb&CANGZIP=Y&CLIENT_PHPVER=8.2.30&stable=Y&mbfo=0&NGINX=Y&SMD=N&rerere=Y&bitm_main=26.650.100&bitm_bizprocmobile=26.100.0&bitm_bitrixcloud=25.100.0&bitm_im=26.700.0&bitm_imconnectormobile=25.100.0&bitm_mail=26.600.100&bitm_sale=26.400.0&bitm_forum=26.100.0&bitm_support=26.0.0&bitm_learning=25.0.0&bitm_listsmobile=25.200.0&bitm_catalogmobile=26.100.0&bitm_rpa=26.0.0&bitm_abtest=26.0.0&bitm_humanresources=26.400.0&bitm_conversion=25.0.0&bitm_tasksmobile=26.500.0&bitm_crmmobile=26.300.0&bitm_pull=25.400.0&bitm_ui=26.550.0&bitm_biconnector=26.700.0&bitm_immobile=26.800.0&bitm_webservice=26.0.0&bitm_tasks=26.300.0&bitm_intranetmobile=26.600.0&bitm_currency=26.0.0&bitm_timeman=26.0.0&bitm_calendarmobile=26.400.0&bitm_seo=26.100.0&bitm_fileman=26.0.0&bitm_callmobile=26.600.0&bitm_imbot=26.250.0&bitm_socialservices=26.400.0&bitm_highloadblock=25.100.0&bitm_wiki=26.0.0&bitm_search=25.200.0&bitm_subscribe=25.0.0&bitm_workflow=26.0.0&bitm_iblock=26.0.0&bitm_advertising=24.200.0&bitm_crm=26.700.0&bitm_form=26.0.0&bitm_transformer=25.400.0&bitm_sender=26.300.0&bitm_lists=26.100.0&bitm_clouds=26.0.0&bitm_mobileapp=25.100.0&bitm_storeassist=24.0.0&bitm_xdimport=25.0.0&bitm_intranet=26.900.0&bitm_disk=26.850.0&bitm_calendar=26.0.100&bitm_market=26.0.100&bitm_location=26.200.0&bitm_call=26.600.0&bitm_imopenlines=26.600.0&bitm_photogallery=25.100.0&bitm_extranet=26.200.0&bitm_security=26.200.0&bitm_ai=26.700.0&bitm_dav=26.100.0&bitm_messageservice=26.100.0&bitm_signmobile=26.100.0&bitm_bizproc=26.900.0&bitm_statistic=26.0.0&bitm_landing=26.600.0&bitm_catalog=26.300.0&bitm_mobile=26.850.0&bitm_vote=26.200.0&bitm_booking=26.400.0&bitm_diskmobile=26.200.0&bitm_voximplant=26.500.0&bitm_imconnector=26.200.100&bitm_documentgenerator=26.100.0&bitm_bizprocdesigner=26.500.0&bitm_recyclebin=26.0.0&bitm_socialnetwork=26.0.0&bitm_translate=26.0.0&bitm_mailmobile=26.300.0&bitm_sign=26.400.100&bitm_controller=26.0.0&bitm_perfmon=25.300.0&bitm_blog=26.500.100&bitm_ldap=26.0.0&bitm_salescenter=26.100.0&bitm_b24connector=26.0.0&bitm_report=26.100.0&bitm_rest=26.500.0&bitm_baas=26.200.200&bitm_idea=25.0.0&bitm_meeting=26.0.0&bitm_webdav=23.200.0&bitm_xmpp=21.0.0&bitm_cluster=26.0.0&bitm_note=26.250.0&bitl_en=&bitl_ru=&SUPD_OFC=Portal%3AF%3A%2CCommunications%3AF%3A%2CEnterprise%3AF%3A&SUPD_SRS=RU&SUPD_CMP=N&SALE_15=Y&LICENSE_SIGNED=%7Enew_license24_400_sign-Y
2026-08-11 02:38:22 -  - exec CUpdateClient::GetHTTPPage
2026-08-11 02:38:23 -  - TIME GetUpdatesList(request) 0.152 sec
2026-08-11 02:38:23 -  - exec CUpdateClient::ParseServerData
